near_pair_number,left_position,right_position,left_row_id,right_row_id,left_payload_group_id,right_payload_group_id,same_payload_group,left_label,right_label,cosine_similarity,threshold
1,371,2297,detector_pair__06c04e4ffb6e50e698a3f876__rankcloak,detector_pair__3254af7504033dc849ca926c__rankcloak,revision_v1_sha256_hex_028,revision_v1_uuid_v4_005,False,1,1,0.9999999403953552,0.95
2,654,4770,detector_pair__0d2feb58264e97727b62716d__ordinary_control,detector_pair__65f641a48c34b928a59a369e__ordinary_control,revision_v1_nonce_96_bit_hex_056,revision_v1_nonce_96_bit_hex_038,False,0,0,0.9813397526741028,0.95
3,654,4550,detector_pair__0d2feb58264e97727b62716d__ordinary_control,detector_pair__61e2bc3abf585d85b5484d83__ordinary_control,revision_v1_nonce_96_bit_hex_056,revision_v1_nonce_96_bit_hex_038,False,0,0,0.9647804498672485,0.95
4,806,8966,detector_pair__10b180cb50c3cba5e89e373b__ordinary_control,detector_pair__bfe74909c89591c16b2b831b__ordinary_control,revision_v1_nonce_96_bit_hex_034,revision_v1_nonce_96_bit_hex_016,False,0,0,0.9544358849525452,0.95
5,1209,11743,detector_pair__19c220c733b33ed332dc5baa__rankcloak,detector_pair__f9db83cc35ecfed7c6e10180__rankcloak,revision_v1_token_128_bit_hex_000,revision_v1_nonce_96_bit_hex_026,False,1,1,0.997299313545227,0.95
6,1209,2515,detector_pair__19c220c733b33ed332dc5baa__rankcloak,detector_pair__36b4cf7c4eed5a9557721563__rankcloak,revision_v1_token_128_bit_hex_000,revision_v1_nonce_96_bit_hex_026,False,1,1,0.9966232776641846,0.95
7,1209,7913,detector_pair__19c220c733b33ed332dc5baa__rankcloak,detector_pair__a9f71380d26eb8d2f49a16e2__rankcloak,revision_v1_token_128_bit_hex_000,revision_v1_sha256_hex_042,False,1,1,0.9902626276016235,0.95
8,1209,10709,detector_pair__19c220c733b33ed332dc5baa__rankcloak,detector_pair__e43e89ac1fba6db8a90419da__rankcloak,revision_v1_token_128_bit_hex_000,revision_v1_hmac_sha256_hex_033,False,1,1,0.9891217947006226,0.95
9,1253,5103,detector_pair__1ab5731aa3746ffeef3736ed__rankcloak,detector_pair__6d5568e44190fb00f34814f8__rankcloak,revision_v1_hmac_sha256_hex_043,revision_v1_hmac_sha256_hex_043,True,1,1,0.950715959072113,0.95
10,2515,11743,detector_pair__36b4cf7c4eed5a9557721563__rankcloak,detector_pair__f9db83cc35ecfed7c6e10180__rankcloak,revision_v1_nonce_96_bit_hex_026,revision_v1_nonce_96_bit_hex_026,True,1,1,0.9985132217407227,0.95
11,2515,10709,detector_pair__36b4cf7c4eed5a9557721563__rankcloak,detector_pair__e43e89ac1fba6db8a90419da__rankcloak,revision_v1_nonce_96_bit_hex_026,revision_v1_hmac_sha256_hex_033,False,1,1,0.9926512837409973,0.95
12,2515,7913,detector_pair__36b4cf7c4eed5a9557721563__rankcloak,detector_pair__a9f71380d26eb8d2f49a16e2__rankcloak,revision_v1_nonce_96_bit_hex_026,revision_v1_sha256_hex_042,False,1,1,0.9891878366470337,0.95
13,3185,10915,detector_pair__42e8e2dccc503dd587fb6111__rankcloak,detector_pair__e86482cfa7f56711cb68ed06__rankcloak,revision_v1_hmac_sha256_hex_038,revision_v1_hmac_sha256_hex_038,True,1,1,0.9686101078987122,0.95
14,3238,11572,detector_pair__43b6d23f1dfbc632200775e3__ordinary_control,detector_pair__f62c2a148006bbabd4f01f8a__ordinary_control,revision_v1_chacha20_poly1305_base64_001,revision_v1_chacha20_poly1305_base64_030,False,0,0,0.9888005256652832,0.95
15,3238,10204,detector_pair__43b6d23f1dfbc632200775e3__ordinary_control,detector_pair__d9d1a32015a054ab76155810__ordinary_control,revision_v1_chacha20_poly1305_base64_001,revision_v1_sha256_hex_018,False,0,0,0.972524881362915,0.95
16,3238,4699,detector_pair__43b6d23f1dfbc632200775e3__ordinary_control,detector_pair__648ab58c3042d3f83cb682e2__rankcloak,revision_v1_chacha20_poly1305_base64_001,revision_v1_sha256_hex_018,False,0,1,0.963849663734436,0.95
17,4550,11464,detector_pair__61e2bc3abf585d85b5484d83__ordinary_control,detector_pair__f39cd7adca8539d94f09e09a__ordinary_control,revision_v1_nonce_96_bit_hex_038,revision_v1_nonce_96_bit_hex_020,False,0,0,0.9815046787261963,0.95
18,4699,11572,detector_pair__648ab58c3042d3f83cb682e2__rankcloak,detector_pair__f62c2a148006bbabd4f01f8a__ordinary_control,revision_v1_sha256_hex_018,revision_v1_chacha20_poly1305_base64_030,False,1,0,0.9686685800552368,0.95
19,4699,10204,detector_pair__648ab58c3042d3f83cb682e2__rankcloak,detector_pair__d9d1a32015a054ab76155810__ordinary_control,revision_v1_sha256_hex_018,revision_v1_sha256_hex_018,True,1,0,0.9634999632835388,0.95
20,4770,11464,detector_pair__65f641a48c34b928a59a369e__ordinary_control,detector_pair__f39cd7adca8539d94f09e09a__ordinary_control,revision_v1_nonce_96_bit_hex_038,revision_v1_nonce_96_bit_hex_020,False,0,0,0.964067280292511,0.95
21,5488,9760,detector_pair__761ad38b5fdde48a5b6a9c8d__ordinary_control,detector_pair__d0d2942b7ea9413b20cae06a__ordinary_control,revision_v1_nonce_96_bit_hex_046,revision_v1_nonce_96_bit_hex_028,False,0,0,0.9581899046897888,0.95
22,5852,7344,detector_pair__7da00419a47a083916ffbe23__ordinary_control,detector_pair__9e760b4e3d1b9389c694919c__ordinary_control,revision_v1_nonce_96_bit_hex_034,revision_v1_nonce_96_bit_hex_016,False,0,0,0.9876073002815247,0.95
23,7104,7206,detector_pair__996f64a4b102d775b3ddcdf0__ordinary_control,detector_pair__9b6c0f9e36410e3300d1c44b__ordinary_control,revision_v1_uuid_v4_050,revision_v1_token_128_bit_hex_039,False,0,0,0.9658899307250977,0.95
24,7913,11743,detector_pair__a9f71380d26eb8d2f49a16e2__rankcloak,detector_pair__f9db83cc35ecfed7c6e10180__rankcloak,revision_v1_sha256_hex_042,revision_v1_nonce_96_bit_hex_026,False,1,1,0.989703357219696,0.95
25,7913,10709,detector_pair__a9f71380d26eb8d2f49a16e2__rankcloak,detector_pair__e43e89ac1fba6db8a90419da__rankcloak,revision_v1_sha256_hex_042,revision_v1_hmac_sha256_hex_033,False,1,1,0.9816974401473999,0.95
26,8928,10300,detector_pair__bf08b994ceb18d2853f699ee__ordinary_control,detector_pair__db794072ed4fa8f2cc00c7c8__ordinary_control,revision_v1_nonce_96_bit_hex_031,revision_v1_nonce_96_bit_hex_031,True,0,0,0.9949333071708679,0.95
27,10204,11572,detector_pair__d9d1a32015a054ab76155810__ordinary_control,detector_pair__f62c2a148006bbabd4f01f8a__ordinary_control,revision_v1_sha256_hex_018,revision_v1_chacha20_poly1305_base64_030,False,0,0,0.9766106605529785,0.95
28,10709,11743,detector_pair__e43e89ac1fba6db8a90419da__rankcloak,detector_pair__f9db83cc35ecfed7c6e10180__rankcloak,revision_v1_hmac_sha256_hex_033,revision_v1_nonce_96_bit_hex_026,False,1,1,0.9912146925926208,0.95
29,11190,11572,detector_pair__ed8ea75b5a9cfb139b4c1dbc__ordinary_control,detector_pair__f62c2a148006bbabd4f01f8a__ordinary_control,revision_v1_sha256_hex_054,revision_v1_chacha20_poly1305_base64_030,False,0,0,0.9520013332366943,0.95
30,12024,12363,entropy_generated__entropy_trial__008cf9d822bbce2de9cdf4a0,entropy_generated__entropy_trial__7acc163d4251bac86a13bd46,revision_v1_hmac_sha256_hex_003,revision_v1_hmac_sha256_hex_003,True,0,0,0.9647656083106995,0.95
31,12027,12422,entropy_generated__entropy_trial__018029304d78cb5994214720,entropy_generated__entropy_trial__8f0e985b8f3f6cc6be1bf1f8,revision_v1_chacha20_poly1305_base64_003,revision_v1_chacha20_poly1305_base64_003,True,0,0,0.978447437286377,0.95
32,12027,12350,entropy_generated__entropy_trial__018029304d78cb5994214720,entropy_generated__entropy_trial__77685019aadc7681614e0a2f,revision_v1_chacha20_poly1305_base64_003,revision_v1_chacha20_poly1305_base64_003,True,0,0,0.9673911929130554,0.95
33,12031,12666,entropy_generated__entropy_trial__03b7e27c95e72ae0892a4c49,entropy_generated__entropy_trial__f0c30fa8cddcf1ffc737616b,revision_v1_chacha20_poly1305_base64_003,revision_v1_chacha20_poly1305_base64_003,True,0,0,0.9860546588897705,0.95
34,12031,12530,entropy_generated__entropy_trial__03b7e27c95e72ae0892a4c49,entropy_generated__entropy_trial__b6792f50b6484ed034fe7353,revision_v1_chacha20_poly1305_base64_003,revision_v1_chacha20_poly1305_base64_003,True,0,0,0.9803189039230347,0.95
35,12038,12222,entropy_generated__entropy_trial__0541630e1f16623d47d699ac,entropy_generated__entropy_trial__481bbebfb540abb731272f92,revision_v1_sha256_hex_003,revision_v1_sha256_hex_003,True,0,0,0.9731167554855347,0.95
36,12039,12630,entropy_generated__entropy_trial__05c767f2f0cf9a31f5b11fe5,entropy_generated__entropy_trial__e264eb7b4b8d835bd604c142,revision_v1_ed25519_signature_base64_041,revision_v1_ed25519_signature_base64_041,True,0,0,0.9816568493843079,0.95
37,12039,12463,entropy_generated__entropy_trial__05c767f2f0cf9a31f5b11fe5,entropy_generated__entropy_trial__9cc2a5b2da50d2273bf20a2f,revision_v1_ed25519_signature_base64_041,revision_v1_ed25519_signature_base64_041,True,0,0,0.9634409546852112,0.95
38,12052,12289,entropy_generated__entropy_trial__0c66f80324a27be9d3f7caa5,entropy_generated__entropy_trial__5f8f7b05631fb68ec448b68b,revision_v1_chacha20_poly1305_base64_041,revision_v1_chacha20_poly1305_base64_041,True,0,0,0.9956589341163635,0.95
39,12054,12186,entropy_generated__entropy_trial__0ce636dc9b8edefc8ff4d2e4,entropy_generated__entropy_trial__3d73ce9aea5ebdf50d9fc8f2,revision_v1_nonce_96_bit_hex_003,revision_v1_nonce_96_bit_hex_003,True,0,0,0.963036060333252,0.95
40,12056,12244,entropy_generated__entropy_trial__0d7afaa2f34791cd18c2bbed,entropy_generated__entropy_trial__51f09771dc1986b41ff9d94d,revision_v1_token_128_bit_hex_003,revision_v1_token_128_bit_hex_003,True,0,0,0.9537214040756226,0.95
41,12074,12126,entropy_generated__entropy_trial__1420cdde5de7bca869f14165,entropy_generated__entropy_trial__27d137efc838eb6821fac4d6,revision_v1_nonce_96_bit_hex_041,revision_v1_nonce_96_bit_hex_041,True,0,0,0.9618576169013977,0.95
42,12150,12471,entropy_generated__entropy_trial__303a65ee627f220815abc49a,entropy_generated__entropy_trial__9e1b15602390523c4153f2de,revision_v1_aes256_gcm_base64_041,revision_v1_aes256_gcm_base64_041,True,0,0,0.9553393125534058,0.95
43,12153,12594,entropy_generated__entropy_trial__310b4115e573c493dd537d0f,entropy_generated__entropy_trial__d461cc6f2fcc3b1d3980bf25,revision_v1_nonce_96_bit_hex_041,revision_v1_nonce_96_bit_hex_041,True,0,0,0.9836899638175964,0.95
44,12155,12587,entropy_generated__entropy_trial__32c708b622a399c57dfe4058,entropy_generated__entropy_trial__d29b512241cedce487966d57,revision_v1_ed25519_signature_base64_041,revision_v1_ed25519_signature_base64_041,True,0,0,0.9657838940620422,0.95
45,12163,12344,entropy_generated__entropy_trial__34ac9f64dea1aff2d96c9edd,entropy_generated__entropy_trial__751e21987b5779f7984cbdf9,revision_v1_hmac_sha256_hex_003,revision_v1_hmac_sha256_hex_003,True,0,0,0.9919983744621277,0.95
46,12179,12270,entropy_generated__entropy_trial__38814ac106b0a40b7ede31d7,entropy_generated__entropy_trial__59c4105e2d74fecc1da02952,revision_v1_chacha20_poly1305_base64_041,revision_v1_chacha20_poly1305_base64_041,True,0,0,0.9833045601844788,0.95
47,12217,12609,entropy_generated__entropy_trial__466c9121b8fe9a21f5a7f016,entropy_generated__entropy_trial__dc0dfd63d12eb98153a2f9e4,revision_v1_token_128_bit_hex_041,revision_v1_token_128_bit_hex_041,True,0,0,0.9654449820518494,0.95
48,12266,12510,entropy_generated__entropy_trial__593d3b96c002468e33d282ec,entropy_generated__entropy_trial__ae17786bf8252d37ec455ba2,revision_v1_token_128_bit_hex_041,revision_v1_token_128_bit_hex_041,True,0,0,0.9894535541534424,0.95
49,12272,12597,entropy_generated__entropy_trial__5a893c4f7861081bd25f24da,entropy_generated__entropy_trial__d52369295ef3c42524ad7bdd,revision_v1_hmac_sha256_hex_003,revision_v1_hmac_sha256_hex_003,True,0,0,0.9739071726799011,0.95
50,12290,12669,entropy_generated__entropy_trial__5f920b2aae9a54717e3d2140,entropy_generated__entropy_trial__f172aaee1fe3da8c1702d931,revision_v1_uuid_v4_003,revision_v1_uuid_v4_003,True,0,0,0.9755693078041077,0.95
51,12314,12517,entropy_generated__entropy_trial__68976d595d40230683b8b059,entropy_generated__entropy_trial__b10c3809d92d9d874f8d6350,revision_v1_hmac_sha256_hex_041,revision_v1_hmac_sha256_hex_041,True,0,0,0.9525684118270874,0.95
52,12321,12458,entropy_generated__entropy_trial__6b4546cea4cdff49d348da8b,entropy_generated__entropy_trial__9b8dba507d0d4b0e8be232be,revision_v1_token_128_bit_hex_003,revision_v1_token_128_bit_hex_003,True,0,0,0.9857885837554932,0.95
53,12328,12650,entropy_generated__entropy_trial__6e66bd7f4e0c50e68bd43e83,entropy_generated__entropy_trial__ea7149ee83efcab0b201273e,revision_v1_nonce_96_bit_hex_003,revision_v1_nonce_96_bit_hex_003,True,0,0,0.9935294985771179,0.95
54,12328,12335,entropy_generated__entropy_trial__6e66bd7f4e0c50e68bd43e83,entropy_generated__entropy_trial__7254aa3ef3b6791110633068,revision_v1_nonce_96_bit_hex_003,revision_v1_nonce_96_bit_hex_003,True,0,0,0.9789552688598633,0.95
55,12335,12650,entropy_generated__entropy_trial__7254aa3ef3b6791110633068,entropy_generated__entropy_trial__ea7149ee83efcab0b201273e,revision_v1_nonce_96_bit_hex_003,revision_v1_nonce_96_bit_hex_003,True,0,0,0.972620964050293,0.95
56,12338,12544,entropy_generated__entropy_trial__73dbef5e7189805be2f73706,entropy_generated__entropy_trial__bce58014ef084433fd03252f,revision_v1_sha256_hex_041,revision_v1_sha256_hex_041,True,0,0,0.9823637008666992,0.95
57,12340,12549,entropy_generated__entropy_trial__7440d776f9b7e07d0ef23e02,entropy_generated__entropy_trial__c0316a08411df9be56bce7e1,revision_v1_uuid_v4_041,revision_v1_uuid_v4_041,True,0,0,0.965864896774292,0.95
58,12342,12607,entropy_generated__entropy_trial__746240a3fd44db153ac1de6f,entropy_generated__entropy_trial__dae8a6fcc2f5b482b692b459,revision_v1_aes256_gcm_base64_003,revision_v1_aes256_gcm_base64_003,True,0,0,0.9653037190437317,0.95
59,12342,12574,entropy_generated__entropy_trial__746240a3fd44db153ac1de6f,entropy_generated__entropy_trial__cc005ea82c2fe5219ad969fd,revision_v1_aes256_gcm_base64_003,revision_v1_aes256_gcm_base64_003,True,0,0,0.9651059508323669,0.95
60,12353,12525,entropy_generated__entropy_trial__77fbe824ef00a652c5f8ca95,entropy_generated__entropy_trial__b2fb1f357805bce97402f2c0,revision_v1_aes256_gcm_base64_003,revision_v1_aes256_gcm_base64_003,True,0,0,1.0,0.95
61,12353,12642,entropy_generated__entropy_trial__77fbe824ef00a652c5f8ca95,entropy_generated__entropy_trial__e7f27a3ef12c8774fda79893,revision_v1_aes256_gcm_base64_003,revision_v1_aes256_gcm_base64_003,True,0,0,1.0,0.95
62,12370,12713,entropy_generated__entropy_trial__7c44af31f00149180026b30b,entropy_generated__entropy_trial__ffae2d639a5a431f770431a7,revision_v1_token_128_bit_hex_003,revision_v1_token_128_bit_hex_003,True,0,0,0.9989135265350342,0.95
63,12399,12426,entropy_generated__entropy_trial__8567bc1450fe4546145152c7,entropy_generated__entropy_trial__90477ab3ad82e82c16587384,revision_v1_ed25519_signature_base64_003,revision_v1_ed25519_signature_base64_003,True,0,0,0.992011547088623,0.95
64,12399,12707,entropy_generated__entropy_trial__8567bc1450fe4546145152c7,entropy_generated__entropy_trial__fe20380850a3779d9413c8f1,revision_v1_ed25519_signature_base64_003,revision_v1_ed25519_signature_base64_003,True,0,0,0.9808087944984436,0.95
65,12401,12406,entropy_generated__entropy_trial__86030d372f037ccc3761fd35,entropy_generated__entropy_trial__8a3a9b63031d734f6d4581ff,revision_v1_uuid_v4_041,revision_v1_uuid_v4_041,True,0,0,0.9747148752212524,0.95
66,12416,12491,entropy_generated__entropy_trial__8c28d3601e04c2ac77ac60b2,entropy_generated__entropy_trial__a585d7948b17b462f5fbcafc,revision_v1_uuid_v4_041,revision_v1_uuid_v4_041,True,1,1,0.9540985226631165,0.95
67,12421,12596,entropy_generated__entropy_trial__8e496f92547aa21828a5955d,entropy_generated__entropy_trial__d4c1be3a1523bddafe93ecdf,revision_v1_nonce_96_bit_hex_003,revision_v1_nonce_96_bit_hex_003,True,0,0,0.95088791847229,0.95
68,12426,12707,entropy_generated__entropy_trial__90477ab3ad82e82c16587384,entropy_generated__entropy_trial__fe20380850a3779d9413c8f1,revision_v1_ed25519_signature_base64_003,revision_v1_ed25519_signature_base64_003,True,0,0,0.9735535979270935,0.95
69,12428,12457,entropy_generated__entropy_trial__917d64a0a782326075079db8,entropy_generated__entropy_trial__9b5e26a462550b8560dd8fb2,revision_v1_chacha20_poly1305_base64_003,revision_v1_chacha20_poly1305_base64_003,True,0,0,0.9530415534973145,0.95
70,12437,12450,entropy_generated__entropy_trial__93e274e6389735432695ed02,entropy_generated__entropy_trial__9834e60a0b10085e618d7901,revision_v1_aes256_gcm_base64_003,revision_v1_aes256_gcm_base64_003,True,0,0,0.9989980459213257,0.95
71,12446,12550,entropy_generated__entropy_trial__96f1a8b0c681fd5efb1cbcbf,entropy_generated__entropy_trial__c10367f0c468cdc055660410,revision_v1_nonce_96_bit_hex_041,revision_v1_nonce_96_bit_hex_041,True,0,0,0.9785546064376831,0.95
72,12464,12654,entropy_generated__entropy_trial__9cdba390d3b6b88c8fcf7f66,entropy_generated__entropy_trial__ebb455e1881588a345de0763,revision_v1_uuid_v4_003,revision_v1_uuid_v4_003,True,0,0,0.9802195429801941,0.95
73,12515,12585,entropy_generated__entropy_trial__b0e5645fd6a76209f1b2b5fd,entropy_generated__entropy_trial__d157b0eda2a3837f5140c371,revision_v1_ed25519_signature_base64_003,revision_v1_ed25519_signature_base64_003,True,0,0,0.9999171495437622,0.95
74,12525,12642,entropy_generated__entropy_trial__b2fb1f357805bce97402f2c0,entropy_generated__entropy_trial__e7f27a3ef12c8774fda79893,revision_v1_aes256_gcm_base64_003,revision_v1_aes256_gcm_base64_003,True,0,0,1.0,0.95
75,12530,12666,entropy_generated__entropy_trial__b6792f50b6484ed034fe7353,entropy_generated__entropy_trial__f0c30fa8cddcf1ffc737616b,revision_v1_chacha20_poly1305_base64_003,revision_v1_chacha20_poly1305_base64_003,True,0,0,0.9922509789466858,0.95
76,12574,12607,entropy_generated__entropy_trial__cc005ea82c2fe5219ad969fd,entropy_generated__entropy_trial__dae8a6fcc2f5b482b692b459,revision_v1_aes256_gcm_base64_003,revision_v1_aes256_gcm_base64_003,True,0,0,0.9996297955513,0.95
77,12621,12680,entropy_generated__entropy_trial__df549ee771b279b06525fd16,entropy_generated__entropy_trial__f3d6c43b3f98e34920570b11,revision_v1_hmac_sha256_hex_003,revision_v1_hmac_sha256_hex_003,True,0,0,0.9993724822998047,0.95
