payload_name,rank_count,mean_rank,median_rank,max_rank,p90_rank,p95_rank,fraction_rank_le_1,fraction_rank_le_5,fraction_rank_le_16,fraction_rank_le_64,payload_kind,model_loaded,skip_reason
sha256_public_test_string,37,212.1081081081081,17.0,1986,715.3999999999994,1126.3999999999994,0.08108108108108109,0.24324324324324326,0.4864864864864865,0.6216216216216216,sha256_hex,True,
random_128_bit_hex,18,504.5,72.0,5216,1330.1000000000001,2113.4999999999945,0.0,0.2222222222222222,0.3888888888888889,0.3888888888888889,random_hex,True,
random_256_bit_hex,38,234.60526315789474,13.5,2966,655.5000000000024,1225.05,0.0,0.3157894736842105,0.5526315789473685,0.631578947368421,random_hex,True,
nonce_96_bit_hex,14,753.0,76.0,7176,1012.3000000000002,3212.299999999998,0.0,0.14285714285714285,0.42857142857142855,0.42857142857142855,nonce_hex,True,
uuidv4_like,21,6098.714285714285,13.0,123618,975.0,2747.0,0.047619047619047616,0.2857142857142857,0.5238095238095238,0.6666666666666666,uuid,True,
fake_bearer_token_like,34,2677.294117647059,48.0,69682,1398.5,4923.449999999981,0.029411764705882353,0.11764705882352941,0.20588235294117646,0.5588235294117647,bearer_like,True,
fake_hmac_tag_like,42,2181.309523809524,9.5,74428,1283.4999999999998,2318.1499999999996,0.07142857142857142,0.30952380952380953,0.5714285714285714,0.6428571428571429,hmac_like,True,
invalid_jwt_like,136,973.8308823529412,2.0,103132,51.5,736.25,0.41911764705882354,0.6691176470588235,0.7941176470588235,0.9117647058823529,jwt_like,True,
ciphertext_like_base64,46,1308.195652173913,33.5,47992,1007.5,1204.75,0.0,0.043478260869565216,0.21739130434782608,0.5652173913043478,ciphertext_like,True,
