trial_id,model_id,payload_name,replay_mode,exact_rank_replay,exact_payload_recovery,exact_recovery,recovery_outcome_semantics,forced_token_count,full_token_count,mean_log_probability,protocol_contract_revision,result_schema_revision,evidence_status
revision_v1_smoke_v3_payload_fidelity_v2__561e8276b841184fbf17,llama3_8b_instruct_q4_k_m,revision_v1_ed25519_signature_base64_017,detokenized_text_retokenized,1,1,1,original_serialized_payload_bytes_sha256_v1,60,60,-7.417742680973514,payload_fidelity_v2,payload_aware_result_v2,exploratory_smoke_v3_payload_fidelity_v2_not_for_confirmatory_pooling
revision_v1_smoke_v3_payload_fidelity_v2__561e8276b841184fbf17,llama3_8b_instruct_q4_k_m,revision_v1_ed25519_signature_base64_017,greedy_leadin_regeneration,1,1,1,original_serialized_payload_bytes_sha256_v1,60,60,-7.417742680973514,payload_fidelity_v2,payload_aware_result_v2,exploratory_smoke_v3_payload_fidelity_v2_not_for_confirmatory_pooling
revision_v1_smoke_v3_payload_fidelity_v2__561e8276b841184fbf17,llama3_8b_instruct_q4_k_m,revision_v1_ed25519_signature_base64_017,saved_token_ids,1,1,1,original_serialized_payload_bytes_sha256_v1,60,60,-7.417742680973514,payload_fidelity_v2,payload_aware_result_v2,exploratory_smoke_v3_payload_fidelity_v2_not_for_confirmatory_pooling
revision_v1_smoke_v3_payload_fidelity_v2__79313d567cab6c769ae2,mistral_7b_instruct_v0_3_q4_k_m,revision_v1_ed25519_signature_base64_015,detokenized_text_retokenized,0,0,0,original_serialized_payload_bytes_sha256_v1,73,73,-6.115616872355105,payload_fidelity_v2,payload_aware_result_v2,exploratory_smoke_v3_payload_fidelity_v2_not_for_confirmatory_pooling
revision_v1_smoke_v3_payload_fidelity_v2__79313d567cab6c769ae2,mistral_7b_instruct_v0_3_q4_k_m,revision_v1_ed25519_signature_base64_015,greedy_leadin_regeneration,1,1,1,original_serialized_payload_bytes_sha256_v1,73,73,-6.115616872355105,payload_fidelity_v2,payload_aware_result_v2,exploratory_smoke_v3_payload_fidelity_v2_not_for_confirmatory_pooling
revision_v1_smoke_v3_payload_fidelity_v2__79313d567cab6c769ae2,mistral_7b_instruct_v0_3_q4_k_m,revision_v1_ed25519_signature_base64_015,saved_token_ids,1,1,1,original_serialized_payload_bytes_sha256_v1,73,73,-6.115616872355105,payload_fidelity_v2,payload_aware_result_v2,exploratory_smoke_v3_payload_fidelity_v2_not_for_confirmatory_pooling
revision_v1_smoke_v3_payload_fidelity_v2__2e155d72ebd15a0edabb,qwen2_5_7b_instruct_q4_k_m,revision_v1_ed25519_signature_base64_016,detokenized_text_retokenized,0,0,0,original_serialized_payload_bytes_sha256_v1,66,66,-6.920611851177172,payload_fidelity_v2,payload_aware_result_v2,exploratory_smoke_v3_payload_fidelity_v2_not_for_confirmatory_pooling
revision_v1_smoke_v3_payload_fidelity_v2__2e155d72ebd15a0edabb,qwen2_5_7b_instruct_q4_k_m,revision_v1_ed25519_signature_base64_016,greedy_leadin_regeneration,1,1,1,original_serialized_payload_bytes_sha256_v1,66,66,-6.920611851177172,payload_fidelity_v2,payload_aware_result_v2,exploratory_smoke_v3_payload_fidelity_v2_not_for_confirmatory_pooling
revision_v1_smoke_v3_payload_fidelity_v2__2e155d72ebd15a0edabb,qwen2_5_7b_instruct_q4_k_m,revision_v1_ed25519_signature_base64_016,saved_token_ids,1,1,1,original_serialized_payload_bytes_sha256_v1,66,66,-6.920611851177172,payload_fidelity_v2,payload_aware_result_v2,exploratory_smoke_v3_payload_fidelity_v2_not_for_confirmatory_pooling
