pair_number,left_position,right_position,left_row_id,right_row_id,left_payload_group_id,right_payload_group_id,same_payload_group,left_label,right_label,left_text_sha256,right_text_sha256,left_normalized_text_sha256,right_normalized_text_sha256,normalized_text_exact,cosine_similarity,left_prompt_template_id,right_prompt_template_id,left_model_id,right_model_id,left_codec_id,right_codec_id
1,291,4741,detector_pair__d9d1a32015a054ab76155810__ordinary_control,detector_pair__f62c2a148006bbabd4f01f8a__ordinary_control,revision_v1_sha256_hex_018,revision_v1_chacha20_poly1305_base64_030,False,0,0,20543dabaf5d01c454dfeab08b12729417b8b2e75580f9f83682d2dacda3511f,b583ecef8f618a2b80a7262d4ee5e9f44b4c56e8b1450605bda315c383cdaec8,4e7a827df7f5968871d19b8762f9bb4e24848035e0dcb01ef83ebe8c79c0f743,7f7335b21423085d1e9a85ce6f8788877dcccde5f953c2ed5efcfa8e1da829b1,False,0.9769361019134521,casual_weekend_chat,casual_neighborhood_chat,llama3_8b_instruct_q4_k_m,llama3_8b_instruct_q4_k_m,nonseg_ascii_b8,direct_subword_calgacus
2,291,4569,detector_pair__d9d1a32015a054ab76155810__ordinary_control,detector_pair__43b6d23f1dfbc632200775e3__ordinary_control,revision_v1_sha256_hex_018,revision_v1_chacha20_poly1305_base64_001,False,0,0,20543dabaf5d01c454dfeab08b12729417b8b2e75580f9f83682d2dacda3511f,190ff4710612f6d41f974a92dfcc2e7b75e3bbc66b8bbf225acf09abd1484c7f,4e7a827df7f5968871d19b8762f9bb4e24848035e0dcb01ef83ebe8c79c0f743,210a98a3b5078489c21cc20c27bba443384f9a54076ce88cdd6fe83512a84524,False,0.9725715517997742,casual_weekend_chat,professional_project_update,llama3_8b_instruct_q4_k_m,llama3_8b_instruct_q4_k_m,nonseg_ascii_b8,nonseg_ascii_b8
3,291,292,detector_pair__d9d1a32015a054ab76155810__ordinary_control,detector_pair__648ab58c3042d3f83cb682e2__rankcloak,revision_v1_sha256_hex_018,revision_v1_sha256_hex_018,True,0,1,20543dabaf5d01c454dfeab08b12729417b8b2e75580f9f83682d2dacda3511f,bf6176f4e32678406d734389682120ce588870a9ad460d1704f691274bc165e3,4e7a827df7f5968871d19b8762f9bb4e24848035e0dcb01ef83ebe8c79c0f743,7ef53486cad802c7ff746fa122ef6b21f9de5f37d730f020fcdf6a496510a303,False,0.963990330696106,casual_weekend_chat,casual_weekend_chat,llama3_8b_instruct_q4_k_m,llama3_8b_instruct_q4_k_m,nonseg_ascii_b8,nonseg_ascii_b16
4,292,4741,detector_pair__648ab58c3042d3f83cb682e2__rankcloak,detector_pair__f62c2a148006bbabd4f01f8a__ordinary_control,revision_v1_sha256_hex_018,revision_v1_chacha20_poly1305_base64_030,False,1,0,bf6176f4e32678406d734389682120ce588870a9ad460d1704f691274bc165e3,b583ecef8f618a2b80a7262d4ee5e9f44b4c56e8b1450605bda315c383cdaec8,7ef53486cad802c7ff746fa122ef6b21f9de5f37d730f020fcdf6a496510a303,7f7335b21423085d1e9a85ce6f8788877dcccde5f953c2ed5efcfa8e1da829b1,False,0.9690811038017273,casual_weekend_chat,casual_neighborhood_chat,llama3_8b_instruct_q4_k_m,llama3_8b_instruct_q4_k_m,nonseg_ascii_b16,direct_subword_calgacus
5,292,4569,detector_pair__648ab58c3042d3f83cb682e2__rankcloak,detector_pair__43b6d23f1dfbc632200775e3__ordinary_control,revision_v1_sha256_hex_018,revision_v1_chacha20_poly1305_base64_001,False,1,0,bf6176f4e32678406d734389682120ce588870a9ad460d1704f691274bc165e3,190ff4710612f6d41f974a92dfcc2e7b75e3bbc66b8bbf225acf09abd1484c7f,7ef53486cad802c7ff746fa122ef6b21f9de5f37d730f020fcdf6a496510a303,210a98a3b5078489c21cc20c27bba443384f9a54076ce88cdd6fe83512a84524,False,0.9640023708343506,casual_weekend_chat,professional_project_update,llama3_8b_instruct_q4_k_m,llama3_8b_instruct_q4_k_m,nonseg_ascii_b16,nonseg_ascii_b8
6,653,2833,detector_pair__ebc18488db65b6ae0c192516__ordinary_control,detector_pair__cf60ade4ada0f167a7789989__ordinary_control,revision_v1_sha256_hex_040,revision_v1_nonce_96_bit_hex_057,False,0,0,cebbd1ac63b4252bd398df7c1e691f8345ee4b0130758a2ac52a799e5da4ff66,f41b438cde5a6bff2bb8140bc1b3771c052556d02f2cf4d6a63d0ba6368acc1f,f94b542bbb6678acbb5fd4293b9a8dc0abd9f03acf02d2eaf2664dd3b7b5b037,362b71c67cdc0b0e842fc3ab99b370d594ab5a0ae57ff78e307149b5c667eb2d,False,0.9950351119041443,narrative_small_discovery,explain_biological_process,llama3_8b_instruct_q4_k_m,llama3_8b_instruct_q4_k_m,segmented_hex_multi_topic,direct_subword_calgacus
7,653,3599,detector_pair__ebc18488db65b6ae0c192516__ordinary_control,detector_pair__73d5cdf69eee9fbc6323ad6b__ordinary_control,revision_v1_sha256_hex_040,revision_v1_token_128_bit_hex_044,False,0,0,cebbd1ac63b4252bd398df7c1e691f8345ee4b0130758a2ac52a799e5da4ff66,6b828b074cdd8e304330ee1253247ffdaacff827f9a33f3b26a6e38f2cca9cdf,f94b542bbb6678acbb5fd4293b9a8dc0abd9f03acf02d2eaf2664dd3b7b5b037,14fb8dd9ca0650a444c337a90cab9a46b02b12fbade3bdd13f50c432f329f56e,False,0.9950351119041443,narrative_small_discovery,explain_everyday_system,llama3_8b_instruct_q4_k_m,llama3_8b_instruct_q4_k_m,segmented_hex_multi_topic,segmented_hex_multi_topic
8,653,5093,detector_pair__ebc18488db65b6ae0c192516__ordinary_control,detector_pair__3cbe3ce25acbd2b468b67be1__ordinary_control,revision_v1_sha256_hex_040,revision_v1_ed25519_signature_base64_028,False,0,0,cebbd1ac63b4252bd398df7c1e691f8345ee4b0130758a2ac52a799e5da4ff66,fc8fb73126a92b2b1dbbdedfc0de69e1c71ea90c94d384b4a59a35b1c984f689,f94b542bbb6678acbb5fd4293b9a8dc0abd9f03acf02d2eaf2664dd3b7b5b037,1b54d39685500b02005fd0787af13dfa8bf68b1c5196ce84a6dd39f0fd5faef8,False,0.9950351119041443,narrative_small_discovery,explain_biological_process,llama3_8b_instruct_q4_k_m,llama3_8b_instruct_q4_k_m,segmented_hex_multi_topic,nonseg_ascii_b16
9,653,3608,detector_pair__ebc18488db65b6ae0c192516__ordinary_control,detector_pair__4dd411be27136f30f789a52d__rankcloak,revision_v1_sha256_hex_040,revision_v1_token_128_bit_hex_045,False,0,1,cebbd1ac63b4252bd398df7c1e691f8345ee4b0130758a2ac52a799e5da4ff66,d617fb5d4d04fa6b4c391642e61bd2e91f3075e61a99c097639f2964d87a739e,f94b542bbb6678acbb5fd4293b9a8dc0abd9f03acf02d2eaf2664dd3b7b5b037,40dbc5ed0f14b377c474a60bce39c0dad57a693f91d22fc0825c1c6bf693cecb,False,0.9902358651161194,narrative_small_discovery,casual_hobby_chat,llama3_8b_instruct_q4_k_m,llama3_8b_instruct_q4_k_m,segmented_hex_multi_topic,segmented_hex_single_topic
10,653,3419,detector_pair__ebc18488db65b6ae0c192516__ordinary_control,detector_pair__aa24cf8a1d6cdcbedd6bb63c__ordinary_control,revision_v1_sha256_hex_040,revision_v1_token_128_bit_hex_033,False,0,0,cebbd1ac63b4252bd398df7c1e691f8345ee4b0130758a2ac52a799e5da4ff66,41bdf1d80e671fd4fc9ced095b86cc4f81b48d2015ffe7a551017de0c8c12feb,f94b542bbb6678acbb5fd4293b9a8dc0abd9f03acf02d2eaf2664dd3b7b5b037,7fde23384bdaa9eec95a94c93e5f121851656da5846991abf70cc17d7c72218d,False,0.9557787775993347,narrative_small_discovery,casual_neighborhood_chat,llama3_8b_instruct_q4_k_m,llama3_8b_instruct_q4_k_m,segmented_hex_multi_topic,segmented_hex_single_topic
11,873,4741,detector_pair__ed8ea75b5a9cfb139b4c1dbc__ordinary_control,detector_pair__f62c2a148006bbabd4f01f8a__ordinary_control,revision_v1_sha256_hex_054,revision_v1_chacha20_poly1305_base64_030,False,0,0,e65956c11afb2b9a09f1fa3e551b3c702b044476aa283e56547d2b1808a70999,b583ecef8f618a2b80a7262d4ee5e9f44b4c56e8b1450605bda315c383cdaec8,b1e492a09d09bc5e88837a9238e503db6bee19f3c7643aad32b581d1bc8eebd7,7f7335b21423085d1e9a85ce6f8788877dcccde5f953c2ed5efcfa8e1da829b1,False,0.9523544311523438,casual_weekend_chat,casual_neighborhood_chat,llama3_8b_instruct_q4_k_m,llama3_8b_instruct_q4_k_m,segmented_hex_single_topic,direct_subword_calgacus
12,968,972,detector_pair__dea0f4b95c081228b09392e6__rankcloak,detector_pair__35bbc228fa6f6fd00e34c16c__rankcloak,revision_v1_hmac_sha256_hex_000,revision_v1_hmac_sha256_hex_000,True,1,1,73b7557586096d003bede015a124a96c8aae697ca6548a6efd95c9f8d2c819fb,706d8eafa9021651d0e19c092dbf86d3fc73899e989709e1eaf822788c46c527,2dd29b721d5d993a571a5e920d366f6ce60064804543b7890037c18598134e05,7b7d2eff40866f585e5aae79abd727a7b5b29d79dd4ec53b09985eb7636f3b19,False,0.9880767464637756,professional_schedule_note,professional_schedule_note,llama3_8b_instruct_q4_k_m,llama3_8b_instruct_q4_k_m,segmented_hex_single_topic,segmented_hex_multi_topic
13,1576,1580,detector_pair__42e8e2dccc503dd587fb6111__rankcloak,detector_pair__e86482cfa7f56711cb68ed06__rankcloak,revision_v1_hmac_sha256_hex_038,revision_v1_hmac_sha256_hex_038,True,1,1,b27749d6b0bf00031ef4a92ab6edcf34d1ab6d624fddd6ffeebfcd02ef774673,9f16b4f708680f5351d38dc4c6d205ee4f7cae7effb0ec1a43b12a3123b695bd,4167d81a9cabfb38e56a00b278aaabedd7745faf3b287f2690a0b90e4989ec84,a392ccddb69b14a47b988fb2b4626c2793e51707e3e296272760bc0e1842fc26,False,0.9685727953910828,procedure_home_task,procedure_home_task,llama3_8b_instruct_q4_k_m,llama3_8b_instruct_q4_k_m,segmented_hex_single_topic,segmented_hex_multi_topic
14,1995,1999,detector_pair__d22200bf773d70187f5b7a8b__ordinary_control,detector_pair__837086f83f27a68ac1fa1bc0__ordinary_control,revision_v1_nonce_96_bit_hex_004,revision_v1_nonce_96_bit_hex_004,True,0,0,03de8e1606ead39cd87f33fab4cb3ecafb461e706be4411eb98a98e62d672e40,228cded3993cbe2188cabda80d028c5bd3764925a6db94c33c2964eb2be04c71,395140164ac7329a4cfd88d78d6a0d99f4f4812ec87a2ccc7ed925b763b2b487,dcacc366b3f4fe31c5c56def4970786d0bd15cef4b382c7fb5df358421e62410,False,0.9737430214881897,casual_neighborhood_chat,casual_neighborhood_chat,llama3_8b_instruct_q4_k_m,llama3_8b_instruct_q4_k_m,segmented_hex_single_topic,segmented_hex_multi_topic
15,2833,3599,detector_pair__cf60ade4ada0f167a7789989__ordinary_control,detector_pair__73d5cdf69eee9fbc6323ad6b__ordinary_control,revision_v1_nonce_96_bit_hex_057,revision_v1_token_128_bit_hex_044,False,0,0,f41b438cde5a6bff2bb8140bc1b3771c052556d02f2cf4d6a63d0ba6368acc1f,6b828b074cdd8e304330ee1253247ffdaacff827f9a33f3b26a6e38f2cca9cdf,362b71c67cdc0b0e842fc3ab99b370d594ab5a0ae57ff78e307149b5c667eb2d,14fb8dd9ca0650a444c337a90cab9a46b02b12fbade3bdd13f50c432f329f56e,False,1.0,explain_biological_process,explain_everyday_system,llama3_8b_instruct_q4_k_m,llama3_8b_instruct_q4_k_m,direct_subword_calgacus,segmented_hex_multi_topic
16,2833,5093,detector_pair__cf60ade4ada0f167a7789989__ordinary_control,detector_pair__3cbe3ce25acbd2b468b67be1__ordinary_control,revision_v1_nonce_96_bit_hex_057,revision_v1_ed25519_signature_base64_028,False,0,0,f41b438cde5a6bff2bb8140bc1b3771c052556d02f2cf4d6a63d0ba6368acc1f,fc8fb73126a92b2b1dbbdedfc0de69e1c71ea90c94d384b4a59a35b1c984f689,362b71c67cdc0b0e842fc3ab99b370d594ab5a0ae57ff78e307149b5c667eb2d,1b54d39685500b02005fd0787af13dfa8bf68b1c5196ce84a6dd39f0fd5faef8,False,1.0,explain_biological_process,explain_biological_process,llama3_8b_instruct_q4_k_m,llama3_8b_instruct_q4_k_m,direct_subword_calgacus,nonseg_ascii_b16
17,2833,3608,detector_pair__cf60ade4ada0f167a7789989__ordinary_control,detector_pair__4dd411be27136f30f789a52d__rankcloak,revision_v1_nonce_96_bit_hex_057,revision_v1_token_128_bit_hex_045,False,0,1,f41b438cde5a6bff2bb8140bc1b3771c052556d02f2cf4d6a63d0ba6368acc1f,d617fb5d4d04fa6b4c391642e61bd2e91f3075e61a99c097639f2964d87a739e,362b71c67cdc0b0e842fc3ab99b370d594ab5a0ae57ff78e307149b5c667eb2d,40dbc5ed0f14b377c474a60bce39c0dad57a693f91d22fc0825c1c6bf693cecb,False,0.9934457540512085,explain_biological_process,casual_hobby_chat,llama3_8b_instruct_q4_k_m,llama3_8b_instruct_q4_k_m,direct_subword_calgacus,segmented_hex_single_topic
18,2833,3419,detector_pair__cf60ade4ada0f167a7789989__ordinary_control,detector_pair__aa24cf8a1d6cdcbedd6bb63c__ordinary_control,revision_v1_nonce_96_bit_hex_057,revision_v1_token_128_bit_hex_033,False,0,0,f41b438cde5a6bff2bb8140bc1b3771c052556d02f2cf4d6a63d0ba6368acc1f,41bdf1d80e671fd4fc9ced095b86cc4f81b48d2015ffe7a551017de0c8c12feb,362b71c67cdc0b0e842fc3ab99b370d594ab5a0ae57ff78e307149b5c667eb2d,7fde23384bdaa9eec95a94c93e5f121851656da5846991abf70cc17d7c72218d,False,0.9604536294937134,explain_biological_process,casual_neighborhood_chat,llama3_8b_instruct_q4_k_m,llama3_8b_instruct_q4_k_m,direct_subword_calgacus,segmented_hex_single_topic
19,3112,3116,detector_pair__5a3b2ede1dae88f0292bcceb__rankcloak,detector_pair__edc99e28084d606968a0c72c__rankcloak,revision_v1_token_128_bit_hex_014,revision_v1_token_128_bit_hex_014,True,1,1,ba479970a36e73de3b32c79249ab48b676fa96fbe7aecb4514b217e4dfac3b5e,0a794cb797fcdf9843eeae3957f9b31165e2e604b1c8b3fd76e26bc9c863924d,7750e6569576927759f8fdd3ef86f19c2e07aff5bb056884211ee9642352b50a,4a3e4a4728220ece690535974b7c48119c87895ae11ccd5fe24585de8af257dd,False,0.971845269203186,explain_biological_process,explain_biological_process,llama3_8b_instruct_q4_k_m,llama3_8b_instruct_q4_k_m,segmented_hex_single_topic,segmented_hex_multi_topic
20,3419,3599,detector_pair__aa24cf8a1d6cdcbedd6bb63c__ordinary_control,detector_pair__73d5cdf69eee9fbc6323ad6b__ordinary_control,revision_v1_token_128_bit_hex_033,revision_v1_token_128_bit_hex_044,False,0,0,41bdf1d80e671fd4fc9ced095b86cc4f81b48d2015ffe7a551017de0c8c12feb,6b828b074cdd8e304330ee1253247ffdaacff827f9a33f3b26a6e38f2cca9cdf,7fde23384bdaa9eec95a94c93e5f121851656da5846991abf70cc17d7c72218d,14fb8dd9ca0650a444c337a90cab9a46b02b12fbade3bdd13f50c432f329f56e,False,0.9604536294937134,casual_neighborhood_chat,explain_everyday_system,llama3_8b_instruct_q4_k_m,llama3_8b_instruct_q4_k_m,segmented_hex_single_topic,segmented_hex_multi_topic
21,3419,5093,detector_pair__aa24cf8a1d6cdcbedd6bb63c__ordinary_control,detector_pair__3cbe3ce25acbd2b468b67be1__ordinary_control,revision_v1_token_128_bit_hex_033,revision_v1_ed25519_signature_base64_028,False,0,0,41bdf1d80e671fd4fc9ced095b86cc4f81b48d2015ffe7a551017de0c8c12feb,fc8fb73126a92b2b1dbbdedfc0de69e1c71ea90c94d384b4a59a35b1c984f689,7fde23384bdaa9eec95a94c93e5f121851656da5846991abf70cc17d7c72218d,1b54d39685500b02005fd0787af13dfa8bf68b1c5196ce84a6dd39f0fd5faef8,False,0.9604536294937134,casual_neighborhood_chat,explain_biological_process,llama3_8b_instruct_q4_k_m,llama3_8b_instruct_q4_k_m,segmented_hex_single_topic,nonseg_ascii_b16
22,3419,3608,detector_pair__aa24cf8a1d6cdcbedd6bb63c__ordinary_control,detector_pair__4dd411be27136f30f789a52d__rankcloak,revision_v1_token_128_bit_hex_033,revision_v1_token_128_bit_hex_045,False,0,1,41bdf1d80e671fd4fc9ced095b86cc4f81b48d2015ffe7a551017de0c8c12feb,d617fb5d4d04fa6b4c391642e61bd2e91f3075e61a99c097639f2964d87a739e,7fde23384bdaa9eec95a94c93e5f121851656da5846991abf70cc17d7c72218d,40dbc5ed0f14b377c474a60bce39c0dad57a693f91d22fc0825c1c6bf693cecb,False,0.9543535113334656,casual_neighborhood_chat,casual_hobby_chat,llama3_8b_instruct_q4_k_m,llama3_8b_instruct_q4_k_m,segmented_hex_single_topic,segmented_hex_single_topic
23,3540,9128,detector_pair__800a21dc937d744396880e4f__rankcloak,detector_pair__e9bf8528b1101eadf9f625b6__rankcloak,revision_v1_token_128_bit_hex_041,revision_v1_uuid_v4_001,False,1,1,5470003c684018ac7a5ccf5ef491a25a8a2b830cc19dc73e1403c36d5c86b6b7,f821ef37d276e51049ddc6186e49807c68309fc62010215cfa2bb730468ff1e0,a8ea8467bb5247fa13250b6ca552d9f49978b671bae4530aeaffee2d7a98cfcb,678a2e27fa38c2ac7218c823b6ff5eb9d9b58bb9a31ae62777fa2fa35d7e04fb,False,0.9644447565078735,forum_practical_answer,professional_project_update,llama3_8b_instruct_q4_k_m,mistral_7b_instruct_v0_3_q4_k_m,nonseg_ascii_b16,nonseg_ascii_b8
24,3540,8194,detector_pair__800a21dc937d744396880e4f__rankcloak,detector_pair__43597f1760f7bd164229c0f4__rankcloak,revision_v1_token_128_bit_hex_041,revision_v1_token_128_bit_hex_002,False,1,1,5470003c684018ac7a5ccf5ef491a25a8a2b830cc19dc73e1403c36d5c86b6b7,21b03e14a8c153263051b5702ef1bef4acbe2f7f9874088e601d844abd709554,a8ea8467bb5247fa13250b6ca552d9f49978b671bae4530aeaffee2d7a98cfcb,df186725a6507a5ee1b8443e3bd22b1074becdf862a0ac2f5502107716a7ae17,False,0.9628387689590454,forum_practical_answer,professional_process_email,llama3_8b_instruct_q4_k_m,mistral_7b_instruct_v0_3_q4_k_m,nonseg_ascii_b16,nonseg_ascii_b8
25,3540,9090,detector_pair__800a21dc937d744396880e4f__rankcloak,detector_pair__f9705ae5da3f880ffff05375__rankcloak,revision_v1_token_128_bit_hex_041,revision_v1_token_128_bit_hex_058,False,1,1,5470003c684018ac7a5ccf5ef491a25a8a2b830cc19dc73e1403c36d5c86b6b7,c362ff5ccb3f21e0a9a3c71946f06d8ad20f0cca2429265fa85ad9acf14104a2,a8ea8467bb5247fa13250b6ca552d9f49978b671bae4530aeaffee2d7a98cfcb,9b902b5e83a668bd2abd952bb22e3ef4f524807ff191d1de7d6bd0694df26777,False,0.9564753770828247,forum_practical_answer,procedure_garden_task,llama3_8b_instruct_q4_k_m,mistral_7b_instruct_v0_3_q4_k_m,nonseg_ascii_b16,nonseg_ascii_b8
26,3592,3596,detector_pair__55c56c9263865236f6f66a38__rankcloak,detector_pair__c9c3f8b6e8d736fa7e44c4b6__rankcloak,revision_v1_token_128_bit_hex_044,revision_v1_token_128_bit_hex_044,True,1,1,7e4cf587b68ca12b80745e90f2f7898da0edb2156dbba2e84e99a277ceabfe57,ec486d9da457734b527a4c4123e926200551a027520310930fb9c203e18b9aed,f96f7eefe0614a334cd68542c64274e1658658fb23a547a010c42c0056e9d5f6,740e85479a78bedbae5a96201e0ff89119bc4b93272b23ddc1bf61f2686263b3,False,0.9795955419540405,explain_everyday_system,explain_everyday_system,llama3_8b_instruct_q4_k_m,llama3_8b_instruct_q4_k_m,segmented_hex_single_topic,segmented_hex_multi_topic
27,3599,5093,detector_pair__73d5cdf69eee9fbc6323ad6b__ordinary_control,detector_pair__3cbe3ce25acbd2b468b67be1__ordinary_control,revision_v1_token_128_bit_hex_044,revision_v1_ed25519_signature_base64_028,False,0,0,6b828b074cdd8e304330ee1253247ffdaacff827f9a33f3b26a6e38f2cca9cdf,fc8fb73126a92b2b1dbbdedfc0de69e1c71ea90c94d384b4a59a35b1c984f689,14fb8dd9ca0650a444c337a90cab9a46b02b12fbade3bdd13f50c432f329f56e,1b54d39685500b02005fd0787af13dfa8bf68b1c5196ce84a6dd39f0fd5faef8,False,1.0,explain_everyday_system,explain_biological_process,llama3_8b_instruct_q4_k_m,llama3_8b_instruct_q4_k_m,segmented_hex_multi_topic,nonseg_ascii_b16
28,3599,3608,detector_pair__73d5cdf69eee9fbc6323ad6b__ordinary_control,detector_pair__4dd411be27136f30f789a52d__rankcloak,revision_v1_token_128_bit_hex_044,revision_v1_token_128_bit_hex_045,False,0,1,6b828b074cdd8e304330ee1253247ffdaacff827f9a33f3b26a6e38f2cca9cdf,d617fb5d4d04fa6b4c391642e61bd2e91f3075e61a99c097639f2964d87a739e,14fb8dd9ca0650a444c337a90cab9a46b02b12fbade3bdd13f50c432f329f56e,40dbc5ed0f14b377c474a60bce39c0dad57a693f91d22fc0825c1c6bf693cecb,False,0.9934457540512085,explain_everyday_system,casual_hobby_chat,llama3_8b_instruct_q4_k_m,llama3_8b_instruct_q4_k_m,segmented_hex_multi_topic,segmented_hex_single_topic
29,3608,5093,detector_pair__4dd411be27136f30f789a52d__rankcloak,detector_pair__3cbe3ce25acbd2b468b67be1__ordinary_control,revision_v1_token_128_bit_hex_045,revision_v1_ed25519_signature_base64_028,False,1,0,d617fb5d4d04fa6b4c391642e61bd2e91f3075e61a99c097639f2964d87a739e,fc8fb73126a92b2b1dbbdedfc0de69e1c71ea90c94d384b4a59a35b1c984f689,40dbc5ed0f14b377c474a60bce39c0dad57a693f91d22fc0825c1c6bf693cecb,1b54d39685500b02005fd0787af13dfa8bf68b1c5196ce84a6dd39f0fd5faef8,False,0.9934457540512085,casual_hobby_chat,explain_biological_process,llama3_8b_instruct_q4_k_m,llama3_8b_instruct_q4_k_m,segmented_hex_single_topic,nonseg_ascii_b16
30,4569,4741,detector_pair__43b6d23f1dfbc632200775e3__ordinary_control,detector_pair__f62c2a148006bbabd4f01f8a__ordinary_control,revision_v1_chacha20_poly1305_base64_001,revision_v1_chacha20_poly1305_base64_030,False,0,0,190ff4710612f6d41f974a92dfcc2e7b75e3bbc66b8bbf225acf09abd1484c7f,b583ecef8f618a2b80a7262d4ee5e9f44b4c56e8b1450605bda315c383cdaec8,210a98a3b5078489c21cc20c27bba443384f9a54076ce88cdd6fe83512a84524,7f7335b21423085d1e9a85ce6f8788877dcccde5f953c2ed5efcfa8e1da829b1,False,0.9885241389274597,professional_project_update,casual_neighborhood_chat,llama3_8b_instruct_q4_k_m,llama3_8b_instruct_q4_k_m,nonseg_ascii_b8,direct_subword_calgacus
31,5964,8172,detector_pair__a9f71380d26eb8d2f49a16e2__rankcloak,detector_pair__19c220c733b33ed332dc5baa__rankcloak,revision_v1_sha256_hex_042,revision_v1_token_128_bit_hex_000,False,1,1,4a01398aa1f72c40441534fb9167145d84c8c6718236a9dee62900ca9b3c9725,c4201a5ead48983a66dc85a2b54f71d2c76adac5331d5b9f95b7e2676eee44b7,7e79c2f5a560ab681fd761ce2ea3c146ff0e25d71e663be3850ef4bd062cdf7e,777049f9b27ae00b565fc5d52927414cb6763206e1e9728778803355919e550b,False,0.9907234907150269,forum_practical_answer,explain_biological_process,mistral_7b_instruct_v0_3_q4_k_m,mistral_7b_instruct_v0_3_q4_k_m,segmented_hex_multi_topic,segmented_hex_multi_topic
32,5964,7628,detector_pair__a9f71380d26eb8d2f49a16e2__rankcloak,detector_pair__f9db83cc35ecfed7c6e10180__rankcloak,revision_v1_sha256_hex_042,revision_v1_nonce_96_bit_hex_026,False,1,1,4a01398aa1f72c40441534fb9167145d84c8c6718236a9dee62900ca9b3c9725,934ddf53e6a0887697a7f1e4562c35f81705af47b9ca5837926243caf4f523f2,7e79c2f5a560ab681fd761ce2ea3c146ff0e25d71e663be3850ef4bd062cdf7e,b0498fa71ebbd7150cfa3490d8cdc12c3caddec9380f4b71a3a96c106236fd93,False,0.990208625793457,forum_practical_answer,casual_neighborhood_chat,mistral_7b_instruct_v0_3_q4_k_m,mistral_7b_instruct_v0_3_q4_k_m,segmented_hex_multi_topic,segmented_hex_multi_topic
33,5964,7624,detector_pair__a9f71380d26eb8d2f49a16e2__rankcloak,detector_pair__36b4cf7c4eed5a9557721563__rankcloak,revision_v1_sha256_hex_042,revision_v1_nonce_96_bit_hex_026,False,1,1,4a01398aa1f72c40441534fb9167145d84c8c6718236a9dee62900ca9b3c9725,ba1151fff1a25a4925ecee98b835b884f9f60bae85ca55db72ed284f9f7ad7e6,7e79c2f5a560ab681fd761ce2ea3c146ff0e25d71e663be3850ef4bd062cdf7e,f8015d2a46b6274169b508bbdaf5ea86ba85cc1646cf5ab7f6c60b2977406078,False,0.9897354245185852,forum_practical_answer,casual_neighborhood_chat,mistral_7b_instruct_v0_3_q4_k_m,mistral_7b_instruct_v0_3_q4_k_m,segmented_hex_multi_topic,segmented_hex_single_topic
34,5964,6776,detector_pair__a9f71380d26eb8d2f49a16e2__rankcloak,detector_pair__e43e89ac1fba6db8a90419da__rankcloak,revision_v1_sha256_hex_042,revision_v1_hmac_sha256_hex_033,False,1,1,4a01398aa1f72c40441534fb9167145d84c8c6718236a9dee62900ca9b3c9725,105d1db1969bf105df83e053e90637231c8ca322d1f3d0daeee9b64ecad8e0d0,7e79c2f5a560ab681fd761ce2ea3c146ff0e25d71e663be3850ef4bd062cdf7e,4f280690022138a9aba57a787892283e722d059529997f06d6e4564a085086c3,False,0.9827518463134766,forum_practical_answer,casual_neighborhood_chat,mistral_7b_instruct_v0_3_q4_k_m,mistral_7b_instruct_v0_3_q4_k_m,segmented_hex_multi_topic,segmented_hex_single_topic
35,6776,7624,detector_pair__e43e89ac1fba6db8a90419da__rankcloak,detector_pair__36b4cf7c4eed5a9557721563__rankcloak,revision_v1_hmac_sha256_hex_033,revision_v1_nonce_96_bit_hex_026,False,1,1,105d1db1969bf105df83e053e90637231c8ca322d1f3d0daeee9b64ecad8e0d0,ba1151fff1a25a4925ecee98b835b884f9f60bae85ca55db72ed284f9f7ad7e6,4f280690022138a9aba57a787892283e722d059529997f06d6e4564a085086c3,f8015d2a46b6274169b508bbdaf5ea86ba85cc1646cf5ab7f6c60b2977406078,False,0.9930927753448486,casual_neighborhood_chat,casual_neighborhood_chat,mistral_7b_instruct_v0_3_q4_k_m,mistral_7b_instruct_v0_3_q4_k_m,segmented_hex_single_topic,segmented_hex_single_topic
36,6776,7628,detector_pair__e43e89ac1fba6db8a90419da__rankcloak,detector_pair__f9db83cc35ecfed7c6e10180__rankcloak,revision_v1_hmac_sha256_hex_033,revision_v1_nonce_96_bit_hex_026,False,1,1,105d1db1969bf105df83e053e90637231c8ca322d1f3d0daeee9b64ecad8e0d0,934ddf53e6a0887697a7f1e4562c35f81705af47b9ca5837926243caf4f523f2,4f280690022138a9aba57a787892283e722d059529997f06d6e4564a085086c3,b0498fa71ebbd7150cfa3490d8cdc12c3caddec9380f4b71a3a96c106236fd93,False,0.9917457103729248,casual_neighborhood_chat,casual_neighborhood_chat,mistral_7b_instruct_v0_3_q4_k_m,mistral_7b_instruct_v0_3_q4_k_m,segmented_hex_single_topic,segmented_hex_multi_topic
37,6776,8172,detector_pair__e43e89ac1fba6db8a90419da__rankcloak,detector_pair__19c220c733b33ed332dc5baa__rankcloak,revision_v1_hmac_sha256_hex_033,revision_v1_token_128_bit_hex_000,False,1,1,105d1db1969bf105df83e053e90637231c8ca322d1f3d0daeee9b64ecad8e0d0,c4201a5ead48983a66dc85a2b54f71d2c76adac5331d5b9f95b7e2676eee44b7,4f280690022138a9aba57a787892283e722d059529997f06d6e4564a085086c3,777049f9b27ae00b565fc5d52927414cb6763206e1e9728778803355919e550b,False,0.9897924661636353,casual_neighborhood_chat,explain_biological_process,mistral_7b_instruct_v0_3_q4_k_m,mistral_7b_instruct_v0_3_q4_k_m,segmented_hex_single_topic,segmented_hex_multi_topic
38,7447,7451,detector_pair__e009ad180ad4ba9a1244e2de__ordinary_control,detector_pair__6ec57def087ae7075cbc87f8__ordinary_control,revision_v1_nonce_96_bit_hex_015,revision_v1_nonce_96_bit_hex_015,True,0,0,a2870fdab67ea8de3244fb7793b7d68cf936f0231c437bc36ead80848b8e753e,a2870fdab67ea8de3244fb7793b7d68cf936f0231c437bc36ead80848b8e753e,c5e16815d671294fe69fed136d8774e644ee559edfbca1dff0fc83cc5290bbd2,c5e16815d671294fe69fed136d8774e644ee559edfbca1dff0fc83cc5290bbd2,True,1.0,professional_project_update,professional_project_update,mistral_7b_instruct_v0_3_q4_k_m,mistral_7b_instruct_v0_3_q4_k_m,nonseg_hex_nibble_b16,segmented_hex_single_topic
39,7471,7751,detector_pair__bfe74909c89591c16b2b831b__ordinary_control,detector_pair__10b180cb50c3cba5e89e373b__ordinary_control,revision_v1_nonce_96_bit_hex_016,revision_v1_nonce_96_bit_hex_034,False,0,0,3649d09ebba3667384f87593c304469e4e908fdc01a4f7b54f42dadde3d04d4d,a96b5f0145f072af6049fda85e266f0e2ac14e23337d83e622142abea4003d22,309370d8937e87904ed71aab0936d732610cfc037f449609f10c0795e2de3247,f984771365e5d5c7d36431609e95cb7a4af5b943307b1d1b8f1b09e5ae70744a,False,0.9536961317062378,forum_practical_answer,forum_practical_answer,mistral_7b_instruct_v0_3_q4_k_m,mistral_7b_instruct_v0_3_q4_k_m,segmented_hex_multi_topic,nonseg_hex_nibble_b16
40,7535,7823,detector_pair__f39cd7adca8539d94f09e09a__ordinary_control,detector_pair__61e2bc3abf585d85b5484d83__ordinary_control,revision_v1_nonce_96_bit_hex_020,revision_v1_nonce_96_bit_hex_038,False,0,0,788831b854b05930399bca4a53468ecf3bf2ad9e3e4d25961d676f91d8167fb9,6365d85b734bd566579362cf25bbd719403325529a235b1f4f8440cb669c2318,fb7af943cd4797f29d762ba201a457b37da0a1ccf17008834e8ddda3bc3ca5ff,791b1b8e548e52617bd6829846e107f40d98fe350b67a19dc9931ae143ab1dd0,False,0.9812346696853638,casual_hobby_chat,casual_hobby_chat,mistral_7b_instruct_v0_3_q4_k_m,mistral_7b_instruct_v0_3_q4_k_m,segmented_hex_multi_topic,segmented_hex_multi_topic
41,7535,7819,detector_pair__f39cd7adca8539d94f09e09a__ordinary_control,detector_pair__65f641a48c34b928a59a369e__ordinary_control,revision_v1_nonce_96_bit_hex_020,revision_v1_nonce_96_bit_hex_038,False,0,0,788831b854b05930399bca4a53468ecf3bf2ad9e3e4d25961d676f91d8167fb9,067f99c807b2a64c5c04cb034f60cf08c18dbcc0a47f7e3d78ed0da2b97276a7,fb7af943cd4797f29d762ba201a457b37da0a1ccf17008834e8ddda3bc3ca5ff,70c93571d1abb587ae66cfd8c70644ea764e910f1bd1b97075aeae2e98cc7c85,False,0.964357316493988,casual_hobby_chat,casual_hobby_chat,mistral_7b_instruct_v0_3_q4_k_m,mistral_7b_instruct_v0_3_q4_k_m,segmented_hex_multi_topic,segmented_hex_single_topic
42,7624,7628,detector_pair__36b4cf7c4eed5a9557721563__rankcloak,detector_pair__f9db83cc35ecfed7c6e10180__rankcloak,revision_v1_nonce_96_bit_hex_026,revision_v1_nonce_96_bit_hex_026,True,1,1,ba1151fff1a25a4925ecee98b835b884f9f60bae85ca55db72ed284f9f7ad7e6,934ddf53e6a0887697a7f1e4562c35f81705af47b9ca5837926243caf4f523f2,f8015d2a46b6274169b508bbdaf5ea86ba85cc1646cf5ab7f6c60b2977406078,b0498fa71ebbd7150cfa3490d8cdc12c3caddec9380f4b71a3a96c106236fd93,False,0.998583197593689,casual_neighborhood_chat,casual_neighborhood_chat,mistral_7b_instruct_v0_3_q4_k_m,mistral_7b_instruct_v0_3_q4_k_m,segmented_hex_single_topic,segmented_hex_multi_topic
43,7624,8172,detector_pair__36b4cf7c4eed5a9557721563__rankcloak,detector_pair__19c220c733b33ed332dc5baa__rankcloak,revision_v1_nonce_96_bit_hex_026,revision_v1_token_128_bit_hex_000,False,1,1,ba1151fff1a25a4925ecee98b835b884f9f60bae85ca55db72ed284f9f7ad7e6,c4201a5ead48983a66dc85a2b54f71d2c76adac5331d5b9f95b7e2676eee44b7,f8015d2a46b6274169b508bbdaf5ea86ba85cc1646cf5ab7f6c60b2977406078,777049f9b27ae00b565fc5d52927414cb6763206e1e9728778803355919e550b,False,0.9968094825744629,casual_neighborhood_chat,explain_biological_process,mistral_7b_instruct_v0_3_q4_k_m,mistral_7b_instruct_v0_3_q4_k_m,segmented_hex_single_topic,segmented_hex_multi_topic
44,7628,8172,detector_pair__f9db83cc35ecfed7c6e10180__rankcloak,detector_pair__19c220c733b33ed332dc5baa__rankcloak,revision_v1_nonce_96_bit_hex_026,revision_v1_token_128_bit_hex_000,False,1,1,934ddf53e6a0887697a7f1e4562c35f81705af47b9ca5837926243caf4f523f2,c4201a5ead48983a66dc85a2b54f71d2c76adac5331d5b9f95b7e2676eee44b7,b0498fa71ebbd7150cfa3490d8cdc12c3caddec9380f4b71a3a96c106236fd93,777049f9b27ae00b565fc5d52927414cb6763206e1e9728778803355919e550b,False,0.9974367022514343,casual_neighborhood_chat,explain_biological_process,mistral_7b_instruct_v0_3_q4_k_m,mistral_7b_instruct_v0_3_q4_k_m,segmented_hex_multi_topic,segmented_hex_multi_topic
45,7697,7707,detector_pair__bf08b994ceb18d2853f699ee__ordinary_control,detector_pair__db794072ed4fa8f2cc00c7c8__ordinary_control,revision_v1_nonce_96_bit_hex_031,revision_v1_nonce_96_bit_hex_031,True,0,0,7662c3073f29ce677282a7fa1bb28fe2e0f96d780d4d518daee0188a800529d1,f2f821a5c3bd7f5b3640c0a4332cced681adcae6cb4d423860fe5082c3127f81,5f994d938c699c46841f4afc70e622ad6efa44e910779b05ccdff3948d9e65a2,701091a849dd0070663c0b0e24e3e30b15ffd455f2093f661f6d7af19a0d57ee,False,0.9949789643287659,explain_weather_pattern,explain_weather_pattern,mistral_7b_instruct_v0_3_q4_k_m,mistral_7b_instruct_v0_3_q4_k_m,direct_subword_calgacus,segmented_hex_single_topic
46,7819,8103,detector_pair__65f641a48c34b928a59a369e__ordinary_control,detector_pair__0d2feb58264e97727b62716d__ordinary_control,revision_v1_nonce_96_bit_hex_038,revision_v1_nonce_96_bit_hex_056,False,0,0,067f99c807b2a64c5c04cb034f60cf08c18dbcc0a47f7e3d78ed0da2b97276a7,90fd58a20015367566c03f1f998fc110e2070cb2b9841cc519df328490387956,70c93571d1abb587ae66cfd8c70644ea764e910f1bd1b97075aeae2e98cc7c85,c71dfba4af24d1db56f485bb626a42fb72c745cd13c3be57eba410e11f7707fc,False,0.9810655117034912,casual_hobby_chat,casual_hobby_chat,mistral_7b_instruct_v0_3_q4_k_m,mistral_7b_instruct_v0_3_q4_k_m,segmented_hex_single_topic,nonseg_hex_nibble_b16
47,7823,8103,detector_pair__61e2bc3abf585d85b5484d83__ordinary_control,detector_pair__0d2feb58264e97727b62716d__ordinary_control,revision_v1_nonce_96_bit_hex_038,revision_v1_nonce_96_bit_hex_056,False,0,0,6365d85b734bd566579362cf25bbd719403325529a235b1f4f8440cb669c2318,90fd58a20015367566c03f1f998fc110e2070cb2b9841cc519df328490387956,791b1b8e548e52617bd6829846e107f40d98fe350b67a19dc9931ae143ab1dd0,c71dfba4af24d1db56f485bb626a42fb72c745cd13c3be57eba410e11f7707fc,False,0.9650764465332031,casual_hobby_chat,casual_hobby_chat,mistral_7b_instruct_v0_3_q4_k_m,mistral_7b_instruct_v0_3_q4_k_m,segmented_hex_multi_topic,nonseg_hex_nibble_b16
48,8194,9090,detector_pair__43597f1760f7bd164229c0f4__rankcloak,detector_pair__f9705ae5da3f880ffff05375__rankcloak,revision_v1_token_128_bit_hex_002,revision_v1_token_128_bit_hex_058,False,1,1,21b03e14a8c153263051b5702ef1bef4acbe2f7f9874088e601d844abd709554,c362ff5ccb3f21e0a9a3c71946f06d8ad20f0cca2429265fa85ad9acf14104a2,df186725a6507a5ee1b8443e3bd22b1074becdf862a0ac2f5502107716a7ae17,9b902b5e83a668bd2abd952bb22e3ef4f524807ff191d1de7d6bd0694df26777,False,0.9548876881599426,professional_process_email,procedure_garden_task,mistral_7b_instruct_v0_3_q4_k_m,mistral_7b_instruct_v0_3_q4_k_m,nonseg_ascii_b8,nonseg_ascii_b8
49,8194,9128,detector_pair__43597f1760f7bd164229c0f4__rankcloak,detector_pair__e9bf8528b1101eadf9f625b6__rankcloak,revision_v1_token_128_bit_hex_002,revision_v1_uuid_v4_001,False,1,1,21b03e14a8c153263051b5702ef1bef4acbe2f7f9874088e601d844abd709554,f821ef37d276e51049ddc6186e49807c68309fc62010215cfa2bb730468ff1e0,df186725a6507a5ee1b8443e3bd22b1074becdf862a0ac2f5502107716a7ae17,678a2e27fa38c2ac7218c823b6ff5eb9d9b58bb9a31ae62777fa2fa35d7e04fb,False,0.9519932866096497,professional_process_email,professional_project_update,mistral_7b_instruct_v0_3_q4_k_m,mistral_7b_instruct_v0_3_q4_k_m,nonseg_ascii_b8,nonseg_ascii_b8
50,11008,14430,detector_pair__06c04e4ffb6e50e698a3f876__rankcloak,detector_pair__3254af7504033dc849ca926c__rankcloak,revision_v1_sha256_hex_028,revision_v1_uuid_v4_005,False,1,1,dc05d1cff501fd7c07c33ee0cf03d034b3b2176494c00768ec292aa6d0e1257e,587c05d4f6072cbaabd4bcde39450d9ecad041fd1036025864f79e990024d8f0,53b2f9daae2e302759bdc5f4225a5d8a12bd5a9a8ee0f544a2869bc310dfa250,9a9ae8ee31aad45878fda55abc19449c04a0afcb1a96e3e169ee3912b075622f,False,0.9999999403953552,explain_biological_process,narrative_learning_moment,qwen2_5_7b_instruct_q4_k_m,qwen2_5_7b_instruct_q4_k_m,direct_subword_calgacus,direct_subword_calgacus
51,12737,13035,detector_pair__9e760b4e3d1b9389c694919c__ordinary_control,detector_pair__7da00419a47a083916ffbe23__ordinary_control,revision_v1_nonce_96_bit_hex_016,revision_v1_nonce_96_bit_hex_034,False,0,0,0599d7751c6711210d9789bf35bde10660d27db8469d8842481e8f8b3d1118d0,92360fe3a7f9693c307dc7d1af342b06629113132a8347d26b693de395dee82c,268dec010cac97696d7e953f4afb8eddf2062d579db050154fc28fee504136b3,0eae991d50583b97960c3517d6444f973d4942538fdfda2d3250f2e6ec4c4112,False,0.9872332215309143,professional_process_email,professional_process_email,qwen2_5_7b_instruct_q4_k_m,qwen2_5_7b_instruct_q4_k_m,direct_subword_calgacus,segmented_hex_single_topic
52,12929,13231,detector_pair__d0d2942b7ea9413b20cae06a__ordinary_control,detector_pair__761ad38b5fdde48a5b6a9c8d__ordinary_control,revision_v1_nonce_96_bit_hex_028,revision_v1_nonce_96_bit_hex_046,False,0,0,7a278ddcfaed628568b364fff7da2fafe83610141d2cc8337868758c5bef23e5,fff23f7f576b63164eeff492968ffa797cee37785da6a24e9272904720bc8566,f427445f29b4de8c121385dd720f8593ad2f8812b5743fd30216c7fc3a124696,fd7cad111442e12e778b32d85df8dd2cdbaf8a5823b67a7f40d7f55f666c6233,False,0.9583454132080078,professional_schedule_note,professional_schedule_note,qwen2_5_7b_instruct_q4_k_m,qwen2_5_7b_instruct_q4_k_m,direct_subword_calgacus,segmented_hex_multi_topic
53,14071,14701,detector_pair__9b6c0f9e36410e3300d1c44b__ordinary_control,detector_pair__996f64a4b102d775b3ddcdf0__ordinary_control,revision_v1_token_128_bit_hex_039,revision_v1_uuid_v4_050,False,0,0,3b2d9d73228af316e7006460b8b6808d978a6c91cb63ccaf5f8404257a959064,d5badeb8491d86c9f46af980a26ce5e44a214b743dfda44a11a12fb620a36f17,b8477f1b94bd037068ae3c8a8fc4656c41770da29ce048d0790dc4b4a1edeaa5,16cede01207380c170f0981dba013db949c8b0764d609cfa0d0ae8f2c29542dc,False,0.9654322862625122,professional_schedule_note,professional_schedule_note,qwen2_5_7b_instruct_q4_k_m,qwen2_5_7b_instruct_q4_k_m,nonseg_hex_nibble_b16,direct_subword_calgacus
