status,metric_name,group_name,protocol_variant,payload_class,prompt_family,n,mean,standard_deviation,bootstrap_ci_low_95,bootstrap_ci_high_95,notes
ok,exact_recovery,protocol_variant,nonseg_ascii_b16,,,175,1.0,0.0,1.0,1.0,deterministic bootstrap over recorded trial rows
ok,exact_recovery,protocol_variant,nonseg_ascii_b8,,,175,1.0,0.0,1.0,1.0,deterministic bootstrap over recorded trial rows
ok,exact_recovery,protocol_variant,nonseg_hex_nibble_b16,,,125,1.0,0.0,1.0,1.0,deterministic bootstrap over recorded trial rows
ok,exact_recovery,protocol_variant_by_payload_class,nonseg_ascii_b16,ciphertext_like_base64,,25,1.0,0.0,1.0,1.0,deterministic bootstrap over recorded trial rows
ok,exact_recovery,protocol_variant_by_payload_class,nonseg_ascii_b16,hmac_like_hex,,25,1.0,0.0,1.0,1.0,deterministic bootstrap over recorded trial rows
ok,exact_recovery,protocol_variant_by_payload_class,nonseg_ascii_b16,nonce_96_bit_hex,,25,1.0,0.0,1.0,1.0,deterministic bootstrap over recorded trial rows
ok,exact_recovery,protocol_variant_by_payload_class,nonseg_ascii_b16,random_128_bit_hex,,25,1.0,0.0,1.0,1.0,deterministic bootstrap over recorded trial rows
ok,exact_recovery,protocol_variant_by_payload_class,nonseg_ascii_b16,random_256_bit_hex,,25,1.0,0.0,1.0,1.0,deterministic bootstrap over recorded trial rows
ok,exact_recovery,protocol_variant_by_payload_class,nonseg_ascii_b16,sha256_hex,,25,1.0,0.0,1.0,1.0,deterministic bootstrap over recorded trial rows
ok,exact_recovery,protocol_variant_by_payload_class,nonseg_ascii_b16,uuid_v4_like,,25,1.0,0.0,1.0,1.0,deterministic bootstrap over recorded trial rows
ok,exact_recovery,protocol_variant_by_payload_class,nonseg_ascii_b8,ciphertext_like_base64,,25,1.0,0.0,1.0,1.0,deterministic bootstrap over recorded trial rows
ok,exact_recovery,protocol_variant_by_payload_class,nonseg_ascii_b8,hmac_like_hex,,25,1.0,0.0,1.0,1.0,deterministic bootstrap over recorded trial rows
ok,exact_recovery,protocol_variant_by_payload_class,nonseg_ascii_b8,nonce_96_bit_hex,,25,1.0,0.0,1.0,1.0,deterministic bootstrap over recorded trial rows
ok,exact_recovery,protocol_variant_by_payload_class,nonseg_ascii_b8,random_128_bit_hex,,25,1.0,0.0,1.0,1.0,deterministic bootstrap over recorded trial rows
ok,exact_recovery,protocol_variant_by_payload_class,nonseg_ascii_b8,random_256_bit_hex,,25,1.0,0.0,1.0,1.0,deterministic bootstrap over recorded trial rows
ok,exact_recovery,protocol_variant_by_payload_class,nonseg_ascii_b8,sha256_hex,,25,1.0,0.0,1.0,1.0,deterministic bootstrap over recorded trial rows
ok,exact_recovery,protocol_variant_by_payload_class,nonseg_ascii_b8,uuid_v4_like,,25,1.0,0.0,1.0,1.0,deterministic bootstrap over recorded trial rows
ok,exact_recovery,protocol_variant_by_payload_class,nonseg_hex_nibble_b16,hmac_like_hex,,25,1.0,0.0,1.0,1.0,deterministic bootstrap over recorded trial rows
ok,exact_recovery,protocol_variant_by_payload_class,nonseg_hex_nibble_b16,nonce_96_bit_hex,,25,1.0,0.0,1.0,1.0,deterministic bootstrap over recorded trial rows
ok,exact_recovery,protocol_variant_by_payload_class,nonseg_hex_nibble_b16,random_128_bit_hex,,25,1.0,0.0,1.0,1.0,deterministic bootstrap over recorded trial rows
ok,exact_recovery,protocol_variant_by_payload_class,nonseg_hex_nibble_b16,random_256_bit_hex,,25,1.0,0.0,1.0,1.0,deterministic bootstrap over recorded trial rows
ok,exact_recovery,protocol_variant_by_payload_class,nonseg_hex_nibble_b16,sha256_hex,,25,1.0,0.0,1.0,1.0,deterministic bootstrap over recorded trial rows
ok,rank_count,protocol_variant,nonseg_ascii_b16,,,175,99.42857142857143,33.72836532145902,94.35428571428571,104.50285714285714,deterministic bootstrap over recorded trial rows
ok,rank_count,protocol_variant,nonseg_ascii_b8,,,175,132.85714285714286,45.0332845340838,126.07971428571429,139.61771428571427,deterministic bootstrap over recorded trial rows
ok,rank_count,protocol_variant,nonseg_hex_nibble_b16,,,125,49.6,17.88854381999832,46.336,52.67359999999999,deterministic bootstrap over recorded trial rows
ok,rank_count,protocol_variant_by_payload_class,nonseg_ascii_b16,ciphertext_like_base64,,25,128.0,0.0,128.0,128.0,deterministic bootstrap over recorded trial rows
ok,rank_count,protocol_variant_by_payload_class,nonseg_ascii_b16,hmac_like_hex,,25,128.0,0.0,128.0,128.0,deterministic bootstrap over recorded trial rows
ok,rank_count,protocol_variant_by_payload_class,nonseg_ascii_b16,nonce_96_bit_hex,,25,48.0,0.0,48.0,48.0,deterministic bootstrap over recorded trial rows
ok,rank_count,protocol_variant_by_payload_class,nonseg_ascii_b16,random_128_bit_hex,,25,64.0,0.0,64.0,64.0,deterministic bootstrap over recorded trial rows
ok,rank_count,protocol_variant_by_payload_class,nonseg_ascii_b16,random_256_bit_hex,,25,128.0,0.0,128.0,128.0,deterministic bootstrap over recorded trial rows
ok,rank_count,protocol_variant_by_payload_class,nonseg_ascii_b16,sha256_hex,,25,128.0,0.0,128.0,128.0,deterministic bootstrap over recorded trial rows
ok,rank_count,protocol_variant_by_payload_class,nonseg_ascii_b16,uuid_v4_like,,25,72.0,0.0,72.0,72.0,deterministic bootstrap over recorded trial rows
ok,rank_count,protocol_variant_by_payload_class,nonseg_ascii_b8,ciphertext_like_base64,,25,171.0,0.0,171.0,171.0,deterministic bootstrap over recorded trial rows
ok,rank_count,protocol_variant_by_payload_class,nonseg_ascii_b8,hmac_like_hex,,25,171.0,0.0,171.0,171.0,deterministic bootstrap over recorded trial rows
ok,rank_count,protocol_variant_by_payload_class,nonseg_ascii_b8,nonce_96_bit_hex,,25,64.0,0.0,64.0,64.0,deterministic bootstrap over recorded trial rows
ok,rank_count,protocol_variant_by_payload_class,nonseg_ascii_b8,random_128_bit_hex,,25,86.0,0.0,86.0,86.0,deterministic bootstrap over recorded trial rows
ok,rank_count,protocol_variant_by_payload_class,nonseg_ascii_b8,random_256_bit_hex,,25,171.0,0.0,171.0,171.0,deterministic bootstrap over recorded trial rows
ok,rank_count,protocol_variant_by_payload_class,nonseg_ascii_b8,sha256_hex,,25,171.0,0.0,171.0,171.0,deterministic bootstrap over recorded trial rows
ok,rank_count,protocol_variant_by_payload_class,nonseg_ascii_b8,uuid_v4_like,,25,96.0,0.0,96.0,96.0,deterministic bootstrap over recorded trial rows
ok,rank_count,protocol_variant_by_payload_class,nonseg_hex_nibble_b16,hmac_like_hex,,25,64.0,0.0,64.0,64.0,deterministic bootstrap over recorded trial rows
ok,rank_count,protocol_variant_by_payload_class,nonseg_hex_nibble_b16,nonce_96_bit_hex,,25,24.0,0.0,24.0,24.0,deterministic bootstrap over recorded trial rows
ok,rank_count,protocol_variant_by_payload_class,nonseg_hex_nibble_b16,random_128_bit_hex,,25,32.0,0.0,32.0,32.0,deterministic bootstrap over recorded trial rows
ok,rank_count,protocol_variant_by_payload_class,nonseg_hex_nibble_b16,random_256_bit_hex,,25,64.0,0.0,64.0,64.0,deterministic bootstrap over recorded trial rows
ok,rank_count,protocol_variant_by_payload_class,nonseg_hex_nibble_b16,sha256_hex,,25,64.0,0.0,64.0,64.0,deterministic bootstrap over recorded trial rows
ok,generated_token_count,protocol_variant,nonseg_ascii_b16,,,175,99.42857142857143,33.72836532145902,94.35428571428571,104.50285714285714,deterministic bootstrap over recorded trial rows
ok,generated_token_count,protocol_variant,nonseg_ascii_b8,,,175,132.85714285714286,45.0332845340838,126.07971428571429,139.61771428571427,deterministic bootstrap over recorded trial rows
ok,generated_token_count,protocol_variant,nonseg_hex_nibble_b16,,,125,49.6,17.88854381999832,46.336,52.67359999999999,deterministic bootstrap over recorded trial rows
ok,generated_token_count,protocol_variant_by_payload_class,nonseg_ascii_b16,ciphertext_like_base64,,25,128.0,0.0,128.0,128.0,deterministic bootstrap over recorded trial rows
ok,generated_token_count,protocol_variant_by_payload_class,nonseg_ascii_b16,hmac_like_hex,,25,128.0,0.0,128.0,128.0,deterministic bootstrap over recorded trial rows
ok,generated_token_count,protocol_variant_by_payload_class,nonseg_ascii_b16,nonce_96_bit_hex,,25,48.0,0.0,48.0,48.0,deterministic bootstrap over recorded trial rows
ok,generated_token_count,protocol_variant_by_payload_class,nonseg_ascii_b16,random_128_bit_hex,,25,64.0,0.0,64.0,64.0,deterministic bootstrap over recorded trial rows
ok,generated_token_count,protocol_variant_by_payload_class,nonseg_ascii_b16,random_256_bit_hex,,25,128.0,0.0,128.0,128.0,deterministic bootstrap over recorded trial rows
ok,generated_token_count,protocol_variant_by_payload_class,nonseg_ascii_b16,sha256_hex,,25,128.0,0.0,128.0,128.0,deterministic bootstrap over recorded trial rows
ok,generated_token_count,protocol_variant_by_payload_class,nonseg_ascii_b16,uuid_v4_like,,25,72.0,0.0,72.0,72.0,deterministic bootstrap over recorded trial rows
ok,generated_token_count,protocol_variant_by_payload_class,nonseg_ascii_b8,ciphertext_like_base64,,25,171.0,0.0,171.0,171.0,deterministic bootstrap over recorded trial rows
ok,generated_token_count,protocol_variant_by_payload_class,nonseg_ascii_b8,hmac_like_hex,,25,171.0,0.0,171.0,171.0,deterministic bootstrap over recorded trial rows
ok,generated_token_count,protocol_variant_by_payload_class,nonseg_ascii_b8,nonce_96_bit_hex,,25,64.0,0.0,64.0,64.0,deterministic bootstrap over recorded trial rows
ok,generated_token_count,protocol_variant_by_payload_class,nonseg_ascii_b8,random_128_bit_hex,,25,86.0,0.0,86.0,86.0,deterministic bootstrap over recorded trial rows
ok,generated_token_count,protocol_variant_by_payload_class,nonseg_ascii_b8,random_256_bit_hex,,25,171.0,0.0,171.0,171.0,deterministic bootstrap over recorded trial rows
ok,generated_token_count,protocol_variant_by_payload_class,nonseg_ascii_b8,sha256_hex,,25,171.0,0.0,171.0,171.0,deterministic bootstrap over recorded trial rows
ok,generated_token_count,protocol_variant_by_payload_class,nonseg_ascii_b8,uuid_v4_like,,25,96.0,0.0,96.0,96.0,deterministic bootstrap over recorded trial rows
ok,generated_token_count,protocol_variant_by_payload_class,nonseg_hex_nibble_b16,hmac_like_hex,,25,64.0,0.0,64.0,64.0,deterministic bootstrap over recorded trial rows
ok,generated_token_count,protocol_variant_by_payload_class,nonseg_hex_nibble_b16,nonce_96_bit_hex,,25,24.0,0.0,24.0,24.0,deterministic bootstrap over recorded trial rows
ok,generated_token_count,protocol_variant_by_payload_class,nonseg_hex_nibble_b16,random_128_bit_hex,,25,32.0,0.0,32.0,32.0,deterministic bootstrap over recorded trial rows
ok,generated_token_count,protocol_variant_by_payload_class,nonseg_hex_nibble_b16,random_256_bit_hex,,25,64.0,0.0,64.0,64.0,deterministic bootstrap over recorded trial rows
ok,generated_token_count,protocol_variant_by_payload_class,nonseg_hex_nibble_b16,sha256_hex,,25,64.0,0.0,64.0,64.0,deterministic bootstrap over recorded trial rows
ok,mean_token_log_probability,protocol_variant,nonseg_ascii_b16,,,175,-3.9647917360890066,0.27393861956022564,-4.003955179962423,-3.9240723641327393,deterministic bootstrap over recorded trial rows
ok,mean_token_log_probability,protocol_variant,nonseg_ascii_b8,,,175,-3.449699005947006,0.20187610886794463,-3.479631368704046,-3.418448046891717,deterministic bootstrap over recorded trial rows
ok,mean_token_log_probability,protocol_variant,nonseg_hex_nibble_b16,,,125,-4.601375879694837,0.3553672521861847,-4.663520996514531,-4.54397003697943,deterministic bootstrap over recorded trial rows
ok,mean_token_log_probability,protocol_variant_by_payload_class,nonseg_ascii_b16,ciphertext_like_base64,,25,-4.050021922625816,0.22741355528066737,-4.130177942328877,-3.959820026840592,deterministic bootstrap over recorded trial rows
ok,mean_token_log_probability,protocol_variant_by_payload_class,nonseg_ascii_b16,hmac_like_hex,,25,-3.7866042927993817,0.1607511853527454,-3.8461833501311906,-3.730664476248632,deterministic bootstrap over recorded trial rows
ok,mean_token_log_probability,protocol_variant_by_payload_class,nonseg_ascii_b16,nonce_96_bit_hex,,25,-4.109272284088424,0.273009607062204,-4.203077630209956,-4.007948198485046,deterministic bootstrap over recorded trial rows
ok,mean_token_log_probability,protocol_variant_by_payload_class,nonseg_ascii_b16,random_128_bit_hex,,25,-4.155862417504581,0.29359430541808723,-4.267453441534443,-4.0425972043695575,deterministic bootstrap over recorded trial rows
ok,mean_token_log_probability,protocol_variant_by_payload_class,nonseg_ascii_b16,random_256_bit_hex,,25,-3.808164517390205,0.1952362031577314,-3.884165516153499,-3.736494056198551,deterministic bootstrap over recorded trial rows
ok,mean_token_log_probability,protocol_variant_by_payload_class,nonseg_ascii_b16,sha256_hex,,25,-3.835741497111529,0.17188717025009498,-3.898470043764504,-3.768621269018997,deterministic bootstrap over recorded trial rows
ok,mean_token_log_probability,protocol_variant_by_payload_class,nonseg_ascii_b16,uuid_v4_like,,25,-4.0078752211031095,0.3047215866514111,-4.130212442815705,-3.891543538937104,deterministic bootstrap over recorded trial rows
ok,mean_token_log_probability,protocol_variant_by_payload_class,nonseg_ascii_b8,ciphertext_like_base64,,25,-3.4329501030520806,0.1340629420924659,-3.483018657511815,-3.3788996886716993,deterministic bootstrap over recorded trial rows
ok,mean_token_log_probability,protocol_variant_by_payload_class,nonseg_ascii_b8,hmac_like_hex,,25,-3.3484231973164578,0.1568383771227186,-3.4054177886632147,-3.286883328323805,deterministic bootstrap over recorded trial rows
ok,mean_token_log_probability,protocol_variant_by_payload_class,nonseg_ascii_b8,nonce_96_bit_hex,,25,-3.552751457864267,0.20551364574525238,-3.6263856519736857,-3.468237296923238,deterministic bootstrap over recorded trial rows
ok,mean_token_log_probability,protocol_variant_by_payload_class,nonseg_ascii_b8,random_128_bit_hex,,25,-3.557463151144069,0.22918847935398587,-3.646889527370682,-3.474718265320554,deterministic bootstrap over recorded trial rows
ok,mean_token_log_probability,protocol_variant_by_payload_class,nonseg_ascii_b8,random_256_bit_hex,,25,-3.401744867920654,0.1199947037351508,-3.4451882273420713,-3.3520173612583206,deterministic bootstrap over recorded trial rows
ok,mean_token_log_probability,protocol_variant_by_payload_class,nonseg_ascii_b8,sha256_hex,,25,-3.3328324591567107,0.18267876378343287,-3.4016225594654244,-3.2596367087450013,deterministic bootstrap over recorded trial rows
ok,mean_token_log_probability,protocol_variant_by_payload_class,nonseg_ascii_b8,uuid_v4_like,,25,-3.5217278051747987,0.23280753073538105,-3.6172580598989947,-3.43083650622193,deterministic bootstrap over recorded trial rows
ok,mean_token_log_probability,protocol_variant_by_payload_class,nonseg_hex_nibble_b16,hmac_like_hex,,25,-4.415779497080006,0.2910692583894371,-4.529709142935268,-4.3048222569750445,deterministic bootstrap over recorded trial rows
ok,mean_token_log_probability,protocol_variant_by_payload_class,nonseg_hex_nibble_b16,nonce_96_bit_hex,,25,-4.72678902910567,0.4398370688463573,-4.892372282364711,-4.5680786615145195,deterministic bootstrap over recorded trial rows
ok,mean_token_log_probability,protocol_variant_by_payload_class,nonseg_hex_nibble_b16,random_128_bit_hex,,25,-4.884336451961595,0.36611246238533524,-5.015558177946996,-4.749917629707631,deterministic bootstrap over recorded trial rows
ok,mean_token_log_probability,protocol_variant_by_payload_class,nonseg_hex_nibble_b16,random_256_bit_hex,,25,-4.451061469221235,0.17744220599363766,-4.516529289905903,-4.373490100302192,deterministic bootstrap over recorded trial rows
ok,mean_token_log_probability,protocol_variant_by_payload_class,nonseg_hex_nibble_b16,sha256_hex,,25,-4.528912951105674,0.21000390596525448,-4.603703175744963,-4.442593775193379,deterministic bootstrap over recorded trial rows
ok,p95_generated_rank,protocol_variant,nonseg_ascii_b16,,,175,9.384285714285713,2.0415149402420565,9.07827857142857,9.667535714285716,deterministic bootstrap over recorded trial rows
ok,p95_generated_rank,protocol_variant,nonseg_ascii_b8,,,175,7.057142857142857,0.23278142562976667,7.0285714285714285,7.091428571428572,deterministic bootstrap over recorded trial rows
ok,p95_generated_rank,protocol_variant,nonseg_hex_nibble_b16,,,125,15.591999999999999,0.5761874135069867,15.481179999999997,15.693199999999997,deterministic bootstrap over recorded trial rows
ok,p95_generated_rank,protocol_variant_by_payload_class,nonseg_ascii_b16,ciphertext_like_base64,,25,13.119999999999994,0.8801041605022307,12.783999999999992,13.441999999999993,deterministic bootstrap over recorded trial rows
ok,p95_generated_rank,protocol_variant_by_payload_class,nonseg_ascii_b16,hmac_like_hex,,25,8.6,0.5,8.4,8.8,deterministic bootstrap over recorded trial rows
ok,p95_generated_rank,protocol_variant_by_payload_class,nonseg_ascii_b16,nonce_96_bit_hex,,25,7.93,0.841377838231235,7.6097,8.248050000000001,deterministic bootstrap over recorded trial rows
ok,p95_generated_rank,protocol_variant_by_payload_class,nonseg_ascii_b16,random_128_bit_hex,,25,8.0,0.9128709291752769,7.64,8.32,deterministic bootstrap over recorded trial rows
ok,p95_generated_rank,protocol_variant_by_payload_class,nonseg_ascii_b16,random_256_bit_hex,,25,8.329999999999998,0.42768758067854334,8.171999999999999,8.501999999999999,deterministic bootstrap over recorded trial rows
ok,p95_generated_rank,protocol_variant_by_payload_class,nonseg_ascii_b16,sha256_hex,,25,8.129999999999997,0.2653613888015075,8.026,8.233999999999996,deterministic bootstrap over recorded trial rows
ok,p95_generated_rank,protocol_variant_by_payload_class,nonseg_ascii_b16,uuid_v4_like,,25,11.58000000000001,0.4490731195102477,11.404000000000012,11.75600000000001,deterministic bootstrap over recorded trial rows
ok,p95_generated_rank,protocol_variant_by_payload_class,nonseg_ascii_b8,ciphertext_like_base64,,25,7.4,0.5,7.2,7.6,deterministic bootstrap over recorded trial rows
ok,p95_generated_rank,protocol_variant_by_payload_class,nonseg_ascii_b8,hmac_like_hex,,25,7.0,0.0,7.0,7.0,deterministic bootstrap over recorded trial rows
ok,p95_generated_rank,protocol_variant_by_payload_class,nonseg_ascii_b8,nonce_96_bit_hex,,25,7.0,0.0,7.0,7.0,deterministic bootstrap over recorded trial rows
ok,p95_generated_rank,protocol_variant_by_payload_class,nonseg_ascii_b8,random_128_bit_hex,,25,7.0,0.0,7.0,7.0,deterministic bootstrap over recorded trial rows
ok,p95_generated_rank,protocol_variant_by_payload_class,nonseg_ascii_b8,random_256_bit_hex,,25,7.0,0.0,7.0,7.0,deterministic bootstrap over recorded trial rows
ok,p95_generated_rank,protocol_variant_by_payload_class,nonseg_ascii_b8,sha256_hex,,25,7.0,0.0,7.0,7.0,deterministic bootstrap over recorded trial rows
ok,p95_generated_rank,protocol_variant_by_payload_class,nonseg_ascii_b8,uuid_v4_like,,25,7.0,0.0,7.0,7.0,deterministic bootstrap over recorded trial rows
ok,p95_generated_rank,protocol_variant_by_payload_class,nonseg_hex_nibble_b16,hmac_like_hex,,25,15.739999999999998,0.4580302027887118,15.555999999999997,15.905999999999999,deterministic bootstrap over recorded trial rows
ok,p95_generated_rank,protocol_variant_by_payload_class,nonseg_hex_nibble_b16,nonce_96_bit_hex,,25,15.049999999999997,0.8094494013422547,14.724,15.354,deterministic bootstrap over recorded trial rows
ok,p95_generated_rank,protocol_variant_by_payload_class,nonseg_hex_nibble_b16,random_128_bit_hex,,25,15.69,0.41382363393117133,15.526000000000002,15.835999999999999,deterministic bootstrap over recorded trial rows
ok,p95_generated_rank,protocol_variant_by_payload_class,nonseg_hex_nibble_b16,random_256_bit_hex,,25,15.879999999999995,0.061237243569581774,15.855999999999995,15.903999999999996,deterministic bootstrap over recorded trial rows
ok,p95_generated_rank,protocol_variant_by_payload_class,nonseg_hex_nibble_b16,sha256_hex,,25,15.6,0.5,15.4,15.8,deterministic bootstrap over recorded trial rows
ok,repeated_token_fraction,protocol_variant,nonseg_ascii_b16,,,175,0.19882936507936505,0.09800751969618125,0.18572507440476188,0.21354117063492065,deterministic bootstrap over recorded trial rows
ok,repeated_token_fraction,protocol_variant,nonseg_ascii_b8,,,175,0.24405307114685934,0.10176602170557093,0.23043513762604187,0.25918361158467873,deterministic bootstrap over recorded trial rows
ok,repeated_token_fraction,protocol_variant,nonseg_hex_nibble_b16,,,125,0.08470833333333333,0.05749423499422951,0.07483229166666666,0.09433437499999998,deterministic bootstrap over recorded trial rows
ok,repeated_token_fraction,protocol_variant_by_payload_class,nonseg_ascii_b16,ciphertext_like_base64,,25,0.2784375,0.11694593157292106,0.23875,0.3250078125,deterministic bootstrap over recorded trial rows
ok,repeated_token_fraction,protocol_variant_by_payload_class,nonseg_ascii_b16,hmac_like_hex,,25,0.2315625,0.04867841632742209,0.21280468749999998,0.2496875,deterministic bootstrap over recorded trial rows
ok,repeated_token_fraction,protocol_variant_by_payload_class,nonseg_ascii_b16,nonce_96_bit_hex,,25,0.10416666666666663,0.06642752246426732,0.08083333333333328,0.13333333333333328,deterministic bootstrap over recorded trial rows
ok,repeated_token_fraction,protocol_variant_by_payload_class,nonseg_ascii_b16,random_128_bit_hex,,25,0.120625,0.04047448077183943,0.105,0.136890625,deterministic bootstrap over recorded trial rows
ok,repeated_token_fraction,protocol_variant_by_payload_class,nonseg_ascii_b16,random_256_bit_hex,,25,0.2434375,0.09096000401676094,0.208125,0.278125,deterministic bootstrap over recorded trial rows
ok,repeated_token_fraction,protocol_variant_by_payload_class,nonseg_ascii_b16,sha256_hex,,25,0.2496875,0.06340811614224424,0.22811718749999998,0.2740625,deterministic bootstrap over recorded trial rows
ok,repeated_token_fraction,protocol_variant_by_payload_class,nonseg_ascii_b16,uuid_v4_like,,25,0.16388888888888886,0.07607257743127308,0.13831944444444438,0.1966666666666666,deterministic bootstrap over recorded trial rows
ok,repeated_token_fraction,protocol_variant_by_payload_class,nonseg_ascii_b8,ciphertext_like_base64,,25,0.31064327485380117,0.08525318343591008,0.2811637426900584,0.34597076023391804,deterministic bootstrap over recorded trial rows
ok,repeated_token_fraction,protocol_variant_by_payload_class,nonseg_ascii_b8,hmac_like_hex,,25,0.295906432748538,0.07734272793173773,0.26759064327485377,0.32469005847953214,deterministic bootstrap over recorded trial rows
ok,repeated_token_fraction,protocol_variant_by_payload_class,nonseg_ascii_b8,nonce_96_bit_hex,,25,0.125625,0.05713995063292699,0.104375,0.1475,deterministic bootstrap over recorded trial rows
ok,repeated_token_fraction,protocol_variant_by_payload_class,nonseg_ascii_b8,random_128_bit_hex,,25,0.17534883720930228,0.05504558315602151,0.15674418604651158,0.19767441860465113,deterministic bootstrap over recorded trial rows
ok,repeated_token_fraction,protocol_variant_by_payload_class,nonseg_ascii_b8,random_256_bit_hex,,25,0.2940350877192982,0.0695537766615503,0.2687719298245614,0.3228187134502924,deterministic bootstrap over recorded trial rows
ok,repeated_token_fraction,protocol_variant_by_payload_class,nonseg_ascii_b8,sha256_hex,,25,0.31181286549707604,0.1070180764587989,0.27249707602339174,0.35557309941520465,deterministic bootstrap over recorded trial rows
ok,repeated_token_fraction,protocol_variant_by_payload_class,nonseg_ascii_b8,uuid_v4_like,,25,0.19499999999999995,0.04909113194978409,0.17624999999999996,0.21249999999999997,deterministic bootstrap over recorded trial rows
ok,repeated_token_fraction,protocol_variant_by_payload_class,nonseg_hex_nibble_b16,hmac_like_hex,,25,0.11875,0.04752158226795484,0.1025,0.13690624999999998,deterministic bootstrap over recorded trial rows
ok,repeated_token_fraction,protocol_variant_by_payload_class,nonseg_hex_nibble_b16,nonce_96_bit_hex,,25,0.036666666666666646,0.04859126579037749,0.019999999999999983,0.05666666666666664,deterministic bootstrap over recorded trial rows
ok,repeated_token_fraction,protocol_variant_by_payload_class,nonseg_hex_nibble_b16,random_128_bit_hex,,25,0.06,0.046805504038877024,0.04375,0.07875,deterministic bootstrap over recorded trial rows
ok,repeated_token_fraction,protocol_variant_by_payload_class,nonseg_hex_nibble_b16,random_256_bit_hex,,25,0.10625,0.0546875,0.08625,0.128125,deterministic bootstrap over recorded trial rows
ok,repeated_token_fraction,protocol_variant_by_payload_class,nonseg_hex_nibble_b16,sha256_hex,,25,0.101875,0.047332833587443994,0.083125,0.121875,deterministic bootstrap over recorded trial rows
ok,artifact_count_total,protocol_variant,nonseg_ascii_b16,,,175,0.4,0.6251436616499838,0.3028571428571429,0.49714285714285716,deterministic bootstrap over recorded trial rows
ok,artifact_count_total,protocol_variant,nonseg_ascii_b8,,,175,0.6228571428571429,0.8811844544094837,0.49714285714285716,0.7657142857142857,deterministic bootstrap over recorded trial rows
ok,artifact_count_total,protocol_variant,nonseg_hex_nibble_b16,,,125,0.384,0.6572670690061994,0.272,0.4961999999999998,deterministic bootstrap over recorded trial rows
ok,artifact_count_total,protocol_variant_by_payload_class,nonseg_ascii_b16,ciphertext_like_base64,,25,0.24,0.5228129047119374,0.08,0.44,deterministic bootstrap over recorded trial rows
ok,artifact_count_total,protocol_variant_by_payload_class,nonseg_ascii_b16,hmac_like_hex,,25,0.48,0.5099019513592785,0.28,0.68,deterministic bootstrap over recorded trial rows
ok,artifact_count_total,protocol_variant_by_payload_class,nonseg_ascii_b16,nonce_96_bit_hex,,25,0.32,0.5567764362830022,0.12,0.56,deterministic bootstrap over recorded trial rows
ok,artifact_count_total,protocol_variant_by_payload_class,nonseg_ascii_b16,random_128_bit_hex,,25,0.28,0.45825756949558405,0.12,0.4409999999999991,deterministic bootstrap over recorded trial rows
ok,artifact_count_total,protocol_variant_by_payload_class,nonseg_ascii_b16,random_256_bit_hex,,25,0.64,0.8602325267042628,0.32,1.0,deterministic bootstrap over recorded trial rows
ok,artifact_count_total,protocol_variant_by_payload_class,nonseg_ascii_b16,sha256_hex,,25,0.4,0.5773502691896257,0.2,0.64,deterministic bootstrap over recorded trial rows
ok,artifact_count_total,protocol_variant_by_payload_class,nonseg_ascii_b16,uuid_v4_like,,25,0.44,0.7681145747868608,0.2,0.76,deterministic bootstrap over recorded trial rows
ok,artifact_count_total,protocol_variant_by_payload_class,nonseg_ascii_b8,ciphertext_like_base64,,25,0.76,0.9695359714832659,0.44,1.16,deterministic bootstrap over recorded trial rows
ok,artifact_count_total,protocol_variant_by_payload_class,nonseg_ascii_b8,hmac_like_hex,,25,0.84,1.0677078252031311,0.44,1.28,deterministic bootstrap over recorded trial rows
ok,artifact_count_total,protocol_variant_by_payload_class,nonseg_ascii_b8,nonce_96_bit_hex,,25,0.32,0.47609522856952335,0.16,0.52,deterministic bootstrap over recorded trial rows
ok,artifact_count_total,protocol_variant_by_payload_class,nonseg_ascii_b8,random_128_bit_hex,,25,0.32,0.47609522856952335,0.16,0.52,deterministic bootstrap over recorded trial rows
ok,artifact_count_total,protocol_variant_by_payload_class,nonseg_ascii_b8,random_256_bit_hex,,25,0.76,1.0908712114635715,0.3990000000000001,1.2,deterministic bootstrap over recorded trial rows
ok,artifact_count_total,protocol_variant_by_payload_class,nonseg_ascii_b8,sha256_hex,,25,0.76,0.9695359714832659,0.4,1.16,deterministic bootstrap over recorded trial rows
ok,artifact_count_total,protocol_variant_by_payload_class,nonseg_ascii_b8,uuid_v4_like,,25,0.6,0.816496580927726,0.32,0.92,deterministic bootstrap over recorded trial rows
ok,artifact_count_total,protocol_variant_by_payload_class,nonseg_hex_nibble_b16,hmac_like_hex,,25,0.56,0.7118052168020874,0.28,0.84,deterministic bootstrap over recorded trial rows
ok,artifact_count_total,protocol_variant_by_payload_class,nonseg_hex_nibble_b16,nonce_96_bit_hex,,25,0.16,0.3741657386773941,0.04,0.32,deterministic bootstrap over recorded trial rows
ok,artifact_count_total,protocol_variant_by_payload_class,nonseg_hex_nibble_b16,random_128_bit_hex,,25,0.28,0.45825756949558405,0.12,0.48,deterministic bootstrap over recorded trial rows
ok,artifact_count_total,protocol_variant_by_payload_class,nonseg_hex_nibble_b16,random_256_bit_hex,,25,0.56,0.8205689083394114,0.28,0.88,deterministic bootstrap over recorded trial rows
ok,artifact_count_total,protocol_variant_by_payload_class,nonseg_hex_nibble_b16,sha256_hex,,25,0.36,0.7571877794400365,0.12,0.72,deterministic bootstrap over recorded trial rows
ok,exact_recovery,protocol_variant,segmented_hex_multi_topic_leadin8_sentence_tail_filtered,,,25,1.0,0.0,1.0,1.0,deterministic bootstrap over recorded trial rows
ok,exact_recovery,protocol_variant,segmented_hex_multi_topic_sentence_tail_filtered,,,25,1.0,0.0,1.0,1.0,deterministic bootstrap over recorded trial rows
ok,exact_recovery,protocol_variant,segmented_hex_single_topic_sentence_tail_filtered,,,25,1.0,0.0,1.0,1.0,deterministic bootstrap over recorded trial rows
ok,exact_recovery,protocol_variant_by_payload_class,segmented_hex_multi_topic_leadin8_sentence_tail_filtered,hmac_like_hex,,5,1.0,0.0,1.0,1.0,deterministic bootstrap over recorded trial rows
ok,exact_recovery,protocol_variant_by_payload_class,segmented_hex_multi_topic_leadin8_sentence_tail_filtered,nonce_96_bit_hex,,5,1.0,0.0,1.0,1.0,deterministic bootstrap over recorded trial rows
ok,exact_recovery,protocol_variant_by_payload_class,segmented_hex_multi_topic_leadin8_sentence_tail_filtered,random_128_bit_hex,,5,1.0,0.0,1.0,1.0,deterministic bootstrap over recorded trial rows
ok,exact_recovery,protocol_variant_by_payload_class,segmented_hex_multi_topic_leadin8_sentence_tail_filtered,random_256_bit_hex,,5,1.0,0.0,1.0,1.0,deterministic bootstrap over recorded trial rows
ok,exact_recovery,protocol_variant_by_payload_class,segmented_hex_multi_topic_leadin8_sentence_tail_filtered,sha256_hex,,5,1.0,0.0,1.0,1.0,deterministic bootstrap over recorded trial rows
ok,exact_recovery,protocol_variant_by_payload_class,segmented_hex_multi_topic_sentence_tail_filtered,hmac_like_hex,,5,1.0,0.0,1.0,1.0,deterministic bootstrap over recorded trial rows
ok,exact_recovery,protocol_variant_by_payload_class,segmented_hex_multi_topic_sentence_tail_filtered,nonce_96_bit_hex,,5,1.0,0.0,1.0,1.0,deterministic bootstrap over recorded trial rows
ok,exact_recovery,protocol_variant_by_payload_class,segmented_hex_multi_topic_sentence_tail_filtered,random_128_bit_hex,,5,1.0,0.0,1.0,1.0,deterministic bootstrap over recorded trial rows
ok,exact_recovery,protocol_variant_by_payload_class,segmented_hex_multi_topic_sentence_tail_filtered,random_256_bit_hex,,5,1.0,0.0,1.0,1.0,deterministic bootstrap over recorded trial rows
ok,exact_recovery,protocol_variant_by_payload_class,segmented_hex_multi_topic_sentence_tail_filtered,sha256_hex,,5,1.0,0.0,1.0,1.0,deterministic bootstrap over recorded trial rows
ok,exact_recovery,protocol_variant_by_payload_class,segmented_hex_single_topic_sentence_tail_filtered,hmac_like_hex,,5,1.0,0.0,1.0,1.0,deterministic bootstrap over recorded trial rows
ok,exact_recovery,protocol_variant_by_payload_class,segmented_hex_single_topic_sentence_tail_filtered,nonce_96_bit_hex,,5,1.0,0.0,1.0,1.0,deterministic bootstrap over recorded trial rows
ok,exact_recovery,protocol_variant_by_payload_class,segmented_hex_single_topic_sentence_tail_filtered,random_128_bit_hex,,5,1.0,0.0,1.0,1.0,deterministic bootstrap over recorded trial rows
ok,exact_recovery,protocol_variant_by_payload_class,segmented_hex_single_topic_sentence_tail_filtered,random_256_bit_hex,,5,1.0,0.0,1.0,1.0,deterministic bootstrap over recorded trial rows
ok,exact_recovery,protocol_variant_by_payload_class,segmented_hex_single_topic_sentence_tail_filtered,sha256_hex,,5,1.0,0.0,1.0,1.0,deterministic bootstrap over recorded trial rows
ok,total_full_message_token_count,protocol_variant,segmented_hex_multi_topic_leadin8_sentence_tail_filtered,,,25,289.28,106.18047529246294,248.146,328.572,deterministic bootstrap over recorded trial rows
ok,total_full_message_token_count,protocol_variant,segmented_hex_multi_topic_sentence_tail_filtered,,,25,254.76,97.06023902711141,218.114,289.161,deterministic bootstrap over recorded trial rows
ok,total_full_message_token_count,protocol_variant,segmented_hex_single_topic_sentence_tail_filtered,,,25,261.36,99.88238082865266,221.189,299.582,deterministic bootstrap over recorded trial rows
ok,total_full_message_token_count,protocol_variant_by_payload_class,segmented_hex_multi_topic_leadin8_sentence_tail_filtered,hmac_like_hex,,5,365.6,21.53601634471891,350.4,383.2,deterministic bootstrap over recorded trial rows
ok,total_full_message_token_count,protocol_variant_by_payload_class,segmented_hex_multi_topic_leadin8_sentence_tail_filtered,nonce_96_bit_hex,,5,141.8,17.326280616450838,129.0,157.0,deterministic bootstrap over recorded trial rows
ok,total_full_message_token_count,protocol_variant_by_payload_class,segmented_hex_multi_topic_leadin8_sentence_tail_filtered,random_128_bit_hex,,5,189.8,23.14519388555646,169.6,207.0,deterministic bootstrap over recorded trial rows
ok,total_full_message_token_count,protocol_variant_by_payload_class,segmented_hex_multi_topic_leadin8_sentence_tail_filtered,random_256_bit_hex,,5,370.2,14.601369798755183,359.8,380.8,deterministic bootstrap over recorded trial rows
ok,total_full_message_token_count,protocol_variant_by_payload_class,segmented_hex_multi_topic_leadin8_sentence_tail_filtered,sha256_hex,,5,379.0,32.349652239243625,353.2,401.8,deterministic bootstrap over recorded trial rows
ok,total_full_message_token_count,protocol_variant_by_payload_class,segmented_hex_multi_topic_sentence_tail_filtered,hmac_like_hex,,5,339.4,21.267345861672535,324.8,354.84999999999997,deterministic bootstrap over recorded trial rows
ok,total_full_message_token_count,protocol_variant_by_payload_class,segmented_hex_multi_topic_sentence_tail_filtered,nonce_96_bit_hex,,5,123.4,22.984777571253545,108.6,144.22999999999996,deterministic bootstrap over recorded trial rows
ok,total_full_message_token_count,protocol_variant_by_payload_class,segmented_hex_multi_topic_sentence_tail_filtered,random_128_bit_hex,,5,163.0,17.392527130926087,151.0,178.6,deterministic bootstrap over recorded trial rows
ok,total_full_message_token_count,protocol_variant_by_payload_class,segmented_hex_multi_topic_sentence_tail_filtered,random_256_bit_hex,,5,301.4,23.901882771028728,282.6,319.2,deterministic bootstrap over recorded trial rows
ok,total_full_message_token_count,protocol_variant_by_payload_class,segmented_hex_multi_topic_sentence_tail_filtered,sha256_hex,,5,346.6,18.92881401461803,331.8,361.4,deterministic bootstrap over recorded trial rows
ok,total_full_message_token_count,protocol_variant_by_payload_class,segmented_hex_single_topic_sentence_tail_filtered,hmac_like_hex,,5,346.2,27.206616842231597,326.4,366.6,deterministic bootstrap over recorded trial rows
ok,total_full_message_token_count,protocol_variant_by_payload_class,segmented_hex_single_topic_sentence_tail_filtered,nonce_96_bit_hex,,5,124.4,19.449935732541636,109.8,141.0,deterministic bootstrap over recorded trial rows
ok,total_full_message_token_count,protocol_variant_by_payload_class,segmented_hex_single_topic_sentence_tail_filtered,random_128_bit_hex,,5,167.2,23.79495744900587,147.2,183.8,deterministic bootstrap over recorded trial rows
ok,total_full_message_token_count,protocol_variant_by_payload_class,segmented_hex_single_topic_sentence_tail_filtered,random_256_bit_hex,,5,331.4,30.76198953253837,306.4,355.635,deterministic bootstrap over recorded trial rows
ok,total_full_message_token_count,protocol_variant_by_payload_class,segmented_hex_single_topic_sentence_tail_filtered,sha256_hex,,5,337.6,17.401149387324963,324.2,350.4,deterministic bootstrap over recorded trial rows
ok,forced_prefix_mean_log_probability_mean,protocol_variant,segmented_hex_multi_topic_leadin8_sentence_tail_filtered,,,25,-6.055039469674264,0.40648677562690616,-6.218330004609972,-5.916083280786137,deterministic bootstrap over recorded trial rows
ok,forced_prefix_mean_log_probability_mean,protocol_variant,segmented_hex_multi_topic_sentence_tail_filtered,,,25,-5.0597052533991125,0.3557130534570867,-5.190471762750981,-4.934925123927334,deterministic bootstrap over recorded trial rows
ok,forced_prefix_mean_log_probability_mean,protocol_variant,segmented_hex_single_topic_sentence_tail_filtered,,,25,-5.020428606851571,0.37256132954322013,-5.168868403464649,-4.87902510284735,deterministic bootstrap over recorded trial rows
ok,forced_prefix_mean_log_probability_mean,protocol_variant_by_payload_class,segmented_hex_multi_topic_leadin8_sentence_tail_filtered,hmac_like_hex,,5,-5.686645431065508,0.39267334821007854,-6.0400330521889565,-5.416894842005005,deterministic bootstrap over recorded trial rows
ok,forced_prefix_mean_log_probability_mean,protocol_variant_by_payload_class,segmented_hex_multi_topic_leadin8_sentence_tail_filtered,nonce_96_bit_hex,,5,-6.073332292566894,0.515441791708567,-6.567713047868814,-5.7703796059417884,deterministic bootstrap over recorded trial rows
ok,forced_prefix_mean_log_probability_mean,protocol_variant_by_payload_class,segmented_hex_multi_topic_leadin8_sentence_tail_filtered,random_128_bit_hex,,5,-6.326988852126504,0.32213518741460956,-6.569044572352851,-6.07115326555188,deterministic bootstrap over recorded trial rows
ok,forced_prefix_mean_log_probability_mean,protocol_variant_by_payload_class,segmented_hex_multi_topic_leadin8_sentence_tail_filtered,random_256_bit_hex,,5,-6.110870596079052,0.33109009923525,-6.355857163645849,-5.795588427412385,deterministic bootstrap over recorded trial rows
ok,forced_prefix_mean_log_probability_mean,protocol_variant_by_payload_class,segmented_hex_multi_topic_leadin8_sentence_tail_filtered,sha256_hex,,5,-6.077360176533363,0.30182598110160247,-6.293809353649679,-5.860910999417048,deterministic bootstrap over recorded trial rows
ok,forced_prefix_mean_log_probability_mean,protocol_variant_by_payload_class,segmented_hex_multi_topic_sentence_tail_filtered,hmac_like_hex,,5,-4.876506003703314,0.29167550470268194,-5.0995054942998,-4.644409271397132,deterministic bootstrap over recorded trial rows
ok,forced_prefix_mean_log_probability_mean,protocol_variant_by_payload_class,segmented_hex_multi_topic_sentence_tail_filtered,nonce_96_bit_hex,,5,-5.0445010094061935,0.5277489900188145,-5.4437094710147615,-4.6452925477976255,deterministic bootstrap over recorded trial rows
ok,forced_prefix_mean_log_probability_mean,protocol_variant_by_payload_class,segmented_hex_multi_topic_sentence_tail_filtered,random_128_bit_hex,,5,-5.1365957881885285,0.2890229267147749,-5.304084388452727,-4.873306954920674,deterministic bootstrap over recorded trial rows
ok,forced_prefix_mean_log_probability_mean,protocol_variant_by_payload_class,segmented_hex_multi_topic_sentence_tail_filtered,random_256_bit_hex,,5,-5.317065303660419,0.32163812277014986,-5.547780834244997,-5.086439248686402,deterministic bootstrap over recorded trial rows
ok,forced_prefix_mean_log_probability_mean,protocol_variant_by_payload_class,segmented_hex_multi_topic_sentence_tail_filtered,sha256_hex,,5,-4.923858162037102,0.23047631655955433,-5.1391173396271,-4.778552689435699,deterministic bootstrap over recorded trial rows
ok,forced_prefix_mean_log_probability_mean,protocol_variant_by_payload_class,segmented_hex_single_topic_sentence_tail_filtered,hmac_like_hex,,5,-4.77983872278678,0.26404100996345276,-5.011009894793373,-4.594098709439266,deterministic bootstrap over recorded trial rows
ok,forced_prefix_mean_log_probability_mean,protocol_variant_by_payload_class,segmented_hex_single_topic_sentence_tail_filtered,nonce_96_bit_hex,,5,-5.183995058272984,0.5047209573319089,-5.586488677723329,-4.8439151664703175,deterministic bootstrap over recorded trial rows
ok,forced_prefix_mean_log_probability_mean,protocol_variant_by_payload_class,segmented_hex_single_topic_sentence_tail_filtered,random_128_bit_hex,,5,-5.348876145473633,0.40782847317593895,-5.594781152634801,-4.9798520326758835,deterministic bootstrap over recorded trial rows
ok,forced_prefix_mean_log_probability_mean,protocol_variant_by_payload_class,segmented_hex_single_topic_sentence_tail_filtered,random_256_bit_hex,,5,-4.984848499560117,0.12219627220326681,-5.074613055483658,-4.889843711912243,deterministic bootstrap over recorded trial rows
ok,forced_prefix_mean_log_probability_mean,protocol_variant_by_payload_class,segmented_hex_single_topic_sentence_tail_filtered,sha256_hex,,5,-4.804584608164342,0.1631945961733188,-4.909943925576152,-4.658844604194334,deterministic bootstrap over recorded trial rows
ok,full_message_mean_log_probability_mean,protocol_variant,segmented_hex_multi_topic_leadin8_sentence_tail_filtered,,,25,-1.5072287128692472,0.11066501147905608,-1.5488532991649737,-1.466430489942797,deterministic bootstrap over recorded trial rows
ok,full_message_mean_log_probability_mean,protocol_variant,segmented_hex_multi_topic_sentence_tail_filtered,,,25,-1.453733638765649,0.17240409331362966,-1.5259683936373056,-1.3889449653275947,deterministic bootstrap over recorded trial rows
ok,full_message_mean_log_probability_mean,protocol_variant,segmented_hex_single_topic_sentence_tail_filtered,,,25,-1.5337636625772217,0.14876214103999696,-1.5933575334134613,-1.4769672487028527,deterministic bootstrap over recorded trial rows
ok,full_message_mean_log_probability_mean,protocol_variant_by_payload_class,segmented_hex_multi_topic_leadin8_sentence_tail_filtered,hmac_like_hex,,5,-1.4629146538046751,0.07334560516717961,-1.5117159074710957,-1.3960627347832255,deterministic bootstrap over recorded trial rows
ok,full_message_mean_log_probability_mean,protocol_variant_by_payload_class,segmented_hex_multi_topic_leadin8_sentence_tail_filtered,nonce_96_bit_hex,,5,-1.4829908501358169,0.188508047401842,-1.6263086650394514,-1.3312882759116642,deterministic bootstrap over recorded trial rows
ok,full_message_mean_log_probability_mean,protocol_variant_by_payload_class,segmented_hex_multi_topic_leadin8_sentence_tail_filtered,random_128_bit_hex,,5,-1.5537338881911595,0.11087322847059865,-1.642544480977783,-1.4614606557787373,deterministic bootstrap over recorded trial rows
ok,full_message_mean_log_probability_mean,protocol_variant_by_payload_class,segmented_hex_multi_topic_leadin8_sentence_tail_filtered,random_256_bit_hex,,5,-1.5430479989543557,0.05565787615418169,-1.5794604396792011,-1.489146069627473,deterministic bootstrap over recorded trial rows
ok,full_message_mean_log_probability_mean,protocol_variant_by_payload_class,segmented_hex_multi_topic_leadin8_sentence_tail_filtered,sha256_hex,,5,-1.4934561732602272,0.0971680416738595,-1.5428914859627785,-1.40680816439063,deterministic bootstrap over recorded trial rows
ok,full_message_mean_log_probability_mean,protocol_variant_by_payload_class,segmented_hex_multi_topic_sentence_tail_filtered,hmac_like_hex,,5,-1.3560172909214123,0.07281104140313449,-1.4092460180766968,-1.3056828115920318,deterministic bootstrap over recorded trial rows
ok,full_message_mean_log_probability_mean,protocol_variant_by_payload_class,segmented_hex_multi_topic_sentence_tail_filtered,nonce_96_bit_hex,,5,-1.4207710016608566,0.28363915982457577,-1.640143433349079,-1.2263318101839682,deterministic bootstrap over recorded trial rows
ok,full_message_mean_log_probability_mean,protocol_variant_by_payload_class,segmented_hex_multi_topic_sentence_tail_filtered,random_128_bit_hex,,5,-1.502423180140259,0.13958784723463383,-1.6083002987484705,-1.3917340180447364,deterministic bootstrap over recorded trial rows
ok,full_message_mean_log_probability_mean,protocol_variant_by_payload_class,segmented_hex_multi_topic_sentence_tail_filtered,random_256_bit_hex,,5,-1.6173815956533022,0.09640433690667971,-1.688919096815883,-1.5458440944907221,deterministic bootstrap over recorded trial rows
ok,full_message_mean_log_probability_mean,protocol_variant_by_payload_class,segmented_hex_multi_topic_sentence_tail_filtered,sha256_hex,,5,-1.3720751254524157,0.07576128103311579,-1.4236530209464036,-1.308754517793303,deterministic bootstrap over recorded trial rows
ok,full_message_mean_log_probability_mean,protocol_variant_by_payload_class,segmented_hex_single_topic_sentence_tail_filtered,hmac_like_hex,,5,-1.438973581154497,0.12026222660320703,-1.5425131883531602,-1.353198983290681,deterministic bootstrap over recorded trial rows
ok,full_message_mean_log_probability_mean,protocol_variant_by_payload_class,segmented_hex_single_topic_sentence_tail_filtered,nonce_96_bit_hex,,5,-1.5519667307616052,0.1711887289431883,-1.6803436622583612,-1.4388924185080365,deterministic bootstrap over recorded trial rows
ok,full_message_mean_log_probability_mean,protocol_variant_by_payload_class,segmented_hex_single_topic_sentence_tail_filtered,random_128_bit_hex,,5,-1.642248819369446,0.21103081681234942,-1.8102336166240556,-1.4722419163129055,deterministic bootstrap over recorded trial rows
ok,full_message_mean_log_probability_mean,protocol_variant_by_payload_class,segmented_hex_single_topic_sentence_tail_filtered,random_256_bit_hex,,5,-1.5579906015905935,0.08474728433096688,-1.6172660949769067,-1.4856901757268426,deterministic bootstrap over recorded trial rows
ok,full_message_mean_log_probability_mean,protocol_variant_by_payload_class,segmented_hex_single_topic_sentence_tail_filtered,sha256_hex,,5,-1.4776385800099678,0.07917208034772537,-1.5374116936196611,-1.417259404711227,deterministic bootstrap over recorded trial rows
ok,full_message_repetition_mean,protocol_variant,segmented_hex_multi_topic_leadin8_sentence_tail_filtered,,,25,0.17308407239072068,0.02621835345605222,0.16293962078016846,0.18290254059570688,deterministic bootstrap over recorded trial rows
ok,full_message_repetition_mean,protocol_variant,segmented_hex_multi_topic_sentence_tail_filtered,,,25,0.1386284053228667,0.02883225994656612,0.12884209191320056,0.15066257795701493,deterministic bootstrap over recorded trial rows
ok,full_message_repetition_mean,protocol_variant,segmented_hex_single_topic_sentence_tail_filtered,,,25,0.16800152615323957,0.029594429855468757,0.1562670953966638,0.1793218112778997,deterministic bootstrap over recorded trial rows
ok,full_message_repetition_mean,protocol_variant_by_payload_class,segmented_hex_multi_topic_leadin8_sentence_tail_filtered,hmac_like_hex,,5,0.1755864922507068,0.03206913656722939,0.15316269549160028,0.203684716589403,deterministic bootstrap over recorded trial rows
ok,full_message_repetition_mean,protocol_variant_by_payload_class,segmented_hex_multi_topic_leadin8_sentence_tail_filtered,nonce_96_bit_hex,,5,0.19701189236840616,0.02695599787026359,0.17708585243246702,0.217611198748745,deterministic bootstrap over recorded trial rows
ok,full_message_repetition_mean,protocol_variant_by_payload_class,segmented_hex_multi_topic_leadin8_sentence_tail_filtered,random_128_bit_hex,,5,0.15582306869497,0.01981640356935512,0.1372520993779808,0.16986175021602173,deterministic bootstrap over recorded trial rows
ok,full_message_repetition_mean,protocol_variant_by_payload_class,segmented_hex_multi_topic_leadin8_sentence_tail_filtered,random_256_bit_hex,,5,0.16779214142399157,0.020294158185874645,0.15267237982638093,0.18334968044308797,deterministic bootstrap over recorded trial rows
ok,full_message_repetition_mean,protocol_variant_by_payload_class,segmented_hex_multi_topic_leadin8_sentence_tail_filtered,sha256_hex,,5,0.1692067672155289,0.020373649898310583,0.15005635705661538,0.18191891915128905,deterministic bootstrap over recorded trial rows
ok,full_message_repetition_mean,protocol_variant_by_payload_class,segmented_hex_multi_topic_sentence_tail_filtered,hmac_like_hex,,5,0.14224570614377635,0.024884595327775046,0.1218513642374094,0.16101190646242683,deterministic bootstrap over recorded trial rows
ok,full_message_repetition_mean,protocol_variant_by_payload_class,segmented_hex_multi_topic_sentence_tail_filtered,nonce_96_bit_hex,,5,0.13306081085465316,0.04811348938314738,0.09635862309933448,0.1705990130468308,deterministic bootstrap over recorded trial rows
ok,full_message_repetition_mean,protocol_variant_by_payload_class,segmented_hex_multi_topic_sentence_tail_filtered,random_128_bit_hex,,5,0.14189322972292873,0.031249566867841052,0.1220146488561485,0.16787362014122134,deterministic bootstrap over recorded trial rows
ok,full_message_repetition_mean,protocol_variant_by_payload_class,segmented_hex_multi_topic_sentence_tail_filtered,random_256_bit_hex,,5,0.12920763835548532,0.02306790929571129,0.11431813107184499,0.15016877179005103,deterministic bootstrap over recorded trial rows
ok,full_message_repetition_mean,protocol_variant_by_payload_class,segmented_hex_multi_topic_sentence_tail_filtered,sha256_hex,,5,0.14673464153748983,0.016836730927837943,0.13456110710667268,0.15883196764613344,deterministic bootstrap over recorded trial rows
ok,full_message_repetition_mean,protocol_variant_by_payload_class,segmented_hex_single_topic_sentence_tail_filtered,hmac_like_hex,,5,0.18669497079407957,0.027095694984649234,0.17068953546362126,0.2105823448208557,deterministic bootstrap over recorded trial rows
ok,full_message_repetition_mean,protocol_variant_by_payload_class,segmented_hex_single_topic_sentence_tail_filtered,nonce_96_bit_hex,,5,0.1685455071885817,0.04789940305284586,0.13007640879311838,0.20851071591427264,deterministic bootstrap over recorded trial rows
ok,full_message_repetition_mean,protocol_variant_by_payload_class,segmented_hex_single_topic_sentence_tail_filtered,random_128_bit_hex,,5,0.15341009669993688,0.02702100916918702,0.13036588254330184,0.1724352918600926,deterministic bootstrap over recorded trial rows
ok,full_message_repetition_mean,protocol_variant_by_payload_class,segmented_hex_single_topic_sentence_tail_filtered,random_256_bit_hex,,5,0.15277354361592158,0.016592582993928393,0.13976818246380326,0.16572258005589008,deterministic bootstrap over recorded trial rows
ok,full_message_repetition_mean,protocol_variant_by_payload_class,segmented_hex_single_topic_sentence_tail_filtered,sha256_hex,,5,0.17858351246767792,0.009372983221892695,0.1708346853974124,0.18464602447398631,deterministic bootstrap over recorded trial rows
ok,full_message_artifact_count_mean,protocol_variant,segmented_hex_multi_topic_leadin8_sentence_tail_filtered,,,25,0.005,0.025,0.0,0.015,deterministic bootstrap over recorded trial rows
ok,full_message_artifact_count_mean,protocol_variant,segmented_hex_multi_topic_sentence_tail_filtered,,,25,0.15333333333333332,0.15623611049377228,0.095,0.21333333333333332,deterministic bootstrap over recorded trial rows
ok,full_message_artifact_count_mean,protocol_variant,segmented_hex_single_topic_sentence_tail_filtered,,,25,0.09833333333333333,0.11016086722001904,0.06,0.14166666666666666,deterministic bootstrap over recorded trial rows
ok,full_message_artifact_count_mean,protocol_variant_by_payload_class,segmented_hex_multi_topic_leadin8_sentence_tail_filtered,hmac_like_hex,,5,0.0,0.0,0.0,0.0,deterministic bootstrap over recorded trial rows
ok,full_message_artifact_count_mean,protocol_variant_by_payload_class,segmented_hex_multi_topic_leadin8_sentence_tail_filtered,nonce_96_bit_hex,,5,0.0,0.0,0.0,0.0,deterministic bootstrap over recorded trial rows
ok,full_message_artifact_count_mean,protocol_variant_by_payload_class,segmented_hex_multi_topic_leadin8_sentence_tail_filtered,random_128_bit_hex,,5,0.0,0.0,0.0,0.0,deterministic bootstrap over recorded trial rows
ok,full_message_artifact_count_mean,protocol_variant_by_payload_class,segmented_hex_multi_topic_leadin8_sentence_tail_filtered,random_256_bit_hex,,5,0.025,0.055901699437494755,0.0,0.075,deterministic bootstrap over recorded trial rows
ok,full_message_artifact_count_mean,protocol_variant_by_payload_class,segmented_hex_multi_topic_leadin8_sentence_tail_filtered,sha256_hex,,5,0.0,0.0,0.0,0.0,deterministic bootstrap over recorded trial rows
ok,full_message_artifact_count_mean,protocol_variant_by_payload_class,segmented_hex_multi_topic_sentence_tail_filtered,hmac_like_hex,,5,0.25,0.125,0.15,0.35,deterministic bootstrap over recorded trial rows
ok,full_message_artifact_count_mean,protocol_variant_by_payload_class,segmented_hex_multi_topic_sentence_tail_filtered,nonce_96_bit_hex,,5,0.06666666666666667,0.14907119849998599,0.0,0.2,deterministic bootstrap over recorded trial rows
ok,full_message_artifact_count_mean,protocol_variant_by_payload_class,segmented_hex_multi_topic_sentence_tail_filtered,random_128_bit_hex,,5,0.25,0.1767766952966369,0.1,0.4,deterministic bootstrap over recorded trial rows
ok,full_message_artifact_count_mean,protocol_variant_by_payload_class,segmented_hex_multi_topic_sentence_tail_filtered,random_256_bit_hex,,5,0.15,0.16298006013006622,0.025,0.3,deterministic bootstrap over recorded trial rows
ok,full_message_artifact_count_mean,protocol_variant_by_payload_class,segmented_hex_multi_topic_sentence_tail_filtered,sha256_hex,,5,0.05,0.06846531968814577,0.0,0.1,deterministic bootstrap over recorded trial rows
ok,full_message_artifact_count_mean,protocol_variant_by_payload_class,segmented_hex_single_topic_sentence_tail_filtered,hmac_like_hex,,5,0.15,0.05590169943749474,0.125,0.2,deterministic bootstrap over recorded trial rows
ok,full_message_artifact_count_mean,protocol_variant_by_payload_class,segmented_hex_single_topic_sentence_tail_filtered,nonce_96_bit_hex,,5,0.06666666666666667,0.14907119849998599,0.0,0.2,deterministic bootstrap over recorded trial rows
ok,full_message_artifact_count_mean,protocol_variant_by_payload_class,segmented_hex_single_topic_sentence_tail_filtered,random_128_bit_hex,,5,0.1,0.13693063937629155,0.0,0.2,deterministic bootstrap over recorded trial rows
ok,full_message_artifact_count_mean,protocol_variant_by_payload_class,segmented_hex_single_topic_sentence_tail_filtered,random_256_bit_hex,,5,0.1,0.10458250331675945,0.025,0.175,deterministic bootstrap over recorded trial rows
ok,full_message_artifact_count_mean,protocol_variant_by_payload_class,segmented_hex_single_topic_sentence_tail_filtered,sha256_hex,,5,0.075,0.11180339887498948,0.0,0.175,deterministic bootstrap over recorded trial rows
