trial_id,payload_name,payload_kind,payload_text_character_length,payload_text_byte_length,payload_codec_name,condition_name,segment_size,segment_count,message_count,topic_schedule_name,tail_policy,requested_tail_token_count,actual_tail_token_count_mean,token_filter_name,total_forced_rank_count,total_forced_prefix_token_count,total_full_message_token_count,total_full_message_character_count,exact_recovery,generation_seconds,recovery_seconds,forced_prefix_mean_log_probability_mean,forced_prefix_repetition_mean,forced_prefix_punctuation_fraction_mean,forced_prefix_alphabetic_fraction_mean,full_message_mean_log_probability_mean,full_message_repetition_mean,full_message_punctuation_fraction_mean,full_message_alphabetic_fraction_mean,mean_generated_rank,p95_generated_rank,model_repo_id,model_filename,model_path_relative,notes,mean_token_log_probability,repeated_token_fraction_mean,punctuation_fraction_mean,alphabetic_fraction_mean,forced_prefix_artifact_count_mean,full_message_artifact_count_mean
quality_001,sha256_public_test_string,sha256_hex,64,64,raw_hex_nibbles,segmented_single_topic_fixed_tail40_unfiltered,8,8,8,single_recipe_long,fixed_tail40,40,40.0,none,64,64,384,1750,True,173.99178973189555,78.35924404812977,-4.753811803455744,0.0,0.0321532634032634,0.8272436405370674,-1.3614627188411244,0.2109375,0.029889663741453642,0.7995829655037408,2.244791666666667,10.381249999999998,QuantFactory/Meta-Llama-3-8B-Instruct-GGUF,Meta-Llama-3-8B-Instruct.Q4_K_M.gguf,models/llama3_8b/Meta-Llama-3-8B-Instruct.Q4_K_M.gguf,single recipe prompt; fixed 40-token greedy tail; no token filter; legacy metric columns refer to full-message metrics,-1.3614627188411244,0.2109375,0.029889663741453642,0.7995829655037408,0.125,0.125
quality_002,sha256_public_test_string,sha256_hex,64,64,raw_hex_nibbles,segmented_single_topic_sentence_tail_unfiltered,8,8,8,single_recipe_long,sentence_tail_min20_max60,60,37.0,none,64,64,360,1635,True,162.94468060793588,77.86309951898875,-4.753811803455744,0.0,0.0321532634032634,0.8272436405370674,-1.4216087248972702,0.19962070120629233,0.03207427871887972,0.7986947686122583,2.3792580982236156,10.593749999999998,QuantFactory/Meta-Llama-3-8B-Instruct-GGUF,Meta-Llama-3-8B-Instruct.Q4_K_M.gguf,models/llama3_8b/Meta-Llama-3-8B-Instruct.Q4_K_M.gguf,single recipe prompt; sentence-boundary greedy tail; no token filter; legacy metric columns refer to full-message metrics,-1.4216087248972702,0.19962070120629233,0.03207427871887972,0.7986947686122583,0.125,0.125
quality_003,sha256_public_test_string,sha256_hex,64,64,raw_hex_nibbles,segmented_multi_topic_sentence_tail_unfiltered,8,8,8,mixed_recipe_forum_blog_grocery_plant,sentence_tail_min20_max60,60,35.625,none,64,64,349,1458,True,134.27752442809287,55.9485358261154,-5.151814169099765,0.0,0.1025801937584423,0.7665149245291434,-1.3948122483408203,0.13340014001379913,0.049837781810003694,0.7736552922726522,2.436020610864255,10.912499999999996,QuantFactory/Meta-Llama-3-8B-Instruct-GGUF,Meta-Llama-3-8B-Instruct.Q4_K_M.gguf,models/llama3_8b/Meta-Llama-3-8B-Instruct.Q4_K_M.gguf,rotating ordinary prose prompts; sentence-boundary greedy tail; no token filter; legacy metric columns refer to full-message metrics,-1.3948122483408203,0.13340014001379913,0.049837781810003694,0.7736552922726522,0.25,0.25
quality_004,sha256_public_test_string,sha256_hex,64,64,raw_hex_nibbles,segmented_single_topic_sentence_tail_filtered,8,8,8,single_recipe_long,sentence_tail_min20_max60,60,32.75,safe_text_filter_v1,64,64,326,1470,True,152.5887744789361,78.35806999204215,-4.772008520797417,0.0,0.033269198342727756,0.8275344023945976,-1.5838683781140759,0.16388360822638287,0.03541377635198237,0.7991867831014036,2.5772963384463905,10.887499999999998,QuantFactory/Meta-Llama-3-8B-Instruct-GGUF,Meta-Llama-3-8B-Instruct.Q4_K_M.gguf,models/llama3_8b/Meta-Llama-3-8B-Instruct.Q4_K_M.gguf,single recipe prompt; sentence-boundary greedy tail; safe-text token filter; legacy metric columns refer to full-message metrics,-1.5838683781140759,0.16388360822638287,0.03541377635198237,0.7991867831014036,0.0,0.0
quality_005,sha256_public_test_string,sha256_hex,64,64,raw_hex_nibbles,segmented_multi_topic_sentence_tail_filtered,8,8,8,mixed_recipe_forum_blog_grocery_plant,sentence_tail_min20_max60,60,34.0,safe_text_filter_v1,64,64,336,1384,True,131.89849221380427,60.39221685996745,-5.005090241754892,0.0,0.07867178252209722,0.7753069067195196,-1.4289651325341177,0.13392222005793797,0.05230830208726636,0.7707421992749903,2.4857982719286804,10.962499999999997,QuantFactory/Meta-Llama-3-8B-Instruct-GGUF,Meta-Llama-3-8B-Instruct.Q4_K_M.gguf,models/llama3_8b/Meta-Llama-3-8B-Instruct.Q4_K_M.gguf,rotating ordinary prose prompts; sentence-boundary greedy tail; safe-text token filter; legacy metric columns refer to full-message metrics,-1.4289651325341177,0.13392222005793797,0.05230830208726636,0.7707421992749903,0.0,0.0
quality_006,random_128_bit_hex,random_hex,32,32,raw_hex_nibbles,segmented_single_topic_fixed_tail40_unfiltered,8,4,4,single_recipe_long,fixed_tail40,40,40.0,none,32,32,192,870,True,85.58439515193459,38.476468839042354,-4.60932584728939,0.0,0.0634582240057622,0.7686467819107887,-1.2559915932771002,0.18229166666666666,0.03933780399012349,0.7904521810778091,2.0416666666666665,8.537499999999996,QuantFactory/Meta-Llama-3-8B-Instruct-GGUF,Meta-Llama-3-8B-Instruct.Q4_K_M.gguf,models/llama3_8b/Meta-Llama-3-8B-Instruct.Q4_K_M.gguf,single recipe prompt; fixed 40-token greedy tail; no token filter; legacy metric columns refer to full-message metrics,-1.2559915932771002,0.18229166666666666,0.03933780399012349,0.7904521810778091,0.25,0.25
quality_007,random_128_bit_hex,random_hex,32,32,raw_hex_nibbles,segmented_single_topic_sentence_tail_unfiltered,8,4,4,single_recipe_long,sentence_tail_min20_max60,60,33.25,none,32,32,165,750,True,79.02856173104374,38.98140848201001,-4.60932584728939,0.0,0.0634582240057622,0.7686467819107887,-1.3727361397533129,0.1486938084601424,0.04348954237653846,0.7844509864948461,2.2449715552142955,8.98749999999999,QuantFactory/Meta-Llama-3-8B-Instruct-GGUF,Meta-Llama-3-8B-Instruct.Q4_K_M.gguf,models/llama3_8b/Meta-Llama-3-8B-Instruct.Q4_K_M.gguf,single recipe prompt; sentence-boundary greedy tail; no token filter; legacy metric columns refer to full-message metrics,-1.3727361397533129,0.1486938084601424,0.04348954237653846,0.7844509864948461,0.25,0.25
quality_008,random_128_bit_hex,random_hex,32,32,raw_hex_nibbles,segmented_multi_topic_sentence_tail_unfiltered,8,4,4,mixed_recipe_forum_blog_grocery_plant,sentence_tail_min20_max60,60,36.0,none,32,32,176,792,True,68.89712761598639,27.8016697029816,-4.602863061467003,0.0,0.0688849194283977,0.7565105731814529,-1.190714895254077,0.15800560158711632,0.036043922550784015,0.7839117441489916,2.183286005108855,8.649999999999991,QuantFactory/Meta-Llama-3-8B-Instruct-GGUF,Meta-Llama-3-8B-Instruct.Q4_K_M.gguf,models/llama3_8b/Meta-Llama-3-8B-Instruct.Q4_K_M.gguf,rotating ordinary prose prompts; sentence-boundary greedy tail; no token filter; legacy metric columns refer to full-message metrics,-1.190714895254077,0.15800560158711632,0.036043922550784015,0.7839117441489916,0.0,0.0
quality_009,random_128_bit_hex,random_hex,32,32,raw_hex_nibbles,segmented_single_topic_sentence_tail_filtered,8,4,4,single_recipe_long,sentence_tail_min20_max60,60,32.5,safe_text_filter_v1,32,32,162,711,True,75.66191681404598,42.02677761006635,-4.534201171116562,0.0,0.07906542382348833,0.7518206256109482,-1.3809227798405102,0.18332063996197392,0.045652478452360194,0.7876371127299742,2.3554454563131966,9.087499999999995,QuantFactory/Meta-Llama-3-8B-Instruct-GGUF,Meta-Llama-3-8B-Instruct.Q4_K_M.gguf,models/llama3_8b/Meta-Llama-3-8B-Instruct.Q4_K_M.gguf,single recipe prompt; sentence-boundary greedy tail; safe-text token filter; legacy metric columns refer to full-message metrics,-1.3809227798405102,0.18332063996197392,0.045652478452360194,0.7876371127299742,0.0,0.0
quality_010,random_128_bit_hex,random_hex,32,32,raw_hex_nibbles,segmented_multi_topic_sentence_tail_filtered,8,4,4,mixed_recipe_forum_blog_grocery_plant,sentence_tail_min20_max60,60,38.25,safe_text_filter_v1,32,32,185,821,True,69.9256732899812,28.363428900076542,-4.421356419568337,0.0,0.07574990798675009,0.7250460422890044,-1.1335586966213285,0.20471291866028707,0.04048981990285985,0.7815498611807014,2.1404811270600743,8.53749999999999,QuantFactory/Meta-Llama-3-8B-Instruct-GGUF,Meta-Llama-3-8B-Instruct.Q4_K_M.gguf,models/llama3_8b/Meta-Llama-3-8B-Instruct.Q4_K_M.gguf,rotating ordinary prose prompts; sentence-boundary greedy tail; safe-text token filter; legacy metric columns refer to full-message metrics,-1.1335586966213285,0.20471291866028707,0.04048981990285985,0.7815498611807014,0.0,0.0
