preprocess_schema_version,input_run_identity_sha256,trial_id,work_id,transform_work_id,transformation_model_id,transformation_record_sha256,runtime_scope,record_type,evidence_status,study_phase,model_id,payload_name,payload_class,protocol_variant,hardware_id,hardware_hash,session_index,model_load_seconds,representation_seconds,filter_setup_seconds,generation_seconds,encoding_seconds,recovery_seconds,decoding_seconds,execution_seconds,generation_tokens_per_second,encoding_tokens_per_second,decoding_tokens_per_second,representation_bits_per_second,payload_bits_per_second,serialized_bits_per_second,cover_tokens_per_payload_byte,process_peak_rss_start_mib,process_peak_rss_end_mib,peak_ram_mib,peak_gpu_memory_mib,peak_ram_availability,peak_gpu_memory_availability
1.0,4f3a9aa7782ecec7f3c9cfe49e8687a8a838def89ffd037934e35eba37a18f96,model_load::4f3a9aa7782ecec7f3c9cfe49e8687a8a838def89ffd037934e35eba37a18f96::0,model_load::0,,,,model_load_session,model_load_event,exploratory_smoke_not_for_confirmatory_pooling,smoke_v2_model_load,llama3_8b_instruct_q4_k_m,not_applicable_model_load,not_applicable_model_load,not_applicable_model_load,GPU-10d1f16f-9e79-08bb-b2ba-3353c04422cf,3f59f33f69daa2d5d71531968a409162229266db785361637834e166a903522a,0,2.5305025609995937,,,,,,,,,,,,,,,,,,,unavailable_not_recorded_by_runner_v1,unavailable_not_recorded_by_runner_v1
1.0,4f3a9aa7782ecec7f3c9cfe49e8687a8a838def89ffd037934e35eba37a18f96,memory_profile::4f3a9aa7782ecec7f3c9cfe49e8687a8a838def89ffd037934e35eba37a18f96::0,memory_profile::0,,,,model_shard_memory_profile,memory_profile_event,exploratory_smoke_not_for_confirmatory_pooling,smoke_v2_memory_profile,llama3_8b_instruct_q4_k_m,not_applicable_memory_profile,not_applicable_memory_profile,not_applicable_memory_profile,GPU-10d1f16f-9e79-08bb-b2ba-3353c04422cf,3f59f33f69daa2d5d71531968a409162229266db785361637834e166a903522a,0,,,,,,,,,,,,,,,,,,5043.015625,5279,recorded_os_high_water_and_sampled_current_rss,total selected-device memory.used; includes any co-tenant processes; one-second polling is not a kernel-exact peak
1.0,4f3a9aa7782ecec7f3c9cfe49e8687a8a838def89ffd037934e35eba37a18f96,revision_v1_smoke_v2__b9d8b3f4f0f06e2a6e6d,revision_v1_smoke_v2__b9d8b3f4f0f06e2a6e6d,,,,trial,rankcloak_trial,exploratory_smoke_not_for_confirmatory_pooling,smoke_v2_exploratory,llama3_8b_instruct_q4_k_m,revision_v1_ed25519_signature_base64_017,ed25519_signature_base64,direct_subword_calgacus,GPU-10d1f16f-9e79-08bb-b2ba-3353c04422cf,3f59f33f69daa2d5d71531968a409162229266db785361637834e166a903522a,,,1.3619893529976252,5.484995199367404e-06,3.1136488979973365,4.475643735990161,1.804250109998975,3.702440872992156,16.131218954003998,19.59116200906098,13.62932431584722,16.475617597291265,,114.39695163465208,157.29580849764662,0.6931818181818182,5043.015625,5043.015625,5043.015625,,recorded_process_cumulative_peak_rss,unavailable_not_recorded_by_runner_v1
1.0,4f3a9aa7782ecec7f3c9cfe49e8687a8a838def89ffd037934e35eba37a18f96,revision_v1_smoke_v2__efeee60465d947e510a1,revision_v1_smoke_v2__efeee60465d947e510a1,,,,ordinary_control_generation,ordinary_control,exploratory_smoke_not_for_confirmatory_pooling,smoke_v2_exploratory,llama3_8b_instruct_q4_k_m,revision_v1_ed25519_signature_base64_017,ed25519_signature_base64,ordinary_llm_control,GPU-10d1f16f-9e79-08bb-b2ba-3353c04422cf,3f59f33f69daa2d5d71531968a409162229266db785361637834e166a903522a,,,,,2.531801707998966,,,,2.531801707998966,24.093514040723175,,,,,,,,,,,unavailable_not_recorded_by_runner_v1,unavailable_not_recorded_by_runner_v1
1.0,4f3a9aa7782ecec7f3c9cfe49e8687a8a838def89ffd037934e35eba37a18f96,revision_v1_smoke_v2__7677d78fd5ee2da58694,revision_v1_smoke_v2__7677d78fd5ee2da58694,,,,trial,rankcloak_trial,exploratory_smoke_not_for_confirmatory_pooling,smoke_v2_exploratory,llama3_8b_instruct_q4_k_m,revision_v1_uuid_v4_015,uuid_v4,nonseg_ascii_b8,GPU-10d1f16f-9e79-08bb-b2ba-3353c04422cf,3f59f33f69daa2d5d71531968a409162229266db785361637834e166a903522a,,,7.096599438227713e-05,2.529006451368332e-06,5.619788683994557,5.61986217899539,2.5396963840030367,2.5398003940063063,13.627988660999108,17.082492847713805,17.08226944760432,37.79824596710478,51.24680834281296,22.776359263472425,51.24680834281296,2.6666666666666665,5043.015625,5043.015625,5043.015625,,recorded_process_cumulative_peak_rss,unavailable_not_recorded_by_runner_v1
1.0,4f3a9aa7782ecec7f3c9cfe49e8687a8a838def89ffd037934e35eba37a18f96,revision_v1_smoke_v2__396cf65303c46e94ac6a,revision_v1_smoke_v2__396cf65303c46e94ac6a,,,,ordinary_control_generation,ordinary_control,exploratory_smoke_not_for_confirmatory_pooling,smoke_v2_exploratory,llama3_8b_instruct_q4_k_m,revision_v1_uuid_v4_015,uuid_v4,ordinary_llm_control,GPU-10d1f16f-9e79-08bb-b2ba-3353c04422cf,3f59f33f69daa2d5d71531968a409162229266db785361637834e166a903522a,,,,,3.603911516998778,,,,3.603911516998778,26.63772391391721,,,,,,,,,,,unavailable_not_recorded_by_runner_v1,unavailable_not_recorded_by_runner_v1
1.0,4f3a9aa7782ecec7f3c9cfe49e8687a8a838def89ffd037934e35eba37a18f96,revision_v1_smoke_v2__ecf51dd8135380646c6b,revision_v1_smoke_v2__ecf51dd8135380646c6b,,,,trial,rankcloak_trial,exploratory_smoke_not_for_confirmatory_pooling,smoke_v2_exploratory,llama3_8b_instruct_q4_k_m,revision_v1_aes256_gcm_base64_009,aes256_gcm_base64,nonseg_ascii_b16,GPU-10d1f16f-9e79-08bb-b2ba-3353c04422cf,3f59f33f69daa2d5d71531968a409162229266db785361637834e166a903522a,,,0.0001084910036297515,2.5229965103790164e-06,7.303658220000216,7.303769234000356,3.239776610993431,3.23991712499992,17.40401071999804,17.525464109134642,17.52519772997989,39.50718338204505,70.10079091991956,52.575593189939674,70.10079091991956,2.0,5043.015625,5043.015625,5043.015625,,recorded_process_cumulative_peak_rss,unavailable_not_recorded_by_runner_v1
1.0,4f3a9aa7782ecec7f3c9cfe49e8687a8a838def89ffd037934e35eba37a18f96,revision_v1_smoke_v2__7e06106b13bafa160546,revision_v1_smoke_v2__7e06106b13bafa160546,,,,ordinary_control_generation,ordinary_control,exploratory_smoke_not_for_confirmatory_pooling,smoke_v2_exploratory,llama3_8b_instruct_q4_k_m,revision_v1_aes256_gcm_base64_009,aes256_gcm_base64,ordinary_llm_control,GPU-10d1f16f-9e79-08bb-b2ba-3353c04422cf,3f59f33f69daa2d5d71531968a409162229266db785361637834e166a903522a,,,,,4.657970276995911,,,,4.657970276995911,27.47978033096246,,,,,,,,,,,unavailable_not_recorded_by_runner_v1,unavailable_not_recorded_by_runner_v1
1.0,4f3a9aa7782ecec7f3c9cfe49e8687a8a838def89ffd037934e35eba37a18f96,revision_v1_smoke_v2__5255c624c13021e199da,revision_v1_smoke_v2__5255c624c13021e199da,,,,trial,rankcloak_trial,exploratory_smoke_not_for_confirmatory_pooling,smoke_v2_exploratory,llama3_8b_instruct_q4_k_m,revision_v1_sha256_hex_003,sha256_hex,nonseg_hex_nibble_b16,GPU-10d1f16f-9e79-08bb-b2ba-3353c04422cf,3f59f33f69daa2d5d71531968a409162229266db785361637834e166a903522a,,,3.6525001632981e-05,2.6569905458018184e-06,3.9601646480005,3.960203829992679,1.979563358006999,1.9795961270137923,10.351549993007211,16.160944225466434,16.16078433016371,32.32982684025735,64.64313732065484,64.64313732065484,129.2862746413097,1.0,5043.015625,5043.015625,5043.015625,,recorded_process_cumulative_peak_rss,unavailable_not_recorded_by_runner_v1
1.0,4f3a9aa7782ecec7f3c9cfe49e8687a8a838def89ffd037934e35eba37a18f96,revision_v1_smoke_v2__7e7f42c97c5f7290a672,revision_v1_smoke_v2__7e7f42c97c5f7290a672,,,,ordinary_control_generation,ordinary_control,exploratory_smoke_not_for_confirmatory_pooling,smoke_v2_exploratory,llama3_8b_instruct_q4_k_m,revision_v1_sha256_hex_003,sha256_hex,ordinary_llm_control,GPU-10d1f16f-9e79-08bb-b2ba-3353c04422cf,3f59f33f69daa2d5d71531968a409162229266db785361637834e166a903522a,,,,,2.6762494340073317,,,,2.6762494340073317,23.91406390852306,,,,,,,,,,,unavailable_not_recorded_by_runner_v1,unavailable_not_recorded_by_runner_v1
1.0,4f3a9aa7782ecec7f3c9cfe49e8687a8a838def89ffd037934e35eba37a18f96,revision_v1_smoke_v2__c32b33f32f10c3e68ab1,revision_v1_smoke_v2__c32b33f32f10c3e68ab1,,,,trial,rankcloak_trial,exploratory_smoke_not_for_confirmatory_pooling,smoke_v2_exploratory,llama3_8b_instruct_q4_k_m,revision_v1_hmac_sha256_hex_015,hmac_sha256_hex,segmented_hex_single_topic,GPU-10d1f16f-9e79-08bb-b2ba-3353c04422cf,3f59f33f69daa2d5d71531968a409162229266db785361637834e166a903522a,,,3.7407997297123075e-05,1.136634985989076,11.688528994025546,12.82520138801192,5.087759595015086,5.087792651014752,31.805280607994064,18.05188660676208,16.45198337370575,12.579128983810948,19.96070020696053,19.96070020696053,39.92140041392106,3.296875,5043.015625,5043.015625,5043.015625,,recorded_process_cumulative_peak_rss,unavailable_not_recorded_by_runner_v1
1.0,4f3a9aa7782ecec7f3c9cfe49e8687a8a838def89ffd037934e35eba37a18f96,revision_v1_smoke_v2__7ed84ade9fc8bce64c17,revision_v1_smoke_v2__7ed84ade9fc8bce64c17,,,,ordinary_control_generation,ordinary_control,exploratory_smoke_not_for_confirmatory_pooling,smoke_v2_exploratory,llama3_8b_instruct_q4_k_m,revision_v1_hmac_sha256_hex_015,hmac_sha256_hex,ordinary_llm_control,GPU-10d1f16f-9e79-08bb-b2ba-3353c04422cf,3f59f33f69daa2d5d71531968a409162229266db785361637834e166a903522a,,,,,7.677696272992762,,,,7.677696272992762,27.48220201705795,,,,,,,,,,,unavailable_not_recorded_by_runner_v1,unavailable_not_recorded_by_runner_v1
1.0,4f3a9aa7782ecec7f3c9cfe49e8687a8a838def89ffd037934e35eba37a18f96,revision_v1_smoke_v2__2e0fb51ce545a2a7db98,revision_v1_smoke_v2__2e0fb51ce545a2a7db98,,,,ordinary_control_generation,ordinary_control,exploratory_smoke_not_for_confirmatory_pooling,smoke_v2_exploratory,llama3_8b_instruct_q4_k_m,revision_v1_hmac_sha256_hex_015,hmac_sha256_hex,ordinary_llm_control,GPU-10d1f16f-9e79-08bb-b2ba-3353c04422cf,3f59f33f69daa2d5d71531968a409162229266db785361637834e166a903522a,,,,,2.584682497996255,,,,2.584682497996255,24.761261798930917,,,,,,,,,,,unavailable_not_recorded_by_runner_v1,unavailable_not_recorded_by_runner_v1
1.0,4f3a9aa7782ecec7f3c9cfe49e8687a8a838def89ffd037934e35eba37a18f96,revision_v1_smoke_v2__7007bd1bb28be0d016b8,revision_v1_smoke_v2__7007bd1bb28be0d016b8,,,,trial,rankcloak_trial,exploratory_smoke_not_for_confirmatory_pooling,smoke_v2_exploratory,llama3_8b_instruct_q4_k_m,revision_v1_nonce_96_bit_hex_009,nonce_96_bit_hex,segmented_hex_multi_topic,GPU-10d1f16f-9e79-08bb-b2ba-3353c04422cf,3f59f33f69daa2d5d71531968a409162229266db785361637834e166a903522a,,,8.185800106730312e-05,0.00039699899207334965,4.328001709000091,4.328480565993232,1.900814022999839,1.9008300510031404,11.424480173009215,18.25322754279863,18.251208200093263,12.626063012489878,22.178683382391814,22.178683382391814,44.35736676478363,3.2916666666666665,5043.015625,5043.015625,5043.015625,,recorded_process_cumulative_peak_rss,unavailable_not_recorded_by_runner_v1
1.0,4f3a9aa7782ecec7f3c9cfe49e8687a8a838def89ffd037934e35eba37a18f96,revision_v1_smoke_v2__ce4930f1a7b726b48f1b,revision_v1_smoke_v2__ce4930f1a7b726b48f1b,,,,ordinary_control_generation,ordinary_control,exploratory_smoke_not_for_confirmatory_pooling,smoke_v2_exploratory,llama3_8b_instruct_q4_k_m,revision_v1_nonce_96_bit_hex_009,nonce_96_bit_hex,ordinary_llm_control,GPU-10d1f16f-9e79-08bb-b2ba-3353c04422cf,3f59f33f69daa2d5d71531968a409162229266db785361637834e166a903522a,,,,,3.042777455993928,,,,3.042777455993928,25.963121241213,,,,,,,,,,,unavailable_not_recorded_by_runner_v1,unavailable_not_recorded_by_runner_v1
1.0,4f3a9aa7782ecec7f3c9cfe49e8687a8a838def89ffd037934e35eba37a18f96,revision_v1_smoke_v2__19652de6dd1c65df6c97,revision_v1_smoke_v2__19652de6dd1c65df6c97,,,,ordinary_control_generation,ordinary_control,exploratory_smoke_not_for_confirmatory_pooling,smoke_v2_exploratory,llama3_8b_instruct_q4_k_m,revision_v1_nonce_96_bit_hex_009,nonce_96_bit_hex,ordinary_llm_control,GPU-10d1f16f-9e79-08bb-b2ba-3353c04422cf,3f59f33f69daa2d5d71531968a409162229266db785361637834e166a903522a,,,,,1.2587630369962426,,,,1.2587630369962426,19.066336788273233,,,,,,,,,,,unavailable_not_recorded_by_runner_v1,unavailable_not_recorded_by_runner_v1
1.0,4f3a9aa7782ecec7f3c9cfe49e8687a8a838def89ffd037934e35eba37a18f96,revision_v1_smoke_v2__a26981f8aa6e89e413e6,revision_v1_smoke_v2__a26981f8aa6e89e413e6,,,,trial,rankcloak_trial,exploratory_smoke_not_for_confirmatory_pooling,smoke_v2_exploratory,llama3_8b_instruct_q4_k_m,revision_v1_sha256_hex_000,sha256_hex,segmented_hex_multi_topic,GPU-10d1f16f-9e79-08bb-b2ba-3353c04422cf,3f59f33f69daa2d5d71531968a409162229266db785361637834e166a903522a,,,0.00013790499360766262,8.560993592254817e-06,17.336270738000167,17.336417203987367,5.202468308998505,5.202494899989688,36.818368452004506,22.15009247394209,22.149905339823054,12.301790050794065,14.766603559882034,14.766603559882034,29.533207119764068,6.0,5043.015625,5043.015625,5043.015625,,recorded_process_cumulative_peak_rss,unavailable_not_recorded_by_runner_v1
1.0,4f3a9aa7782ecec7f3c9cfe49e8687a8a838def89ffd037934e35eba37a18f96,revision_v1_smoke_v2__b97e771a5771ddadacf8,revision_v1_smoke_v2__b97e771a5771ddadacf8,,,,ordinary_control_generation,ordinary_control,exploratory_smoke_not_for_confirmatory_pooling,smoke_v2_exploratory,llama3_8b_instruct_q4_k_m,revision_v1_sha256_hex_000,sha256_hex,ordinary_llm_control,GPU-10d1f16f-9e79-08bb-b2ba-3353c04422cf,3f59f33f69daa2d5d71531968a409162229266db785361637834e166a903522a,,,,,13.350189331991714,,,,13.350189331991714,28.763637012982425,,,,,,,,,,,unavailable_not_recorded_by_runner_v1,unavailable_not_recorded_by_runner_v1
1.0,4f3a9aa7782ecec7f3c9cfe49e8687a8a838def89ffd037934e35eba37a18f96,revision_v1_smoke_v2__ba8cea7fc82eb2ea5c06,revision_v1_smoke_v2__ba8cea7fc82eb2ea5c06,,,,ordinary_control_generation,ordinary_control,exploratory_smoke_not_for_confirmatory_pooling,smoke_v2_exploratory,llama3_8b_instruct_q4_k_m,revision_v1_sha256_hex_000,sha256_hex,ordinary_llm_control,GPU-10d1f16f-9e79-08bb-b2ba-3353c04422cf,3f59f33f69daa2d5d71531968a409162229266db785361637834e166a903522a,,,,,2.6020683579990873,,,,2.6020683579990873,24.59581809342399,,,,,,,,,,,unavailable_not_recorded_by_runner_v1,unavailable_not_recorded_by_runner_v1
1.0,4f3a9aa7782ecec7f3c9cfe49e8687a8a838def89ffd037934e35eba37a18f96,revision_v1_smoke_v2__bfbbc186bafd09160108,revision_v1_smoke_v2__bfbbc186bafd09160108,,,,trial,rankcloak_trial,exploratory_smoke_not_for_confirmatory_pooling,smoke_v2_exploratory,llama3_8b_instruct_q4_k_m,revision_v1_nonce_96_bit_hex_011,nonce_96_bit_hex,segmented_hex_multi_topic,GPU-10d1f16f-9e79-08bb-b2ba-3353c04422cf,3f59f33f69daa2d5d71531968a409162229266db785361637834e166a903522a,,,8.248699305113405e-05,1.9353450990020065,8.76578902899928,10.701216614994337,1.9787186220055446,1.9787360170012107,18.113276572999894,24.9834897093116,20.464962805550673,12.12895494588115,8.970942599693446,8.970942599693446,17.941885199386892,9.125,5043.015625,5043.015625,5043.015625,,recorded_process_cumulative_peak_rss,unavailable_not_recorded_by_runner_v1
1.0,4f3a9aa7782ecec7f3c9cfe49e8687a8a838def89ffd037934e35eba37a18f96,revision_v1_smoke_v2__35883741aa3edf5ed22e,revision_v1_smoke_v2__35883741aa3edf5ed22e,,,,ordinary_control_generation,ordinary_control,exploratory_smoke_not_for_confirmatory_pooling,smoke_v2_exploratory,llama3_8b_instruct_q4_k_m,revision_v1_nonce_96_bit_hex_011,nonce_96_bit_hex,ordinary_llm_control,GPU-10d1f16f-9e79-08bb-b2ba-3353c04422cf,3f59f33f69daa2d5d71531968a409162229266db785361637834e166a903522a,,,,,8.157959186995868,,,,8.157959186995868,26.84494920605821,,,,,,,,,,,unavailable_not_recorded_by_runner_v1,unavailable_not_recorded_by_runner_v1
1.0,4f3a9aa7782ecec7f3c9cfe49e8687a8a838def89ffd037934e35eba37a18f96,revision_v1_smoke_v2__ed53cfd64a2e0e35ae36,revision_v1_smoke_v2__ed53cfd64a2e0e35ae36,,,,ordinary_control_generation,ordinary_control,exploratory_smoke_not_for_confirmatory_pooling,smoke_v2_exploratory,llama3_8b_instruct_q4_k_m,revision_v1_nonce_96_bit_hex_011,nonce_96_bit_hex,ordinary_llm_control,GPU-10d1f16f-9e79-08bb-b2ba-3353c04422cf,3f59f33f69daa2d5d71531968a409162229266db785361637834e166a903522a,,,,,1.2807812539977022,,,,1.2807812539977022,18.73856283037311,,,,,,,,,,,unavailable_not_recorded_by_runner_v1,unavailable_not_recorded_by_runner_v1
1.0,4f3a9aa7782ecec7f3c9cfe49e8687a8a838def89ffd037934e35eba37a18f96,revision_v1_smoke_v2__ed90611d63f17244c0ca,revision_v1_smoke_v2__ed90611d63f17244c0ca,,,,trial,rankcloak_trial,exploratory_smoke_not_for_confirmatory_pooling,smoke_v2_exploratory,llama3_8b_instruct_q4_k_m,revision_v1_nonce_96_bit_hex_006,nonce_96_bit_hex,segmented_hex_multi_topic,GPU-10d1f16f-9e79-08bb-b2ba-3353c04422cf,3f59f33f69daa2d5d71531968a409162229266db785361637834e166a903522a,,,2.669199602678418e-05,0.00010758799908217043,13.57643264500075,13.57656692499586,2.5007467420073226,2.5007626290025655,23.30740142801369,25.853625114786595,25.853369407679406,9.597072397699916,7.071007017484965,7.071007017484965,14.14201403496993,14.625,5043.015625,5043.015625,5043.015625,,recorded_process_cumulative_peak_rss,unavailable_not_recorded_by_runner_v1
1.0,4f3a9aa7782ecec7f3c9cfe49e8687a8a838def89ffd037934e35eba37a18f96,revision_v1_smoke_v2__be30173e0e1ce844e763,revision_v1_smoke_v2__be30173e0e1ce844e763,,,,ordinary_control_generation,ordinary_control,exploratory_smoke_not_for_confirmatory_pooling,smoke_v2_exploratory,llama3_8b_instruct_q4_k_m,revision_v1_nonce_96_bit_hex_006,nonce_96_bit_hex,ordinary_llm_control,GPU-10d1f16f-9e79-08bb-b2ba-3353c04422cf,3f59f33f69daa2d5d71531968a409162229266db785361637834e166a903522a,,,,,12.506661044986686,,,,12.506661044986686,28.065044598030333,,,,,,,,,,,unavailable_not_recorded_by_runner_v1,unavailable_not_recorded_by_runner_v1
1.0,4f3a9aa7782ecec7f3c9cfe49e8687a8a838def89ffd037934e35eba37a18f96,revision_v1_smoke_v2__bf1caab392d59f4c1c2d,revision_v1_smoke_v2__bf1caab392d59f4c1c2d,,,,ordinary_control_generation,ordinary_control,exploratory_smoke_not_for_confirmatory_pooling,smoke_v2_exploratory,llama3_8b_instruct_q4_k_m,revision_v1_nonce_96_bit_hex_006,nonce_96_bit_hex,ordinary_llm_control,GPU-10d1f16f-9e79-08bb-b2ba-3353c04422cf,3f59f33f69daa2d5d71531968a409162229266db785361637834e166a903522a,,,,,1.2626341099967249,,,,1.2626341099967249,19.007881863782575,,,,,,,,,,,unavailable_not_recorded_by_runner_v1,unavailable_not_recorded_by_runner_v1
1.0,4f3a9aa7782ecec7f3c9cfe49e8687a8a838def89ffd037934e35eba37a18f96,revision_v1_smoke_v2__eba2c8e5771674a158a3,revision_v1_smoke_v2__eba2c8e5771674a158a3,,,,trial,rankcloak_trial,exploratory_smoke_not_for_confirmatory_pooling,smoke_v2_exploratory,llama3_8b_instruct_q4_k_m,revision_v1_token_128_bit_hex_000,token_128_bit_hex,segmented_hex_multi_topic,GPU-10d1f16f-9e79-08bb-b2ba-3353c04422cf,3f59f33f69daa2d5d71531968a409162229266db785361637834e166a903522a,,,2.9463000828400254e-05,0.00012197399337310344,3.6919986219872953,3.692150058981497,2.6919510630250443,2.6919693060190184,13.703476144000888,8.667392184121491,8.667036682909742,11.887208345374026,34.66814673163897,34.66814673163897,69.33629346327794,1.0,5043.015625,5043.015625,5043.015625,,recorded_process_cumulative_peak_rss,unavailable_not_recorded_by_runner_v1
1.0,4f3a9aa7782ecec7f3c9cfe49e8687a8a838def89ffd037934e35eba37a18f96,revision_v1_smoke_v2__91c7ac791545b4ea4d3e,revision_v1_smoke_v2__91c7ac791545b4ea4d3e,,,,ordinary_control_generation,ordinary_control,exploratory_smoke_not_for_confirmatory_pooling,smoke_v2_exploratory,llama3_8b_instruct_q4_k_m,revision_v1_token_128_bit_hex_000,token_128_bit_hex,ordinary_llm_control,GPU-10d1f16f-9e79-08bb-b2ba-3353c04422cf,3f59f33f69daa2d5d71531968a409162229266db785361637834e166a903522a,,,,,1.6199652779905591,,,,1.6199652779905591,19.753509803428326,,,,,,,,,,,unavailable_not_recorded_by_runner_v1,unavailable_not_recorded_by_runner_v1
1.0,4f3a9aa7782ecec7f3c9cfe49e8687a8a838def89ffd037934e35eba37a18f96,revision_v1_smoke_v2__0bced614b6b2c0e8586a,revision_v1_smoke_v2__0bced614b6b2c0e8586a,,,,ordinary_control_generation,ordinary_control,exploratory_smoke_not_for_confirmatory_pooling,smoke_v2_exploratory,llama3_8b_instruct_q4_k_m,revision_v1_token_128_bit_hex_000,token_128_bit_hex,ordinary_llm_control,GPU-10d1f16f-9e79-08bb-b2ba-3353c04422cf,3f59f33f69daa2d5d71531968a409162229266db785361637834e166a903522a,,,,,1.6106515120045515,,,,1.6106515120045515,19.867736603167558,,,,,,,,,,,unavailable_not_recorded_by_runner_v1,unavailable_not_recorded_by_runner_v1
1.0,4f3a9aa7782ecec7f3c9cfe49e8687a8a838def89ffd037934e35eba37a18f96,revision_v1_smoke_v2__0338a28ec9940ca00e1b,revision_v1_smoke_v2__0338a28ec9940ca00e1b,,,,trial,rankcloak_trial,exploratory_smoke_not_for_confirmatory_pooling,smoke_v2_exploratory,llama3_8b_instruct_q4_k_m,revision_v1_sha256_hex_004,sha256_hex,segmented_hex_multi_topic,GPU-10d1f16f-9e79-08bb-b2ba-3353c04422cf,3f59f33f69daa2d5d71531968a409162229266db785361637834e166a903522a,,,0.00013481100904755294,0.0004487469996092841,16.300670634009293,16.30125419201795,5.213312835025135,5.213344033021713,35.80598752399965,21.655550739336455,21.654775506344137,12.276189638477566,15.704313115082433,15.704313115082433,31.408626230164867,5.515625,5043.015625,5043.015625,5043.015625,,recorded_process_cumulative_peak_rss,unavailable_not_recorded_by_runner_v1
1.0,4f3a9aa7782ecec7f3c9cfe49e8687a8a838def89ffd037934e35eba37a18f96,revision_v1_smoke_v2__cadd670fe67dde1a4d14,revision_v1_smoke_v2__cadd670fe67dde1a4d14,,,,ordinary_control_generation,ordinary_control,exploratory_smoke_not_for_confirmatory_pooling,smoke_v2_exploratory,llama3_8b_instruct_q4_k_m,revision_v1_sha256_hex_004,sha256_hex,ordinary_llm_control,GPU-10d1f16f-9e79-08bb-b2ba-3353c04422cf,3f59f33f69daa2d5d71531968a409162229266db785361637834e166a903522a,,,,,11.94435882900143,,,,11.94435882900143,29.553700207239288,,,,,,,,,,,unavailable_not_recorded_by_runner_v1,unavailable_not_recorded_by_runner_v1
1.0,4f3a9aa7782ecec7f3c9cfe49e8687a8a838def89ffd037934e35eba37a18f96,revision_v1_smoke_v2__8cbd918e65e461d27d45,revision_v1_smoke_v2__8cbd918e65e461d27d45,,,,ordinary_control_generation,ordinary_control,exploratory_smoke_not_for_confirmatory_pooling,smoke_v2_exploratory,llama3_8b_instruct_q4_k_m,revision_v1_sha256_hex_004,sha256_hex,ordinary_llm_control,GPU-10d1f16f-9e79-08bb-b2ba-3353c04422cf,3f59f33f69daa2d5d71531968a409162229266db785361637834e166a903522a,,,,,2.543860785997822,,,,2.543860785997822,25.15860944603389,,,,,,,,,,,unavailable_not_recorded_by_runner_v1,unavailable_not_recorded_by_runner_v1
1.0,4f3a9aa7782ecec7f3c9cfe49e8687a8a838def89ffd037934e35eba37a18f96,revision_v1_smoke_v2__0db20b3bdb040b463217,revision_v1_smoke_v2__0db20b3bdb040b463217,,,,trial,rankcloak_trial,exploratory_smoke_not_for_confirmatory_pooling,smoke_v2_exploratory,llama3_8b_instruct_q4_k_m,revision_v1_token_128_bit_hex_002,token_128_bit_hex,segmented_hex_multi_topic,GPU-10d1f16f-9e79-08bb-b2ba-3353c04422cf,3f59f33f69daa2d5d71531968a409162229266db785361637834e166a903522a,,,5.302501085679978e-05,0.00022322199947666377,5.729038310004398,5.729314557014732,2.9097127100103535,2.909730646017124,17.345636899000965,23.73871366203093,23.737569066353203,10.997581526593192,22.34124147421478,22.34124147421478,44.68248294842956,4.25,5043.015625,5043.015625,5043.015625,,recorded_process_cumulative_peak_rss,unavailable_not_recorded_by_runner_v1
1.0,4f3a9aa7782ecec7f3c9cfe49e8687a8a838def89ffd037934e35eba37a18f96,revision_v1_smoke_v2__15e884017a7791b27b90,revision_v1_smoke_v2__15e884017a7791b27b90,,,,ordinary_control_generation,ordinary_control,exploratory_smoke_not_for_confirmatory_pooling,smoke_v2_exploratory,llama3_8b_instruct_q4_k_m,revision_v1_token_128_bit_hex_002,token_128_bit_hex,ordinary_llm_control,GPU-10d1f16f-9e79-08bb-b2ba-3353c04422cf,3f59f33f69daa2d5d71531968a409162229266db785361637834e166a903522a,,,,,4.882423939998262,,,,4.882423939998262,27.855016621118818,,,,,,,,,,,unavailable_not_recorded_by_runner_v1,unavailable_not_recorded_by_runner_v1
1.0,4f3a9aa7782ecec7f3c9cfe49e8687a8a838def89ffd037934e35eba37a18f96,revision_v1_smoke_v2__bb02e1eeaf25b25dc0d7,revision_v1_smoke_v2__bb02e1eeaf25b25dc0d7,,,,ordinary_control_generation,ordinary_control,exploratory_smoke_not_for_confirmatory_pooling,smoke_v2_exploratory,llama3_8b_instruct_q4_k_m,revision_v1_token_128_bit_hex_002,token_128_bit_hex,ordinary_llm_control,GPU-10d1f16f-9e79-08bb-b2ba-3353c04422cf,3f59f33f69daa2d5d71531968a409162229266db785361637834e166a903522a,,,,,1.515747466008179,,,,1.515747466008179,21.111696187936975,,,,,,,,,,,unavailable_not_recorded_by_runner_v1,unavailable_not_recorded_by_runner_v1
1.0,1f1e1b4c6d9496d13394c494218a2355d92a997551c247042cc8948690d77705,model_load::1f1e1b4c6d9496d13394c494218a2355d92a997551c247042cc8948690d77705::0,model_load::0,,,,model_load_session,model_load_event,exploratory_smoke_not_for_confirmatory_pooling,smoke_v2_model_load,mistral_7b_instruct_v0_3_q4_k_m,not_applicable_model_load,not_applicable_model_load,not_applicable_model_load,GPU-10d1f16f-9e79-08bb-b2ba-3353c04422cf,3f59f33f69daa2d5d71531968a409162229266db785361637834e166a903522a,0,2.0245647150004515,,,,,,,,,,,,,,,,,,,unavailable_not_recorded_by_runner_v1,unavailable_not_recorded_by_runner_v1
1.0,1f1e1b4c6d9496d13394c494218a2355d92a997551c247042cc8948690d77705,memory_profile::1f1e1b4c6d9496d13394c494218a2355d92a997551c247042cc8948690d77705::0,memory_profile::0,,,,model_shard_memory_profile,memory_profile_event,exploratory_smoke_not_for_confirmatory_pooling,smoke_v2_memory_profile,mistral_7b_instruct_v0_3_q4_k_m,not_applicable_memory_profile,not_applicable_memory_profile,not_applicable_memory_profile,GPU-10d1f16f-9e79-08bb-b2ba-3353c04422cf,3f59f33f69daa2d5d71531968a409162229266db785361637834e166a903522a,0,,,,,,,,,,,,,,,,,,4460.71875,4973,recorded_os_high_water_and_sampled_current_rss,total selected-device memory.used; includes any co-tenant processes; one-second polling is not a kernel-exact peak
1.0,1f1e1b4c6d9496d13394c494218a2355d92a997551c247042cc8948690d77705,revision_v1_smoke_v2__278da89291fd2166c876,revision_v1_smoke_v2__278da89291fd2166c876,,,,trial,rankcloak_trial,exploratory_smoke_not_for_confirmatory_pooling,smoke_v2_exploratory,mistral_7b_instruct_v0_3_q4_k_m,revision_v1_ed25519_signature_base64_015,ed25519_signature_base64,direct_subword_calgacus,GPU-10d1f16f-9e79-08bb-b2ba-3353c04422cf,3f59f33f69daa2d5d71531968a409162229266db785361637834e166a903522a,,,1.530745605006814,5.955997039563954e-06,2.2664795360033168,3.7972310970071703,1.923152407995076,3.5517597529978957,14.906646504998207,32.64975431037455,19.48788422656812,20.834742535032,,134.83509086490375,185.39824993924267,0.8409090909090909,4460.71875,4460.71875,4460.71875,,recorded_process_cumulative_peak_rss,unavailable_not_recorded_by_runner_v1
1.0,1f1e1b4c6d9496d13394c494218a2355d92a997551c247042cc8948690d77705,revision_v1_smoke_v2__f2c6a2d3892ceb60102e,revision_v1_smoke_v2__f2c6a2d3892ceb60102e,,,,ordinary_control_generation,ordinary_control,exploratory_smoke_not_for_confirmatory_pooling,smoke_v2_exploratory,mistral_7b_instruct_v0_3_q4_k_m,revision_v1_ed25519_signature_base64_015,ed25519_signature_base64,ordinary_llm_control,GPU-10d1f16f-9e79-08bb-b2ba-3353c04422cf,3f59f33f69daa2d5d71531968a409162229266db785361637834e166a903522a,,,,,2.1110950830043294,,,,2.1110950830043294,35.052897709699344,,,,,,,,,,,unavailable_not_recorded_by_runner_v1,unavailable_not_recorded_by_runner_v1
1.0,1f1e1b4c6d9496d13394c494218a2355d92a997551c247042cc8948690d77705,revision_v1_smoke_v2__4adab409ab0acd139202,revision_v1_smoke_v2__4adab409ab0acd139202,,,,trial,rankcloak_trial,exploratory_smoke_not_for_confirmatory_pooling,smoke_v2_exploratory,mistral_7b_instruct_v0_3_q4_k_m,revision_v1_uuid_v4_013,uuid_v4,nonseg_ascii_b8,GPU-10d1f16f-9e79-08bb-b2ba-3353c04422cf,3f59f33f69daa2d5d71531968a409162229266db785361637834e166a903522a,,,0.00023806699027772993,6.315996870398521e-06,3.0384324269980425,3.0386768099851906,2.3954809199931333,2.3955878730048425,10.693249617004767,31.59523942247008,31.59269840232462,40.073670885462,94.77809520697386,42.12359786976616,94.77809520697386,2.6666666666666665,4460.71875,4460.71875,4460.71875,,recorded_process_cumulative_peak_rss,unavailable_not_recorded_by_runner_v1
1.0,1f1e1b4c6d9496d13394c494218a2355d92a997551c247042cc8948690d77705,revision_v1_smoke_v2__53bef710659f07836f15,revision_v1_smoke_v2__53bef710659f07836f15,,,,ordinary_control_generation,ordinary_control,exploratory_smoke_not_for_confirmatory_pooling,smoke_v2_exploratory,mistral_7b_instruct_v0_3_q4_k_m,revision_v1_uuid_v4_013,uuid_v4,ordinary_llm_control,GPU-10d1f16f-9e79-08bb-b2ba-3353c04422cf,3f59f33f69daa2d5d71531968a409162229266db785361637834e166a903522a,,,,,2.6104554279881995,,,,2.6104554279881995,36.77519216406784,,,,,,,,,,,unavailable_not_recorded_by_runner_v1,unavailable_not_recorded_by_runner_v1
1.0,1f1e1b4c6d9496d13394c494218a2355d92a997551c247042cc8948690d77705,revision_v1_smoke_v2__6553129685f095c3cb0d,revision_v1_smoke_v2__6553129685f095c3cb0d,,,,trial,rankcloak_trial,exploratory_smoke_not_for_confirmatory_pooling,smoke_v2_exploratory,mistral_7b_instruct_v0_3_q4_k_m,revision_v1_aes256_gcm_base64_007,aes256_gcm_base64,nonseg_ascii_b16,GPU-10d1f16f-9e79-08bb-b2ba-3353c04422cf,3f59f33f69daa2d5d71531968a409162229266db785361637834e166a903522a,,,0.00021387900051195174,4.9009977374225855e-06,3.928587777001667,3.928806556999916,3.0535708390088985,3.053705735001131,13.588630050988286,32.58168259579801,32.57986824827088,41.916285034567224,130.3194729930835,97.73960474481264,130.3194729930835,2.0,4460.71875,4460.71875,4460.71875,,recorded_process_cumulative_peak_rss,unavailable_not_recorded_by_runner_v1
1.0,1f1e1b4c6d9496d13394c494218a2355d92a997551c247042cc8948690d77705,revision_v1_smoke_v2__6f628352516c9f9fbe79,revision_v1_smoke_v2__6f628352516c9f9fbe79,,,,ordinary_control_generation,ordinary_control,exploratory_smoke_not_for_confirmatory_pooling,smoke_v2_exploratory,mistral_7b_instruct_v0_3_q4_k_m,revision_v1_aes256_gcm_base64_007,aes256_gcm_base64,ordinary_llm_control,GPU-10d1f16f-9e79-08bb-b2ba-3353c04422cf,3f59f33f69daa2d5d71531968a409162229266db785361637834e166a903522a,,,,,3.3482035800116137,,,,3.3482035800116137,38.229455569591146,,,,,,,,,,,unavailable_not_recorded_by_runner_v1,unavailable_not_recorded_by_runner_v1
1.0,1f1e1b4c6d9496d13394c494218a2355d92a997551c247042cc8948690d77705,revision_v1_smoke_v2__ac10c1c1482262ea42d5,revision_v1_smoke_v2__ac10c1c1482262ea42d5,,,,trial,rankcloak_trial,exploratory_smoke_not_for_confirmatory_pooling,smoke_v2_exploratory,mistral_7b_instruct_v0_3_q4_k_m,revision_v1_nonce_96_bit_hex_011,nonce_96_bit_hex,nonseg_hex_nibble_b16,GPU-10d1f16f-9e79-08bb-b2ba-3353c04422cf,3f59f33f69daa2d5d71531968a409162229266db785361637834e166a903522a,,,0.00010525601101107895,6.300993845798075e-06,1.1092015609901864,1.1093131179950433,0.9477228430041578,0.9477394230052596,4.44323717498628,21.637185561274503,21.635009638556568,25.32341634992513,86.54003855422627,86.54003855422627,173.08007710845254,1.0,4460.71875,4460.71875,4460.71875,,recorded_process_cumulative_peak_rss,unavailable_not_recorded_by_runner_v1
1.0,1f1e1b4c6d9496d13394c494218a2355d92a997551c247042cc8948690d77705,revision_v1_smoke_v2__787529f20847f91a2e38,revision_v1_smoke_v2__787529f20847f91a2e38,,,,ordinary_control_generation,ordinary_control,exploratory_smoke_not_for_confirmatory_pooling,smoke_v2_exploratory,mistral_7b_instruct_v0_3_q4_k_m,revision_v1_nonce_96_bit_hex_011,nonce_96_bit_hex,ordinary_llm_control,GPU-10d1f16f-9e79-08bb-b2ba-3353c04422cf,3f59f33f69daa2d5d71531968a409162229266db785361637834e166a903522a,,,,,1.0405929810076486,,,,1.0405929810076486,23.06377271232391,,,,,,,,,,,unavailable_not_recorded_by_runner_v1,unavailable_not_recorded_by_runner_v1
1.0,1f1e1b4c6d9496d13394c494218a2355d92a997551c247042cc8948690d77705,revision_v1_smoke_v2__d994c46cd3b8ee75c35a,revision_v1_smoke_v2__d994c46cd3b8ee75c35a,,,,trial,rankcloak_trial,exploratory_smoke_not_for_confirmatory_pooling,smoke_v2_exploratory,mistral_7b_instruct_v0_3_q4_k_m,revision_v1_token_128_bit_hex_005,token_128_bit_hex,segmented_hex_single_topic,GPU-10d1f16f-9e79-08bb-b2ba-3353c04422cf,3f59f33f69daa2d5d71531968a409162229266db785361637834e166a903522a,,,9.989499812945724e-05,0.3334634780039778,5.3323341390059795,5.665897512008087,2.580069324976648,2.580087600988918,15.344478001992684,27.56766477267361,25.944698026826963,12.402679656200343,22.591301683223477,22.591301683223477,45.182603366446955,4.59375,4460.71875,4460.71875,4460.71875,,recorded_process_cumulative_peak_rss,unavailable_not_recorded_by_runner_v1
1.0,1f1e1b4c6d9496d13394c494218a2355d92a997551c247042cc8948690d77705,revision_v1_smoke_v2__3c65dc03ff8256325af5,revision_v1_smoke_v2__3c65dc03ff8256325af5,,,,ordinary_control_generation,ordinary_control,exploratory_smoke_not_for_confirmatory_pooling,smoke_v2_exploratory,mistral_7b_instruct_v0_3_q4_k_m,revision_v1_token_128_bit_hex_005,token_128_bit_hex,ordinary_llm_control,GPU-10d1f16f-9e79-08bb-b2ba-3353c04422cf,3f59f33f69daa2d5d71531968a409162229266db785361637834e166a903522a,,,,,3.7728991430049064,,,,3.7728991430049064,38.962080466037214,,,,,,,,,,,unavailable_not_recorded_by_runner_v1,unavailable_not_recorded_by_runner_v1
1.0,1f1e1b4c6d9496d13394c494218a2355d92a997551c247042cc8948690d77705,revision_v1_smoke_v2__29d263fe67fb09a1bdef,revision_v1_smoke_v2__29d263fe67fb09a1bdef,,,,ordinary_control_generation,ordinary_control,exploratory_smoke_not_for_confirmatory_pooling,smoke_v2_exploratory,mistral_7b_instruct_v0_3_q4_k_m,revision_v1_token_128_bit_hex_005,token_128_bit_hex,ordinary_llm_control,GPU-10d1f16f-9e79-08bb-b2ba-3353c04422cf,3f59f33f69daa2d5d71531968a409162229266db785361637834e166a903522a,,,,,1.243272091000108,,,,1.243272091000108,25.738533207367894,,,,,,,,,,,unavailable_not_recorded_by_runner_v1,unavailable_not_recorded_by_runner_v1
1.0,1f1e1b4c6d9496d13394c494218a2355d92a997551c247042cc8948690d77705,revision_v1_smoke_v2__3cf404988748c6dc3a39,revision_v1_smoke_v2__3cf404988748c6dc3a39,,,,trial,rankcloak_trial,exploratory_smoke_not_for_confirmatory_pooling,smoke_v2_exploratory,mistral_7b_instruct_v0_3_q4_k_m,revision_v1_sha256_hex_003,sha256_hex,segmented_hex_multi_topic,GPU-10d1f16f-9e79-08bb-b2ba-3353c04422cf,3f59f33f69daa2d5d71531968a409162229266db785361637834e166a903522a,,,4.58919967059046e-05,0.00014540899428538978,10.097189043022809,10.0973803440138,5.192777464995743,5.1928033889998915,29.567723888001638,26.54204044888997,26.54153759384561,12.324749312784224,25.353110537404763,25.353110537404763,50.70622107480953,4.1875,4460.71875,4460.71875,4460.71875,,recorded_process_cumulative_peak_rss,unavailable_not_recorded_by_runner_v1
1.0,1f1e1b4c6d9496d13394c494218a2355d92a997551c247042cc8948690d77705,revision_v1_smoke_v2__fea42faa4795c9c4112f,revision_v1_smoke_v2__fea42faa4795c9c4112f,,,,ordinary_control_generation,ordinary_control,exploratory_smoke_not_for_confirmatory_pooling,smoke_v2_exploratory,mistral_7b_instruct_v0_3_q4_k_m,revision_v1_sha256_hex_003,sha256_hex,ordinary_llm_control,GPU-10d1f16f-9e79-08bb-b2ba-3353c04422cf,3f59f33f69daa2d5d71531968a409162229266db785361637834e166a903522a,,,,,6.429083993003587,,,,6.429083993003587,41.68556520519088,,,,,,,,,,,unavailable_not_recorded_by_runner_v1,unavailable_not_recorded_by_runner_v1
1.0,1f1e1b4c6d9496d13394c494218a2355d92a997551c247042cc8948690d77705,revision_v1_smoke_v2__4a64f2e31e57602ea8d1,revision_v1_smoke_v2__4a64f2e31e57602ea8d1,,,,ordinary_control_generation,ordinary_control,exploratory_smoke_not_for_confirmatory_pooling,smoke_v2_exploratory,mistral_7b_instruct_v0_3_q4_k_m,revision_v1_sha256_hex_003,sha256_hex,ordinary_llm_control,GPU-10d1f16f-9e79-08bb-b2ba-3353c04422cf,3f59f33f69daa2d5d71531968a409162229266db785361637834e166a903522a,,,,,1.926005792003707,,,,1.926005792003707,33.229391243635895,,,,,,,,,,,unavailable_not_recorded_by_runner_v1,unavailable_not_recorded_by_runner_v1
1.0,1f1e1b4c6d9496d13394c494218a2355d92a997551c247042cc8948690d77705,revision_v1_smoke_v2__efa2da01d4716ff97676,revision_v1_smoke_v2__efa2da01d4716ff97676,,,,trial,rankcloak_trial,exploratory_smoke_not_for_confirmatory_pooling,smoke_v2_exploratory,mistral_7b_instruct_v0_3_q4_k_m,revision_v1_nonce_96_bit_hex_008,nonce_96_bit_hex,segmented_hex_multi_topic,GPU-10d1f16f-9e79-08bb-b2ba-3353c04422cf,3f59f33f69daa2d5d71531968a409162229266db785361637834e166a903522a,,,9.858999692369252e-05,9.323004633188248e-06,4.81313767399115,4.813245586992707,1.9526947659906,1.9527129369962495,12.12842622998869,29.91811366172543,29.917442897396498,12.290593023323682,19.944961931597664,19.944961931597664,39.88992386319533,6.0,4460.71875,4460.71875,4460.71875,,recorded_process_cumulative_peak_rss,unavailable_not_recorded_by_runner_v1
1.0,1f1e1b4c6d9496d13394c494218a2355d92a997551c247042cc8948690d77705,revision_v1_smoke_v2__193cd775936b504dd03e,revision_v1_smoke_v2__193cd775936b504dd03e,,,,ordinary_control_generation,ordinary_control,exploratory_smoke_not_for_confirmatory_pooling,smoke_v2_exploratory,mistral_7b_instruct_v0_3_q4_k_m,revision_v1_nonce_96_bit_hex_008,nonce_96_bit_hex,ordinary_llm_control,GPU-10d1f16f-9e79-08bb-b2ba-3353c04422cf,3f59f33f69daa2d5d71531968a409162229266db785361637834e166a903522a,,,,,3.7073957069951575,,,,3.7073957069951575,38.84128142250883,,,,,,,,,,,unavailable_not_recorded_by_runner_v1,unavailable_not_recorded_by_runner_v1
1.0,1f1e1b4c6d9496d13394c494218a2355d92a997551c247042cc8948690d77705,revision_v1_smoke_v2__f5b812b46a482754d133,revision_v1_smoke_v2__f5b812b46a482754d133,,,,ordinary_control_generation,ordinary_control,exploratory_smoke_not_for_confirmatory_pooling,smoke_v2_exploratory,mistral_7b_instruct_v0_3_q4_k_m,revision_v1_nonce_96_bit_hex_008,nonce_96_bit_hex,ordinary_llm_control,GPU-10d1f16f-9e79-08bb-b2ba-3353c04422cf,3f59f33f69daa2d5d71531968a409162229266db785361637834e166a903522a,,,,,1.0183474420045968,,,,1.0183474420045968,23.567594919035173,,,,,,,,,,,unavailable_not_recorded_by_runner_v1,unavailable_not_recorded_by_runner_v1
1.0,1f1e1b4c6d9496d13394c494218a2355d92a997551c247042cc8948690d77705,revision_v1_smoke_v2__1374cbea497cf7f77814,revision_v1_smoke_v2__1374cbea497cf7f77814,,,,condition_unavailable_no_execution,condition_unavailable,exploratory_smoke_not_for_confirmatory_pooling,smoke_v2_exploratory,mistral_7b_instruct_v0_3_q4_k_m,revision_v1_token_128_bit_hex_002,token_128_bit_hex,segmented_hex_multi_topic,GPU-10d1f16f-9e79-08bb-b2ba-3353c04422cf,3f59f33f69daa2d5d71531968a409162229266db785361637834e166a903522a,,,,,,,,,,,,,,,,,,,,,unavailable_not_recorded_by_runner_v1,unavailable_not_recorded_by_runner_v1
1.0,1f1e1b4c6d9496d13394c494218a2355d92a997551c247042cc8948690d77705,revision_v1_smoke_v2__4816c3786864874f56f2,revision_v1_smoke_v2__4816c3786864874f56f2,,,,dependent_unavailable_no_execution,dependent_unavailable,exploratory_smoke_not_for_confirmatory_pooling,smoke_v2_exploratory,mistral_7b_instruct_v0_3_q4_k_m,revision_v1_token_128_bit_hex_002,token_128_bit_hex,,GPU-10d1f16f-9e79-08bb-b2ba-3353c04422cf,3f59f33f69daa2d5d71531968a409162229266db785361637834e166a903522a,,,,,,,,,,,,,,,,,,,,,unavailable_not_recorded_by_runner_v1,unavailable_not_recorded_by_runner_v1
1.0,1f1e1b4c6d9496d13394c494218a2355d92a997551c247042cc8948690d77705,revision_v1_smoke_v2__be3e7f869f622be8f671,revision_v1_smoke_v2__be3e7f869f622be8f671,,,,dependent_unavailable_no_execution,dependent_unavailable,exploratory_smoke_not_for_confirmatory_pooling,smoke_v2_exploratory,mistral_7b_instruct_v0_3_q4_k_m,revision_v1_token_128_bit_hex_002,token_128_bit_hex,,GPU-10d1f16f-9e79-08bb-b2ba-3353c04422cf,3f59f33f69daa2d5d71531968a409162229266db785361637834e166a903522a,,,,,,,,,,,,,,,,,,,,,unavailable_not_recorded_by_runner_v1,unavailable_not_recorded_by_runner_v1
1.0,1f1e1b4c6d9496d13394c494218a2355d92a997551c247042cc8948690d77705,revision_v1_smoke_v2__a378c7c386b74f45bf5f,revision_v1_smoke_v2__a378c7c386b74f45bf5f,,,,trial,rankcloak_trial,exploratory_smoke_not_for_confirmatory_pooling,smoke_v2_exploratory,mistral_7b_instruct_v0_3_q4_k_m,revision_v1_sha256_hex_000,sha256_hex,segmented_hex_multi_topic,GPU-10d1f16f-9e79-08bb-b2ba-3353c04422cf,3f59f33f69daa2d5d71531968a409162229266db785361637834e166a903522a,,,0.00012831100320909172,0.000409132000640966,20.467418145024567,20.467955588028417,6.455190677996143,6.455216598988045,45.12178109999513,35.95959171718562,35.95864749826221,9.914462050744044,12.507355651569464,12.507355651569464,25.014711303138927,11.5,4460.71875,4460.71875,4460.71875,,recorded_process_cumulative_peak_rss,unavailable_not_recorded_by_runner_v1
1.0,1f1e1b4c6d9496d13394c494218a2355d92a997551c247042cc8948690d77705,revision_v1_smoke_v2__8ef349cccc386091a05b,revision_v1_smoke_v2__8ef349cccc386091a05b,,,,ordinary_control_generation,ordinary_control,exploratory_smoke_not_for_confirmatory_pooling,smoke_v2_exploratory,mistral_7b_instruct_v0_3_q4_k_m,revision_v1_sha256_hex_000,sha256_hex,ordinary_llm_control,GPU-10d1f16f-9e79-08bb-b2ba-3353c04422cf,3f59f33f69daa2d5d71531968a409162229266db785361637834e166a903522a,,,,,16.992761526009417,,,,16.992761526009417,43.312559813981125,,,,,,,,,,,unavailable_not_recorded_by_runner_v1,unavailable_not_recorded_by_runner_v1
1.0,1f1e1b4c6d9496d13394c494218a2355d92a997551c247042cc8948690d77705,revision_v1_smoke_v2__1b8baddcbc6cc4b0d7a6,revision_v1_smoke_v2__1b8baddcbc6cc4b0d7a6,,,,ordinary_control_generation,ordinary_control,exploratory_smoke_not_for_confirmatory_pooling,smoke_v2_exploratory,mistral_7b_instruct_v0_3_q4_k_m,revision_v1_sha256_hex_000,sha256_hex,ordinary_llm_control,GPU-10d1f16f-9e79-08bb-b2ba-3353c04422cf,3f59f33f69daa2d5d71531968a409162229266db785361637834e166a903522a,,,,,1.94469620900054,,,,1.94469620900054,32.91002456002742,,,,,,,,,,,unavailable_not_recorded_by_runner_v1,unavailable_not_recorded_by_runner_v1
1.0,1f1e1b4c6d9496d13394c494218a2355d92a997551c247042cc8948690d77705,revision_v1_smoke_v2__e3ab5a575fd10301a7b0,revision_v1_smoke_v2__e3ab5a575fd10301a7b0,,,,trial,rankcloak_trial,exploratory_smoke_not_for_confirmatory_pooling,smoke_v2_exploratory,mistral_7b_instruct_v0_3_q4_k_m,revision_v1_token_128_bit_hex_004,token_128_bit_hex,segmented_hex_multi_topic,GPU-10d1f16f-9e79-08bb-b2ba-3353c04422cf,3f59f33f69daa2d5d71531968a409162229266db785361637834e166a903522a,,,9.93209978332743e-05,0.0004496790061239153,2.7570791209873278,2.757628120991285,2.5387468740082113,2.5387671520147705,12.332025499999872,11.606485920701687,11.6041752535135,12.604543104555587,46.416701014054,46.416701014054,92.833402028108,1.0,4460.71875,4460.71875,4460.71875,,recorded_process_cumulative_peak_rss,unavailable_not_recorded_by_runner_v1
1.0,1f1e1b4c6d9496d13394c494218a2355d92a997551c247042cc8948690d77705,revision_v1_smoke_v2__2e9cbf6d9fbc20c2a427,revision_v1_smoke_v2__2e9cbf6d9fbc20c2a427,,,,ordinary_control_generation,ordinary_control,exploratory_smoke_not_for_confirmatory_pooling,smoke_v2_exploratory,mistral_7b_instruct_v0_3_q4_k_m,revision_v1_token_128_bit_hex_004,token_128_bit_hex,ordinary_llm_control,GPU-10d1f16f-9e79-08bb-b2ba-3353c04422cf,3f59f33f69daa2d5d71531968a409162229266db785361637834e166a903522a,,,,,1.2371026729961159,,,,1.2371026729961159,25.86689100145568,,,,,,,,,,,unavailable_not_recorded_by_runner_v1,unavailable_not_recorded_by_runner_v1
1.0,1f1e1b4c6d9496d13394c494218a2355d92a997551c247042cc8948690d77705,revision_v1_smoke_v2__fcf2cbd78ae24a54413c,revision_v1_smoke_v2__fcf2cbd78ae24a54413c,,,,ordinary_control_generation,ordinary_control,exploratory_smoke_not_for_confirmatory_pooling,smoke_v2_exploratory,mistral_7b_instruct_v0_3_q4_k_m,revision_v1_token_128_bit_hex_004,token_128_bit_hex,ordinary_llm_control,GPU-10d1f16f-9e79-08bb-b2ba-3353c04422cf,3f59f33f69daa2d5d71531968a409162229266db785361637834e166a903522a,,,,,1.2157301800034475,,,,1.2157301800034475,26.32163001819142,,,,,,,,,,,unavailable_not_recorded_by_runner_v1,unavailable_not_recorded_by_runner_v1
1.0,1f1e1b4c6d9496d13394c494218a2355d92a997551c247042cc8948690d77705,revision_v1_smoke_v2__5dc6121b8ffc78656d90,revision_v1_smoke_v2__5dc6121b8ffc78656d90,,,,trial,rankcloak_trial,exploratory_smoke_not_for_confirmatory_pooling,smoke_v2_exploratory,mistral_7b_instruct_v0_3_q4_k_m,revision_v1_nonce_96_bit_hex_006,nonce_96_bit_hex,segmented_hex_multi_topic,GPU-10d1f16f-9e79-08bb-b2ba-3353c04422cf,3f59f33f69daa2d5d71531968a409162229266db785361637834e166a903522a,,,3.0010007321834564e-05,0.00013673600915353745,4.708273986005224,4.7084407320217,1.9491739669902017,1.9491900289867772,12.028656085996772,29.734888074936396,29.7338350354231,12.312806675127318,20.388915452861553,20.388915452861553,40.77783090572311,5.833333333333333,4460.71875,4460.71875,4460.71875,,recorded_process_cumulative_peak_rss,unavailable_not_recorded_by_runner_v1
1.0,1f1e1b4c6d9496d13394c494218a2355d92a997551c247042cc8948690d77705,revision_v1_smoke_v2__2e33413830053e4fb85d,revision_v1_smoke_v2__2e33413830053e4fb85d,,,,ordinary_control_generation,ordinary_control,exploratory_smoke_not_for_confirmatory_pooling,smoke_v2_exploratory,mistral_7b_instruct_v0_3_q4_k_m,revision_v1_nonce_96_bit_hex_006,nonce_96_bit_hex,ordinary_llm_control,GPU-10d1f16f-9e79-08bb-b2ba-3353c04422cf,3f59f33f69daa2d5d71531968a409162229266db785361637834e166a903522a,,,,,3.6192228500003694,,,,3.6192228500003694,38.6823375631555,,,,,,,,,,,unavailable_not_recorded_by_runner_v1,unavailable_not_recorded_by_runner_v1
1.0,1f1e1b4c6d9496d13394c494218a2355d92a997551c247042cc8948690d77705,revision_v1_smoke_v2__bf1c48b318a5b82ba4b0,revision_v1_smoke_v2__bf1c48b318a5b82ba4b0,,,,ordinary_control_generation,ordinary_control,exploratory_smoke_not_for_confirmatory_pooling,smoke_v2_exploratory,mistral_7b_instruct_v0_3_q4_k_m,revision_v1_nonce_96_bit_hex_006,nonce_96_bit_hex,ordinary_llm_control,GPU-10d1f16f-9e79-08bb-b2ba-3353c04422cf,3f59f33f69daa2d5d71531968a409162229266db785361637834e166a903522a,,,,,1.0366651140066097,,,,1.0366651140066097,23.151160076413046,,,,,,,,,,,unavailable_not_recorded_by_runner_v1,unavailable_not_recorded_by_runner_v1
1.0,1f1e1b4c6d9496d13394c494218a2355d92a997551c247042cc8948690d77705,revision_v1_smoke_v2__ed46a6c43fc212de1baa,revision_v1_smoke_v2__ed46a6c43fc212de1baa,,,,trial,rankcloak_trial,exploratory_smoke_not_for_confirmatory_pooling,smoke_v2_exploratory,mistral_7b_instruct_v0_3_q4_k_m,revision_v1_token_128_bit_hex_000,token_128_bit_hex,segmented_hex_multi_topic,GPU-10d1f16f-9e79-08bb-b2ba-3353c04422cf,3f59f33f69daa2d5d71531968a409162229266db785361637834e166a903522a,,,4.071199509780854e-05,0.00020533699716906995,4.49332357700041,4.493569625992677,2.841634319003788,2.8416524900094373,15.354389548010658,32.715204565377014,32.713413218233185,11.261053247187775,28.485148924720054,28.485148924720054,56.97029784944011,4.59375,4460.71875,4460.71875,4460.71875,,recorded_process_cumulative_peak_rss,unavailable_not_recorded_by_runner_v1
1.0,1f1e1b4c6d9496d13394c494218a2355d92a997551c247042cc8948690d77705,revision_v1_smoke_v2__44f44126bfbc2beda943,revision_v1_smoke_v2__44f44126bfbc2beda943,,,,ordinary_control_generation,ordinary_control,exploratory_smoke_not_for_confirmatory_pooling,smoke_v2_exploratory,mistral_7b_instruct_v0_3_q4_k_m,revision_v1_token_128_bit_hex_000,token_128_bit_hex,ordinary_llm_control,GPU-10d1f16f-9e79-08bb-b2ba-3353c04422cf,3f59f33f69daa2d5d71531968a409162229266db785361637834e166a903522a,,,,,3.7394449329876807,,,,3.7394449329876807,39.31064707043362,,,,,,,,,,,unavailable_not_recorded_by_runner_v1,unavailable_not_recorded_by_runner_v1
1.0,1f1e1b4c6d9496d13394c494218a2355d92a997551c247042cc8948690d77705,revision_v1_smoke_v2__4cf270e5ec467f8944d8,revision_v1_smoke_v2__4cf270e5ec467f8944d8,,,,ordinary_control_generation,ordinary_control,exploratory_smoke_not_for_confirmatory_pooling,smoke_v2_exploratory,mistral_7b_instruct_v0_3_q4_k_m,revision_v1_token_128_bit_hex_000,token_128_bit_hex,ordinary_llm_control,GPU-10d1f16f-9e79-08bb-b2ba-3353c04422cf,3f59f33f69daa2d5d71531968a409162229266db785361637834e166a903522a,,,,,1.2147701590001816,,,,1.2147701590001816,26.342431745555594,,,,,,,,,,,unavailable_not_recorded_by_runner_v1,unavailable_not_recorded_by_runner_v1
1.0,75a88c8822e7f61236e9fd6a873f2c9b4f7937a76616cb3c059c598962c715d9,model_load::75a88c8822e7f61236e9fd6a873f2c9b4f7937a76616cb3c059c598962c715d9::0,model_load::0,,,,model_load_session,model_load_event,exploratory_smoke_not_for_confirmatory_pooling,smoke_v2_model_load,qwen2_5_7b_instruct_q4_k_m,not_applicable_model_load,not_applicable_model_load,not_applicable_model_load,GPU-10d1f16f-9e79-08bb-b2ba-3353c04422cf,3f59f33f69daa2d5d71531968a409162229266db785361637834e166a903522a,0,2.4347082159947604,,,,,,,,,,,,,,,,,,,unavailable_not_recorded_by_runner_v1,unavailable_not_recorded_by_runner_v1
1.0,75a88c8822e7f61236e9fd6a873f2c9b4f7937a76616cb3c059c598962c715d9,memory_profile::75a88c8822e7f61236e9fd6a873f2c9b4f7937a76616cb3c059c598962c715d9::0,memory_profile::0,,,,model_shard_memory_profile,memory_profile_event,exploratory_smoke_not_for_confirmatory_pooling,smoke_v2_memory_profile,qwen2_5_7b_instruct_q4_k_m,not_applicable_memory_profile,not_applicable_memory_profile,not_applicable_memory_profile,GPU-10d1f16f-9e79-08bb-b2ba-3353c04422cf,3f59f33f69daa2d5d71531968a409162229266db785361637834e166a903522a,0,,,,,,,,,,,,,,,,,,4802.43359375,4757,recorded_os_high_water_and_sampled_current_rss,total selected-device memory.used; includes any co-tenant processes; one-second polling is not a kernel-exact peak
1.0,75a88c8822e7f61236e9fd6a873f2c9b4f7937a76616cb3c059c598962c715d9,revision_v1_smoke_v2__460f7fe252c00f49edf9,revision_v1_smoke_v2__460f7fe252c00f49edf9,,,,trial,rankcloak_trial,exploratory_smoke_not_for_confirmatory_pooling,smoke_v2_exploratory,qwen2_5_7b_instruct_q4_k_m,revision_v1_ed25519_signature_base64_016,ed25519_signature_base64,direct_subword_calgacus,GPU-10d1f16f-9e79-08bb-b2ba-3353c04422cf,3f59f33f69daa2d5d71531968a409162229266db785361637834e166a903522a,,,1.5014134399971226,6.596004823222756e-06,3.9511614090006333,5.452581445002579,1.963288872007979,4.330018924010801,19.554716198996175,16.70394933744136,12.104358397157107,15.242427610192903,,93.90047726279452,129.11315623634246,0.75,4802.43359375,4802.43359375,4802.43359375,,recorded_process_cumulative_peak_rss,unavailable_not_recorded_by_runner_v1
1.0,75a88c8822e7f61236e9fd6a873f2c9b4f7937a76616cb3c059c598962c715d9,revision_v1_smoke_v2__3932c611ad487e6e713c,revision_v1_smoke_v2__3932c611ad487e6e713c,,,,ordinary_control_generation,ordinary_control,exploratory_smoke_not_for_confirmatory_pooling,smoke_v2_exploratory,qwen2_5_7b_instruct_q4_k_m,revision_v1_ed25519_signature_base64_016,ed25519_signature_base64,ordinary_llm_control,GPU-10d1f16f-9e79-08bb-b2ba-3353c04422cf,3f59f33f69daa2d5d71531968a409162229266db785361637834e166a903522a,,,,,3.165056123994873,,,,3.165056123994873,20.852710793859817,,,,,,,,,,,unavailable_not_recorded_by_runner_v1,unavailable_not_recorded_by_runner_v1
1.0,75a88c8822e7f61236e9fd6a873f2c9b4f7937a76616cb3c059c598962c715d9,revision_v1_smoke_v2__36afcb3d72b8cefec941,revision_v1_smoke_v2__36afcb3d72b8cefec941,,,,trial,rankcloak_trial,exploratory_smoke_not_for_confirmatory_pooling,smoke_v2_exploratory,qwen2_5_7b_instruct_q4_k_m,revision_v1_uuid_v4_014,uuid_v4,nonseg_ascii_b8,GPU-10d1f16f-9e79-08bb-b2ba-3353c04422cf,3f59f33f69daa2d5d71531968a409162229266db785361637834e166a903522a,,,0.0001651519996812567,4.368994268588722e-06,6.889967135997722,6.890136656991672,2.488574286995572,2.488692977989558,14.681278884003405,13.933303033977163,13.93296022693328,38.574464929600005,41.79888068079984,18.57728030257771,41.79888068079984,2.6666666666666665,4802.43359375,4802.43359375,4802.43359375,,recorded_process_cumulative_peak_rss,unavailable_not_recorded_by_runner_v1
1.0,75a88c8822e7f61236e9fd6a873f2c9b4f7937a76616cb3c059c598962c715d9,revision_v1_smoke_v2__c2b79b86d16e00f16f54,revision_v1_smoke_v2__c2b79b86d16e00f16f54,,,,ordinary_control_generation,ordinary_control,exploratory_smoke_not_for_confirmatory_pooling,smoke_v2_exploratory,qwen2_5_7b_instruct_q4_k_m,revision_v1_uuid_v4_014,uuid_v4,ordinary_llm_control,GPU-10d1f16f-9e79-08bb-b2ba-3353c04422cf,3f59f33f69daa2d5d71531968a409162229266db785361637834e166a903522a,,,,,4.136844573993585,,,,4.136844573993585,23.20609302160088,,,,,,,,,,,unavailable_not_recorded_by_runner_v1,unavailable_not_recorded_by_runner_v1
1.0,75a88c8822e7f61236e9fd6a873f2c9b4f7937a76616cb3c059c598962c715d9,revision_v1_smoke_v2__7441f3543c66805f07dc,revision_v1_smoke_v2__7441f3543c66805f07dc,,,,trial,rankcloak_trial,exploratory_smoke_not_for_confirmatory_pooling,smoke_v2_exploratory,qwen2_5_7b_instruct_q4_k_m,revision_v1_chacha20_poly1305_base64_001,chacha20_poly1305_base64,nonseg_ascii_b16,GPU-10d1f16f-9e79-08bb-b2ba-3353c04422cf,3f59f33f69daa2d5d71531968a409162229266db785361637834e166a903522a,,,0.0001166319998446852,2.7600035537034273e-06,8.093727890009177,8.093847282012575,3.175132988995756,3.175300361996051,17.98543178901309,15.814715016303182,15.814481734102124,40.311147106580144,63.257926936408495,47.44344520230637,63.257926936408495,2.0,4802.43359375,4802.43359375,4802.43359375,,recorded_process_cumulative_peak_rss,unavailable_not_recorded_by_runner_v1
1.0,75a88c8822e7f61236e9fd6a873f2c9b4f7937a76616cb3c059c598962c715d9,revision_v1_smoke_v2__be5d6547138ef12cfc91,revision_v1_smoke_v2__be5d6547138ef12cfc91,,,,ordinary_control_generation,ordinary_control,exploratory_smoke_not_for_confirmatory_pooling,smoke_v2_exploratory,qwen2_5_7b_instruct_q4_k_m,revision_v1_chacha20_poly1305_base64_001,chacha20_poly1305_base64,ordinary_llm_control,GPU-10d1f16f-9e79-08bb-b2ba-3353c04422cf,3f59f33f69daa2d5d71531968a409162229266db785361637834e166a903522a,,,,,5.260017082007835,,,,5.260017082007835,24.33452173336675,,,,,,,,,,,unavailable_not_recorded_by_runner_v1,unavailable_not_recorded_by_runner_v1
1.0,75a88c8822e7f61236e9fd6a873f2c9b4f7937a76616cb3c059c598962c715d9,revision_v1_smoke_v2__ae6d6bd3328e4ac46bc4,revision_v1_smoke_v2__ae6d6bd3328e4ac46bc4,,,,trial,rankcloak_trial,exploratory_smoke_not_for_confirmatory_pooling,smoke_v2_exploratory,qwen2_5_7b_instruct_q4_k_m,revision_v1_token_128_bit_hex_005,token_128_bit_hex,nonseg_hex_nibble_b16,GPU-10d1f16f-9e79-08bb-b2ba-3353c04422cf,3f59f33f69daa2d5d71531968a409162229266db785361637834e166a903522a,,,3.2288007787428796e-05,2.7609930839389563e-06,2.46877190899977,2.4688069580006413,1.1584998089965666,1.1585194079962093,6.433052344000316,12.961910285573888,12.961726268754177,27.621462168983104,51.84690507501671,51.84690507501671,103.69381015003341,1.0,4802.43359375,4802.43359375,4802.43359375,,recorded_process_cumulative_peak_rss,unavailable_not_recorded_by_runner_v1
1.0,75a88c8822e7f61236e9fd6a873f2c9b4f7937a76616cb3c059c598962c715d9,revision_v1_smoke_v2__eabc6cd050ba2cbbf2c9,revision_v1_smoke_v2__eabc6cd050ba2cbbf2c9,,,,ordinary_control_generation,ordinary_control,exploratory_smoke_not_for_confirmatory_pooling,smoke_v2_exploratory,qwen2_5_7b_instruct_q4_k_m,revision_v1_token_128_bit_hex_005,token_128_bit_hex,ordinary_llm_control,GPU-10d1f16f-9e79-08bb-b2ba-3353c04422cf,3f59f33f69daa2d5d71531968a409162229266db785361637834e166a903522a,,,,,1.5810352499975124,,,,1.5810352499975124,20.239902937047322,,,,,,,,,,,unavailable_not_recorded_by_runner_v1,unavailable_not_recorded_by_runner_v1
1.0,75a88c8822e7f61236e9fd6a873f2c9b4f7937a76616cb3c059c598962c715d9,revision_v1_smoke_v2__d5b7368fdca1fcb5b317,revision_v1_smoke_v2__d5b7368fdca1fcb5b317,,,,trial,rankcloak_trial,exploratory_smoke_not_for_confirmatory_pooling,smoke_v2_exploratory,qwen2_5_7b_instruct_q4_k_m,revision_v1_sha256_hex_003,sha256_hex,segmented_hex_single_topic,GPU-10d1f16f-9e79-08bb-b2ba-3353c04422cf,3f59f33f69daa2d5d71531968a409162229266db785361637834e166a903522a,,,3.586598904803395e-05,1.4203887839976232,21.831539568011067,23.251964217997738,4.619112410990056,4.619139071990503,40.378724435999175,23.223282005401398,21.80460950510006,13.855395778854692,11.009822550898651,11.009822550898651,22.019645101797302,7.921875,4802.43359375,4802.43359375,4802.43359375,,recorded_process_cumulative_peak_rss,unavailable_not_recorded_by_runner_v1
1.0,75a88c8822e7f61236e9fd6a873f2c9b4f7937a76616cb3c059c598962c715d9,revision_v1_smoke_v2__ee9773bb2cdea1371682,revision_v1_smoke_v2__ee9773bb2cdea1371682,,,,ordinary_control_generation,ordinary_control,exploratory_smoke_not_for_confirmatory_pooling,smoke_v2_exploratory,qwen2_5_7b_instruct_q4_k_m,revision_v1_sha256_hex_003,sha256_hex,ordinary_llm_control,GPU-10d1f16f-9e79-08bb-b2ba-3353c04422cf,3f59f33f69daa2d5d71531968a409162229266db785361637834e166a903522a,,,,,18.470022356996196,,,,18.470022356996196,27.44988556053129,,,,,,,,,,,unavailable_not_recorded_by_runner_v1,unavailable_not_recorded_by_runner_v1
1.0,75a88c8822e7f61236e9fd6a873f2c9b4f7937a76616cb3c059c598962c715d9,revision_v1_smoke_v2__5ca341e4dda431a47c63,revision_v1_smoke_v2__5ca341e4dda431a47c63,,,,ordinary_control_generation,ordinary_control,exploratory_smoke_not_for_confirmatory_pooling,smoke_v2_exploratory,qwen2_5_7b_instruct_q4_k_m,revision_v1_sha256_hex_003,sha256_hex,ordinary_llm_control,GPU-10d1f16f-9e79-08bb-b2ba-3353c04422cf,3f59f33f69daa2d5d71531968a409162229266db785361637834e166a903522a,,,,,2.747372922996874,,,,2.747372922996874,23.294980985030556,,,,,,,,,,,unavailable_not_recorded_by_runner_v1,unavailable_not_recorded_by_runner_v1
1.0,75a88c8822e7f61236e9fd6a873f2c9b4f7937a76616cb3c059c598962c715d9,revision_v1_smoke_v2__b4e1448e16cf3c892770,revision_v1_smoke_v2__b4e1448e16cf3c892770,,,,trial,rankcloak_trial,exploratory_smoke_not_for_confirmatory_pooling,smoke_v2_exploratory,qwen2_5_7b_instruct_q4_k_m,revision_v1_hmac_sha256_hex_015,hmac_sha256_hex,segmented_hex_multi_topic,GPU-10d1f16f-9e79-08bb-b2ba-3353c04422cf,3f59f33f69daa2d5d71531968a409162229266db785361637834e166a903522a,,,0.0001497310004197061,0.0004962029925081879,11.97346588599612,11.974111819989048,4.906568955993862,4.906595431995811,30.13810939899122,16.369529246267525,16.36864620495746,13.043667627996651,21.379456267699542,21.379456267699542,42.758912535399084,3.0625,4802.43359375,4802.43359375,4802.43359375,,recorded_process_cumulative_peak_rss,unavailable_not_recorded_by_runner_v1
1.0,75a88c8822e7f61236e9fd6a873f2c9b4f7937a76616cb3c059c598962c715d9,revision_v1_smoke_v2__80428df2a7a920b8d684,revision_v1_smoke_v2__80428df2a7a920b8d684,,,,ordinary_control_generation,ordinary_control,exploratory_smoke_not_for_confirmatory_pooling,smoke_v2_exploratory,qwen2_5_7b_instruct_q4_k_m,revision_v1_hmac_sha256_hex_015,hmac_sha256_hex,ordinary_llm_control,GPU-10d1f16f-9e79-08bb-b2ba-3353c04422cf,3f59f33f69daa2d5d71531968a409162229266db785361637834e166a903522a,,,,,7.427608163998229,,,,7.427608163998229,26.388037127485543,,,,,,,,,,,unavailable_not_recorded_by_runner_v1,unavailable_not_recorded_by_runner_v1
1.0,75a88c8822e7f61236e9fd6a873f2c9b4f7937a76616cb3c059c598962c715d9,revision_v1_smoke_v2__6192105bc247f45e6dfd,revision_v1_smoke_v2__6192105bc247f45e6dfd,,,,ordinary_control_generation,ordinary_control,exploratory_smoke_not_for_confirmatory_pooling,smoke_v2_exploratory,qwen2_5_7b_instruct_q4_k_m,revision_v1_hmac_sha256_hex_015,hmac_sha256_hex,ordinary_llm_control,GPU-10d1f16f-9e79-08bb-b2ba-3353c04422cf,3f59f33f69daa2d5d71531968a409162229266db785361637834e166a903522a,,,,,2.7079443669936154,,,,2.7079443669936154,23.63416353012207,,,,,,,,,,,unavailable_not_recorded_by_runner_v1,unavailable_not_recorded_by_runner_v1
1.0,75a88c8822e7f61236e9fd6a873f2c9b4f7937a76616cb3c059c598962c715d9,revision_v1_smoke_v2__1e6abc2bfbebf2a788c9,revision_v1_smoke_v2__1e6abc2bfbebf2a788c9,,,,trial,rankcloak_trial,exploratory_smoke_not_for_confirmatory_pooling,smoke_v2_exploratory,qwen2_5_7b_instruct_q4_k_m,revision_v1_nonce_96_bit_hex_009,nonce_96_bit_hex,segmented_hex_multi_topic,GPU-10d1f16f-9e79-08bb-b2ba-3353c04422cf,3f59f33f69daa2d5d71531968a409162229266db785361637834e166a903522a,,,8.447800064459443e-05,7.706010364927351e-06,6.763927148000221,6.76401933201123,1.6813610659883125,1.68137757499062,12.967997091007419,21.289407299807202,21.289117155314617,14.274009810160512,14.192744770209744,14.192744770209744,28.38548954041949,6.0,4802.43359375,4802.43359375,4802.43359375,,recorded_process_cumulative_peak_rss,unavailable_not_recorded_by_runner_v1
1.0,75a88c8822e7f61236e9fd6a873f2c9b4f7937a76616cb3c059c598962c715d9,revision_v1_smoke_v2__d2953ac57eaaa6b250ab,revision_v1_smoke_v2__d2953ac57eaaa6b250ab,,,,ordinary_control_generation,ordinary_control,exploratory_smoke_not_for_confirmatory_pooling,smoke_v2_exploratory,qwen2_5_7b_instruct_q4_k_m,revision_v1_nonce_96_bit_hex_009,nonce_96_bit_hex,ordinary_llm_control,GPU-10d1f16f-9e79-08bb-b2ba-3353c04422cf,3f59f33f69daa2d5d71531968a409162229266db785361637834e166a903522a,,,,,5.736186777998228,,,,5.736186777998228,25.10378507065491,,,,,,,,,,,unavailable_not_recorded_by_runner_v1,unavailable_not_recorded_by_runner_v1
1.0,75a88c8822e7f61236e9fd6a873f2c9b4f7937a76616cb3c059c598962c715d9,revision_v1_smoke_v2__a05304b791aab998e8b9,revision_v1_smoke_v2__a05304b791aab998e8b9,,,,ordinary_control_generation,ordinary_control,exploratory_smoke_not_for_confirmatory_pooling,smoke_v2_exploratory,qwen2_5_7b_instruct_q4_k_m,revision_v1_nonce_96_bit_hex_009,nonce_96_bit_hex,ordinary_llm_control,GPU-10d1f16f-9e79-08bb-b2ba-3353c04422cf,3f59f33f69daa2d5d71531968a409162229266db785361637834e166a903522a,,,,,1.3152729050052585,,,,1.3152729050052585,18.247163694065488,,,,,,,,,,,unavailable_not_recorded_by_runner_v1,unavailable_not_recorded_by_runner_v1
1.0,75a88c8822e7f61236e9fd6a873f2c9b4f7937a76616cb3c059c598962c715d9,revision_v1_smoke_v2__2067535280845a8ef6ec,revision_v1_smoke_v2__2067535280845a8ef6ec,,,,trial,rankcloak_trial,exploratory_smoke_not_for_confirmatory_pooling,smoke_v2_exploratory,qwen2_5_7b_instruct_q4_k_m,revision_v1_nonce_96_bit_hex_010,nonce_96_bit_hex,segmented_hex_multi_topic,GPU-10d1f16f-9e79-08bb-b2ba-3353c04422cf,3f59f33f69daa2d5d71531968a409162229266db785361637834e166a903522a,,,8.591200457885861e-05,3.096123704992351,4.293429060999188,7.389638677996118,1.6843687599903205,1.6843850500008557,13.645919658010826,16.536898360555778,9.608047577673094,14.248523519006422,12.991162921924182,12.991162921924182,25.982325843848365,2.9583333333333335,4802.43359375,4802.43359375,4802.43359375,,recorded_process_cumulative_peak_rss,unavailable_not_recorded_by_runner_v1
1.0,75a88c8822e7f61236e9fd6a873f2c9b4f7937a76616cb3c059c598962c715d9,revision_v1_smoke_v2__fc2329dbdf0a35daf78e,revision_v1_smoke_v2__fc2329dbdf0a35daf78e,,,,ordinary_control_generation,ordinary_control,exploratory_smoke_not_for_confirmatory_pooling,smoke_v2_exploratory,qwen2_5_7b_instruct_q4_k_m,revision_v1_nonce_96_bit_hex_010,nonce_96_bit_hex,ordinary_llm_control,GPU-10d1f16f-9e79-08bb-b2ba-3353c04422cf,3f59f33f69daa2d5d71531968a409162229266db785361637834e166a903522a,,,,,2.8559911670017755,,,,2.8559911670017755,24.860020864327787,,,,,,,,,,,unavailable_not_recorded_by_runner_v1,unavailable_not_recorded_by_runner_v1
1.0,75a88c8822e7f61236e9fd6a873f2c9b4f7937a76616cb3c059c598962c715d9,revision_v1_smoke_v2__34404a520b71bb6d64c8,revision_v1_smoke_v2__34404a520b71bb6d64c8,,,,ordinary_control_generation,ordinary_control,exploratory_smoke_not_for_confirmatory_pooling,smoke_v2_exploratory,qwen2_5_7b_instruct_q4_k_m,revision_v1_nonce_96_bit_hex_010,nonce_96_bit_hex,ordinary_llm_control,GPU-10d1f16f-9e79-08bb-b2ba-3353c04422cf,3f59f33f69daa2d5d71531968a409162229266db785361637834e166a903522a,,,,,1.191852881005616,,,,1.191852881005616,20.136713500872858,,,,,,,,,,,unavailable_not_recorded_by_runner_v1,unavailable_not_recorded_by_runner_v1
1.0,75a88c8822e7f61236e9fd6a873f2c9b4f7937a76616cb3c059c598962c715d9,revision_v1_smoke_v2__c63f896cc62fce22a32d,revision_v1_smoke_v2__c63f896cc62fce22a32d,,,,trial,rankcloak_trial,exploratory_smoke_not_for_confirmatory_pooling,smoke_v2_exploratory,qwen2_5_7b_instruct_q4_k_m,revision_v1_token_128_bit_hex_004,token_128_bit_hex,segmented_hex_multi_topic,GPU-10d1f16f-9e79-08bb-b2ba-3353c04422cf,3f59f33f69daa2d5d71531968a409162229266db785361637834e166a903522a,,,0.00010164799459744245,0.0004099380021216348,7.4150162279984215,7.415527813995141,2.9869925120001426,2.987012557001435,19.132789719995344,19.95949778790309,19.958120812477205,10.713045020514999,17.261077459439743,17.261077459439743,34.52215491887949,4.625,4802.43359375,4802.43359375,4802.43359375,,recorded_process_cumulative_peak_rss,unavailable_not_recorded_by_runner_v1
1.0,75a88c8822e7f61236e9fd6a873f2c9b4f7937a76616cb3c059c598962c715d9,revision_v1_smoke_v2__7ae8d881dfcebd23f0ee,revision_v1_smoke_v2__7ae8d881dfcebd23f0ee,,,,ordinary_control_generation,ordinary_control,exploratory_smoke_not_for_confirmatory_pooling,smoke_v2_exploratory,qwen2_5_7b_instruct_q4_k_m,revision_v1_token_128_bit_hex_004,token_128_bit_hex,ordinary_llm_control,GPU-10d1f16f-9e79-08bb-b2ba-3353c04422cf,3f59f33f69daa2d5d71531968a409162229266db785361637834e166a903522a,,,,,5.660097578991554,,,,5.660097578991554,26.147959100445192,,,,,,,,,,,unavailable_not_recorded_by_runner_v1,unavailable_not_recorded_by_runner_v1
1.0,75a88c8822e7f61236e9fd6a873f2c9b4f7937a76616cb3c059c598962c715d9,revision_v1_smoke_v2__0121383b5ec7441e8c94,revision_v1_smoke_v2__0121383b5ec7441e8c94,,,,ordinary_control_generation,ordinary_control,exploratory_smoke_not_for_confirmatory_pooling,smoke_v2_exploratory,qwen2_5_7b_instruct_q4_k_m,revision_v1_token_128_bit_hex_004,token_128_bit_hex,ordinary_llm_control,GPU-10d1f16f-9e79-08bb-b2ba-3353c04422cf,3f59f33f69daa2d5d71531968a409162229266db785361637834e166a903522a,,,,,1.5143910109909484,,,,1.5143910109909484,21.130606143165537,,,,,,,,,,,unavailable_not_recorded_by_runner_v1,unavailable_not_recorded_by_runner_v1
1.0,75a88c8822e7f61236e9fd6a873f2c9b4f7937a76616cb3c059c598962c715d9,revision_v1_smoke_v2__a8c5599975b14b8304cc,revision_v1_smoke_v2__a8c5599975b14b8304cc,,,,trial,rankcloak_trial,exploratory_smoke_not_for_confirmatory_pooling,smoke_v2_exploratory,qwen2_5_7b_instruct_q4_k_m,revision_v1_sha256_hex_002,sha256_hex,segmented_hex_multi_topic,GPU-10d1f16f-9e79-08bb-b2ba-3353c04422cf,3f59f33f69daa2d5d71531968a409162229266db785361637834e166a903522a,,,4.0009996155276895e-05,0.0001307479979004711,7.179797837030492,7.1799685950245475,4.76691518399457,4.7669423170009395,24.902048988005845,8.913900008425571,8.913688013113266,13.425797029628162,35.65475205245306,35.65475205245306,71.30950410490613,1.0,4802.43359375,4802.43359375,4802.43359375,,recorded_process_cumulative_peak_rss,unavailable_not_recorded_by_runner_v1
1.0,75a88c8822e7f61236e9fd6a873f2c9b4f7937a76616cb3c059c598962c715d9,revision_v1_smoke_v2__12fb3b4b117672244c3e,revision_v1_smoke_v2__12fb3b4b117672244c3e,,,,ordinary_control_generation,ordinary_control,exploratory_smoke_not_for_confirmatory_pooling,smoke_v2_exploratory,qwen2_5_7b_instruct_q4_k_m,revision_v1_sha256_hex_002,sha256_hex,ordinary_llm_control,GPU-10d1f16f-9e79-08bb-b2ba-3353c04422cf,3f59f33f69daa2d5d71531968a409162229266db785361637834e166a903522a,,,,,2.751562017001561,,,,2.751562017001561,23.259515723996742,,,,,,,,,,,unavailable_not_recorded_by_runner_v1,unavailable_not_recorded_by_runner_v1
1.0,75a88c8822e7f61236e9fd6a873f2c9b4f7937a76616cb3c059c598962c715d9,revision_v1_smoke_v2__4febd5d5bfaeaee65370,revision_v1_smoke_v2__4febd5d5bfaeaee65370,,,,ordinary_control_generation,ordinary_control,exploratory_smoke_not_for_confirmatory_pooling,smoke_v2_exploratory,qwen2_5_7b_instruct_q4_k_m,revision_v1_sha256_hex_002,sha256_hex,ordinary_llm_control,GPU-10d1f16f-9e79-08bb-b2ba-3353c04422cf,3f59f33f69daa2d5d71531968a409162229266db785361637834e166a903522a,,,,,2.74259685499419,,,,2.74259685499419,23.33554779786823,,,,,,,,,,,unavailable_not_recorded_by_runner_v1,unavailable_not_recorded_by_runner_v1
1.0,75a88c8822e7f61236e9fd6a873f2c9b4f7937a76616cb3c059c598962c715d9,revision_v1_smoke_v2__a5773b75f3dd0b4755fc,revision_v1_smoke_v2__a5773b75f3dd0b4755fc,,,,trial,rankcloak_trial,exploratory_smoke_not_for_confirmatory_pooling,smoke_v2_exploratory,qwen2_5_7b_instruct_q4_k_m,revision_v1_nonce_96_bit_hex_007,nonce_96_bit_hex,segmented_hex_multi_topic,GPU-10d1f16f-9e79-08bb-b2ba-3353c04422cf,3f59f33f69daa2d5d71531968a409162229266db785361637834e166a903522a,,,7.711800571996719e-05,0.0001726159971440211,5.471362214011606,5.47161194801447,1.8448876660113456,1.8449068420159165,12.358101687990711,19.00806342772674,19.00719586624548,13.008786922691106,17.545103876534288,17.545103876534288,35.090207753068576,4.333333333333333,4802.43359375,4802.43359375,4802.43359375,,recorded_process_cumulative_peak_rss,unavailable_not_recorded_by_runner_v1
1.0,75a88c8822e7f61236e9fd6a873f2c9b4f7937a76616cb3c059c598962c715d9,revision_v1_smoke_v2__07397a1a23bb45746f6b,revision_v1_smoke_v2__07397a1a23bb45746f6b,,,,ordinary_control_generation,ordinary_control,exploratory_smoke_not_for_confirmatory_pooling,smoke_v2_exploratory,qwen2_5_7b_instruct_q4_k_m,revision_v1_nonce_96_bit_hex_007,nonce_96_bit_hex,ordinary_llm_control,GPU-10d1f16f-9e79-08bb-b2ba-3353c04422cf,3f59f33f69daa2d5d71531968a409162229266db785361637834e166a903522a,,,,,4.089134310997906,,,,4.089134310997906,25.433256061139257,,,,,,,,,,,unavailable_not_recorded_by_runner_v1,unavailable_not_recorded_by_runner_v1
1.0,75a88c8822e7f61236e9fd6a873f2c9b4f7937a76616cb3c059c598962c715d9,revision_v1_smoke_v2__d7ac7f8c130105511007,revision_v1_smoke_v2__d7ac7f8c130105511007,,,,ordinary_control_generation,ordinary_control,exploratory_smoke_not_for_confirmatory_pooling,smoke_v2_exploratory,qwen2_5_7b_instruct_q4_k_m,revision_v1_nonce_96_bit_hex_007,nonce_96_bit_hex,ordinary_llm_control,GPU-10d1f16f-9e79-08bb-b2ba-3353c04422cf,3f59f33f69daa2d5d71531968a409162229266db785361637834e166a903522a,,,,,1.2718872419936815,,,,1.2718872419936815,18.86959724698554,,,,,,,,,,,unavailable_not_recorded_by_runner_v1,unavailable_not_recorded_by_runner_v1
1.0,75a88c8822e7f61236e9fd6a873f2c9b4f7937a76616cb3c059c598962c715d9,revision_v1_smoke_v2__5c0a0354254797fd0a3f,revision_v1_smoke_v2__5c0a0354254797fd0a3f,,,,trial,rankcloak_trial,exploratory_smoke_not_for_confirmatory_pooling,smoke_v2_exploratory,qwen2_5_7b_instruct_q4_k_m,revision_v1_nonce_96_bit_hex_008,nonce_96_bit_hex,segmented_hex_multi_topic,GPU-10d1f16f-9e79-08bb-b2ba-3353c04422cf,3f59f33f69daa2d5d71531968a409162229266db785361637834e166a903522a,,,3.483900218270719e-05,0.00015124300261959434,5.413644372994895,5.413830454999697,2.6909727409947664,2.6909898719895864,16.429307871003402,21.796777155999433,21.79602796593426,8.918651181044979,17.732361734997365,17.732361734997365,35.46472346999473,4.916666666666667,4802.43359375,4802.43359375,4802.43359375,,recorded_process_cumulative_peak_rss,unavailable_not_recorded_by_runner_v1
1.0,75a88c8822e7f61236e9fd6a873f2c9b4f7937a76616cb3c059c598962c715d9,revision_v1_smoke_v2__6b77ce32b72d68882a0a,revision_v1_smoke_v2__6b77ce32b72d68882a0a,,,,ordinary_control_generation,ordinary_control,exploratory_smoke_not_for_confirmatory_pooling,smoke_v2_exploratory,qwen2_5_7b_instruct_q4_k_m,revision_v1_nonce_96_bit_hex_008,nonce_96_bit_hex,ordinary_llm_control,GPU-10d1f16f-9e79-08bb-b2ba-3353c04422cf,3f59f33f69daa2d5d71531968a409162229266db785361637834e166a903522a,,,,,4.6392635950032854,,,,4.6392635950032854,25.435071231367797,,,,,,,,,,,unavailable_not_recorded_by_runner_v1,unavailable_not_recorded_by_runner_v1
1.0,75a88c8822e7f61236e9fd6a873f2c9b4f7937a76616cb3c059c598962c715d9,revision_v1_smoke_v2__a4c2ee32fd56b75fd8e9,revision_v1_smoke_v2__a4c2ee32fd56b75fd8e9,,,,ordinary_control_generation,ordinary_control,exploratory_smoke_not_for_confirmatory_pooling,smoke_v2_exploratory,qwen2_5_7b_instruct_q4_k_m,revision_v1_nonce_96_bit_hex_008,nonce_96_bit_hex,ordinary_llm_control,GPU-10d1f16f-9e79-08bb-b2ba-3353c04422cf,3f59f33f69daa2d5d71531968a409162229266db785361637834e166a903522a,,,,,1.2937085370067507,,,,1.2937085370067507,18.551319183166807,,,,,,,,,,,unavailable_not_recorded_by_runner_v1,unavailable_not_recorded_by_runner_v1
