trial_id,protocol_variant,payload_name,payload_class,payload_kind,representation_name,alphabet_size,prompt_name,prompt_family,rank_count,generated_token_count,generated_character_count,exact_recovery,generation_seconds,recovery_seconds,mean_token_log_probability,median_token_log_probability,mean_generated_rank,p95_generated_rank,repeated_token_fraction,punctuation_fraction,alphabetic_fraction,artifact_count_total,model_repo_id,model_filename,model_path_relative,notes
nonseg_ascii_b8__paper_sha256_hex_000__ascii_bytes_fixed_radix__b8__recipe_long_specific,nonseg_ascii_b8,paper_sha256_hex_000,sha256_hex,sha256_hex,ascii_bytes_fixed_radix,8,recipe_long_specific,recipe,171,171,798,True,4.0511684759985656,2.1569767910004884,-3.366503961799593,-3.114136026589033,4.140350877192983,7.0,0.2514619883040936,0.031328320802005,0.7869674185463659,0,QuantFactory/Meta-Llama-3-8B-Instruct-GGUF,Meta-Llama-3-8B-Instruct.Q4_K_M.gguf,models/llama3_8b/Meta-Llama-3-8B-Instruct.Q4_K_M.gguf,synthetic payload; not encryption or cryptographic security
nonseg_ascii_b8__paper_sha256_hex_000__ascii_bytes_fixed_radix__b8__recipe_forum_exchange_specific,nonseg_ascii_b8,paper_sha256_hex_000,sha256_hex,sha256_hex,ascii_bytes_fixed_radix,8,recipe_forum_exchange_specific,recipe_forum_exchange,171,171,656,True,3.9105985799978953,2.129417531999934,-3.6115051696817,-3.306538249314212,4.140350877192983,7.0,0.2456140350877192,0.0716463414634146,0.7271341463414634,2,QuantFactory/Meta-Llama-3-8B-Instruct-GGUF,Meta-Llama-3-8B-Instruct.Q4_K_M.gguf,models/llama3_8b/Meta-Llama-3-8B-Instruct.Q4_K_M.gguf,synthetic payload; not encryption or cryptographic security
nonseg_ascii_b8__paper_sha256_hex_000__ascii_bytes_fixed_radix__b8__grocery_planning_note_specific,nonseg_ascii_b8,paper_sha256_hex_000,sha256_hex,sha256_hex,ascii_bytes_fixed_radix,8,grocery_planning_note_specific,grocery_planning,171,171,791,True,3.863744745001896,2.1258548199984943,-3.2290508086451264,-3.04571283904907,4.140350877192983,7.0,0.327485380116959,0.0290771175726927,0.7838179519595448,0,QuantFactory/Meta-Llama-3-8B-Instruct-GGUF,Meta-Llama-3-8B-Instruct.Q4_K_M.gguf,models/llama3_8b/Meta-Llama-3-8B-Instruct.Q4_K_M.gguf,synthetic payload; not encryption or cryptographic security
nonseg_ascii_b16__paper_sha256_hex_000__ascii_bytes_fixed_radix__b16__recipe_long_specific,nonseg_ascii_b16,paper_sha256_hex_000,sha256_hex,sha256_hex,ascii_bytes_fixed_radix,16,recipe_long_specific,recipe,128,128,596,True,2.952495508001448,1.6279659270003322,-3.8411064263680266,-3.459824964040422,5.015625,8.0,0.234375,0.0302013422818791,0.7785234899328859,0,QuantFactory/Meta-Llama-3-8B-Instruct-GGUF,Meta-Llama-3-8B-Instruct.Q4_K_M.gguf,models/llama3_8b/Meta-Llama-3-8B-Instruct.Q4_K_M.gguf,synthetic payload; not encryption or cryptographic security
nonseg_ascii_b16__paper_sha256_hex_000__ascii_bytes_fixed_radix__b16__recipe_forum_exchange_specific,nonseg_ascii_b16,paper_sha256_hex_000,sha256_hex,sha256_hex,ascii_bytes_fixed_radix,16,recipe_forum_exchange_specific,recipe_forum_exchange,128,128,482,True,2.8974051580007654,1.5652501140029926,-3.741693169010911,-3.6119837137455946,5.015625,8.0,0.1875,0.0726141078838174,0.7302904564315352,0,QuantFactory/Meta-Llama-3-8B-Instruct-GGUF,Meta-Llama-3-8B-Instruct.Q4_K_M.gguf,models/llama3_8b/Meta-Llama-3-8B-Instruct.Q4_K_M.gguf,synthetic payload; not encryption or cryptographic security
nonseg_ascii_b16__paper_sha256_hex_000__ascii_bytes_fixed_radix__b16__grocery_planning_note_specific,nonseg_ascii_b16,paper_sha256_hex_000,sha256_hex,sha256_hex,ascii_bytes_fixed_radix,16,grocery_planning_note_specific,grocery_planning,128,128,579,True,2.8380893539979297,1.6122071629979473,-3.840480718058514,-3.429032124510152,5.015625,8.0,0.2578125,0.0604490500863557,0.7651122625215889,0,QuantFactory/Meta-Llama-3-8B-Instruct-GGUF,Meta-Llama-3-8B-Instruct.Q4_K_M.gguf,models/llama3_8b/Meta-Llama-3-8B-Instruct.Q4_K_M.gguf,synthetic payload; not encryption or cryptographic security
nonseg_hex_nibble_b16__paper_sha256_hex_000__raw_hex_nibbles__b16__recipe_long_specific,nonseg_hex_nibble_b16,paper_sha256_hex_000,sha256_hex,sha256_hex,raw_hex_nibbles,16,recipe_long_specific,recipe,64,64,255,True,1.524664127002325,0.8451626480018604,-4.1627675517365885,-4.117950028389918,8.5625,15.0,0.0625,0.0431372549019607,0.7372549019607844,1,QuantFactory/Meta-Llama-3-8B-Instruct-GGUF,Meta-Llama-3-8B-Instruct.Q4_K_M.gguf,models/llama3_8b/Meta-Llama-3-8B-Instruct.Q4_K_M.gguf,synthetic payload; not encryption or cryptographic security
nonseg_hex_nibble_b16__paper_sha256_hex_000__raw_hex_nibbles__b16__recipe_forum_exchange_specific,nonseg_hex_nibble_b16,paper_sha256_hex_000,sha256_hex,sha256_hex,raw_hex_nibbles,16,recipe_forum_exchange_specific,recipe_forum_exchange,64,64,261,True,1.4683872380010143,0.823963453000033,-4.630596891825413,-4.458340984344969,8.5625,15.0,0.25,0.053639846743295,0.7394636015325671,0,QuantFactory/Meta-Llama-3-8B-Instruct-GGUF,Meta-Llama-3-8B-Instruct.Q4_K_M.gguf,models/llama3_8b/Meta-Llama-3-8B-Instruct.Q4_K_M.gguf,synthetic payload; not encryption or cryptographic security
nonseg_hex_nibble_b16__paper_sha256_hex_000__raw_hex_nibbles__b16__grocery_planning_note_specific,nonseg_hex_nibble_b16,paper_sha256_hex_000,sha256_hex,sha256_hex,raw_hex_nibbles,16,grocery_planning_note_specific,grocery_planning,64,64,279,True,1.4702648610000324,0.821980740998697,-4.673437678423916,-4.452117817359909,8.5625,15.0,0.09375,0.046594982078853,0.7741935483870968,1,QuantFactory/Meta-Llama-3-8B-Instruct-GGUF,Meta-Llama-3-8B-Instruct.Q4_K_M.gguf,models/llama3_8b/Meta-Llama-3-8B-Instruct.Q4_K_M.gguf,synthetic payload; not encryption or cryptographic security
nonseg_ascii_b8__paper_sha256_hex_001__ascii_bytes_fixed_radix__b8__recipe_long_specific,nonseg_ascii_b8,paper_sha256_hex_001,sha256_hex,sha256_hex,ascii_bytes_fixed_radix,8,recipe_long_specific,recipe,171,171,826,True,3.881762744000298,2.163738197999919,-3.3464152335801964,-3.090987363935575,3.947368421052632,7.0,0.3216374269005848,0.0326876513317191,0.7953995157384988,0,QuantFactory/Meta-Llama-3-8B-Instruct-GGUF,Meta-Llama-3-8B-Instruct.Q4_K_M.gguf,models/llama3_8b/Meta-Llama-3-8B-Instruct.Q4_K_M.gguf,synthetic payload; not encryption or cryptographic security
nonseg_ascii_b8__paper_sha256_hex_001__ascii_bytes_fixed_radix__b8__recipe_forum_exchange_specific,nonseg_ascii_b8,paper_sha256_hex_001,sha256_hex,sha256_hex,ascii_bytes_fixed_radix,8,recipe_forum_exchange_specific,recipe_forum_exchange,171,171,455,True,3.820343662999221,2.123701780001284,-3.484681644335259,-3.268514553482813,3.947368421052632,7.0,0.368421052631579,0.0879120879120879,0.643956043956044,2,QuantFactory/Meta-Llama-3-8B-Instruct-GGUF,Meta-Llama-3-8B-Instruct.Q4_K_M.gguf,models/llama3_8b/Meta-Llama-3-8B-Instruct.Q4_K_M.gguf,synthetic payload; not encryption or cryptographic security
nonseg_ascii_b8__paper_sha256_hex_001__ascii_bytes_fixed_radix__b8__grocery_planning_note_specific,nonseg_ascii_b8,paper_sha256_hex_001,sha256_hex,sha256_hex,ascii_bytes_fixed_radix,8,grocery_planning_note_specific,grocery_planning,171,171,735,True,3.861870132997865,2.117680251998536,-3.4425449610942462,-3.211628177810038,3.947368421052632,7.0,0.2631578947368421,0.0748299319727891,0.7482993197278912,2,QuantFactory/Meta-Llama-3-8B-Instruct-GGUF,Meta-Llama-3-8B-Instruct.Q4_K_M.gguf,models/llama3_8b/Meta-Llama-3-8B-Instruct.Q4_K_M.gguf,synthetic payload; not encryption or cryptographic security
nonseg_ascii_b16__paper_sha256_hex_001__ascii_bytes_fixed_radix__b16__recipe_long_specific,nonseg_ascii_b16,paper_sha256_hex_001,sha256_hex,sha256_hex,ascii_bytes_fixed_radix,16,recipe_long_specific,recipe,128,128,584,True,2.9296726629982004,1.6222387670022729,-3.857345486923519,-3.662943090088,5.171875,8.649999999999991,0.1796875,0.0273972602739726,0.8013698630136986,0,QuantFactory/Meta-Llama-3-8B-Instruct-GGUF,Meta-Llama-3-8B-Instruct.Q4_K_M.gguf,models/llama3_8b/Meta-Llama-3-8B-Instruct.Q4_K_M.gguf,synthetic payload; not encryption or cryptographic security
nonseg_ascii_b16__paper_sha256_hex_001__ascii_bytes_fixed_radix__b16__recipe_forum_exchange_specific,nonseg_ascii_b16,paper_sha256_hex_001,sha256_hex,sha256_hex,ascii_bytes_fixed_radix,16,recipe_forum_exchange_specific,recipe_forum_exchange,128,128,549,True,2.9255732059973525,1.6036680780016468,-3.7948818814985295,-3.48629973858535,5.171875,8.649999999999991,0.2421875,0.052823315118397,0.7632058287795993,0,QuantFactory/Meta-Llama-3-8B-Instruct-GGUF,Meta-Llama-3-8B-Instruct.Q4_K_M.gguf,models/llama3_8b/Meta-Llama-3-8B-Instruct.Q4_K_M.gguf,synthetic payload; not encryption or cryptographic security
nonseg_ascii_b16__paper_sha256_hex_001__ascii_bytes_fixed_radix__b16__grocery_planning_note_specific,nonseg_ascii_b16,paper_sha256_hex_001,sha256_hex,sha256_hex,ascii_bytes_fixed_radix,16,grocery_planning_note_specific,grocery_planning,128,128,619,True,2.935402164999686,1.6054727849987105,-3.7260998336247386,-3.3813722939102497,5.171875,8.649999999999991,0.3515625,0.0500807754442649,0.7835218093699515,0,QuantFactory/Meta-Llama-3-8B-Instruct-GGUF,Meta-Llama-3-8B-Instruct.Q4_K_M.gguf,models/llama3_8b/Meta-Llama-3-8B-Instruct.Q4_K_M.gguf,synthetic payload; not encryption or cryptographic security
nonseg_hex_nibble_b16__paper_sha256_hex_001__raw_hex_nibbles__b16__recipe_long_specific,nonseg_hex_nibble_b16,paper_sha256_hex_001,sha256_hex,sha256_hex,raw_hex_nibbles,16,recipe_long_specific,recipe,64,64,298,True,1.5210979439980292,0.8403685789999145,-4.808733712262325,-4.553629662782419,9.0625,16.0,0.171875,0.0302013422818791,0.7986577181208053,0,QuantFactory/Meta-Llama-3-8B-Instruct-GGUF,Meta-Llama-3-8B-Instruct.Q4_K_M.gguf,models/llama3_8b/Meta-Llama-3-8B-Instruct.Q4_K_M.gguf,synthetic payload; not encryption or cryptographic security
nonseg_hex_nibble_b16__paper_sha256_hex_001__raw_hex_nibbles__b16__recipe_forum_exchange_specific,nonseg_hex_nibble_b16,paper_sha256_hex_001,sha256_hex,sha256_hex,raw_hex_nibbles,16,recipe_forum_exchange_specific,recipe_forum_exchange,64,64,284,True,1.499096666000696,0.8237756679991435,-4.867660680249433,-4.6573020215589,9.0625,16.0,0.015625,0.0492957746478873,0.7852112676056338,2,QuantFactory/Meta-Llama-3-8B-Instruct-GGUF,Meta-Llama-3-8B-Instruct.Q4_K_M.gguf,models/llama3_8b/Meta-Llama-3-8B-Instruct.Q4_K_M.gguf,synthetic payload; not encryption or cryptographic security
nonseg_hex_nibble_b16__paper_sha256_hex_001__raw_hex_nibbles__b16__grocery_planning_note_specific,nonseg_hex_nibble_b16,paper_sha256_hex_001,sha256_hex,sha256_hex,raw_hex_nibbles,16,grocery_planning_note_specific,grocery_planning,64,64,324,True,1.46863624800244,0.8248038790006831,-4.247281607101058,-4.200161900306782,9.0625,16.0,0.125,0.0277777777777777,0.8024691358024691,1,QuantFactory/Meta-Llama-3-8B-Instruct-GGUF,Meta-Llama-3-8B-Instruct.Q4_K_M.gguf,models/llama3_8b/Meta-Llama-3-8B-Instruct.Q4_K_M.gguf,synthetic payload; not encryption or cryptographic security
nonseg_ascii_b8__paper_random_128_bit_hex_000__ascii_bytes_fixed_radix__b8__recipe_long_specific,nonseg_ascii_b8,paper_random_128_bit_hex_000,random_128_bit_hex,random_hex,ascii_bytes_fixed_radix,8,recipe_long_specific,recipe,86,86,377,False,1.9780992720006907,1.1127532239988795,-3.706852628999691,-3.351906910220448,4.186046511627907,7.0,0.1860465116279069,0.0212201591511936,0.7824933687002652,0,QuantFactory/Meta-Llama-3-8B-Instruct-GGUF,Meta-Llama-3-8B-Instruct.Q4_K_M.gguf,models/llama3_8b/Meta-Llama-3-8B-Instruct.Q4_K_M.gguf,synthetic payload; not encryption or cryptographic security
nonseg_ascii_b8__paper_random_128_bit_hex_000__ascii_bytes_fixed_radix__b8__recipe_forum_exchange_specific,nonseg_ascii_b8,paper_random_128_bit_hex_000,random_128_bit_hex,random_hex,ascii_bytes_fixed_radix,8,recipe_forum_exchange_specific,recipe_forum_exchange,86,86,355,True,1.976669835999928,1.0892770110003769,-3.882713427986167,-3.6421871673312527,4.162790697674419,7.0,0.1976744186046511,0.0619718309859154,0.7408450704225352,1,QuantFactory/Meta-Llama-3-8B-Instruct-GGUF,Meta-Llama-3-8B-Instruct.Q4_K_M.gguf,models/llama3_8b/Meta-Llama-3-8B-Instruct.Q4_K_M.gguf,synthetic payload; not encryption or cryptographic security
nonseg_ascii_b8__paper_random_128_bit_hex_000__ascii_bytes_fixed_radix__b8__grocery_planning_note_specific,nonseg_ascii_b8,paper_random_128_bit_hex_000,random_128_bit_hex,random_hex,ascii_bytes_fixed_radix,8,grocery_planning_note_specific,grocery_planning,86,86,399,True,1.967221105001954,1.091203640000458,-3.6422878536849614,-3.318544739888731,4.162790697674419,7.0,0.1627906976744185,0.0275689223057644,0.7869674185463659,0,QuantFactory/Meta-Llama-3-8B-Instruct-GGUF,Meta-Llama-3-8B-Instruct.Q4_K_M.gguf,models/llama3_8b/Meta-Llama-3-8B-Instruct.Q4_K_M.gguf,synthetic payload; not encryption or cryptographic security
nonseg_ascii_b16__paper_random_128_bit_hex_000__ascii_bytes_fixed_radix__b16__recipe_long_specific,nonseg_ascii_b16,paper_random_128_bit_hex_000,random_128_bit_hex,random_hex,ascii_bytes_fixed_radix,16,recipe_long_specific,recipe,64,64,304,True,1.5129104439984076,0.8426688289982849,-4.133390919754788,-3.65866017547598,5.109375,9.0,0.109375,0.0328947368421052,0.805921052631579,0,QuantFactory/Meta-Llama-3-8B-Instruct-GGUF,Meta-Llama-3-8B-Instruct.Q4_K_M.gguf,models/llama3_8b/Meta-Llama-3-8B-Instruct.Q4_K_M.gguf,synthetic payload; not encryption or cryptographic security
nonseg_ascii_b16__paper_random_128_bit_hex_000__ascii_bytes_fixed_radix__b16__recipe_forum_exchange_specific,nonseg_ascii_b16,paper_random_128_bit_hex_000,random_128_bit_hex,random_hex,ascii_bytes_fixed_radix,16,recipe_forum_exchange_specific,recipe_forum_exchange,64,64,300,True,1.4766452829971968,0.8242808089999016,-3.703776039790376,-3.255734126823522,5.109375,9.0,0.15625,0.0666666666666666,0.76,1,QuantFactory/Meta-Llama-3-8B-Instruct-GGUF,Meta-Llama-3-8B-Instruct.Q4_K_M.gguf,models/llama3_8b/Meta-Llama-3-8B-Instruct.Q4_K_M.gguf,synthetic payload; not encryption or cryptographic security
nonseg_ascii_b16__paper_random_128_bit_hex_000__ascii_bytes_fixed_radix__b16__grocery_planning_note_specific,nonseg_ascii_b16,paper_random_128_bit_hex_000,random_128_bit_hex,random_hex,ascii_bytes_fixed_radix,16,grocery_planning_note_specific,grocery_planning,64,64,327,True,1.491096893998474,0.8212058230019466,-3.6518925109167,-3.4928000640086605,5.109375,9.0,0.21875,0.0122324159021406,0.8073394495412844,0,QuantFactory/Meta-Llama-3-8B-Instruct-GGUF,Meta-Llama-3-8B-Instruct.Q4_K_M.gguf,models/llama3_8b/Meta-Llama-3-8B-Instruct.Q4_K_M.gguf,synthetic payload; not encryption or cryptographic security
nonseg_hex_nibble_b16__paper_random_128_bit_hex_000__raw_hex_nibbles__b16__recipe_long_specific,nonseg_hex_nibble_b16,paper_random_128_bit_hex_000,random_128_bit_hex,random_hex,raw_hex_nibbles,16,recipe_long_specific,recipe,32,32,145,True,0.7908269880026637,0.4587900300030014,-4.972441921977523,-4.389992032463017,7.90625,15.0,0.03125,0.0344827586206896,0.8068965517241379,0,QuantFactory/Meta-Llama-3-8B-Instruct-GGUF,Meta-Llama-3-8B-Instruct.Q4_K_M.gguf,models/llama3_8b/Meta-Llama-3-8B-Instruct.Q4_K_M.gguf,synthetic payload; not encryption or cryptographic security
nonseg_hex_nibble_b16__paper_random_128_bit_hex_000__raw_hex_nibbles__b16__recipe_forum_exchange_specific,nonseg_hex_nibble_b16,paper_random_128_bit_hex_000,random_128_bit_hex,random_hex,raw_hex_nibbles,16,recipe_forum_exchange_specific,recipe_forum_exchange,32,32,126,True,0.7693040049998672,0.4342476419988088,-4.95605111170981,-4.539792360805981,7.90625,15.0,0.0,0.0793650793650793,0.7301587301587301,2,QuantFactory/Meta-Llama-3-8B-Instruct-GGUF,Meta-Llama-3-8B-Instruct.Q4_K_M.gguf,models/llama3_8b/Meta-Llama-3-8B-Instruct.Q4_K_M.gguf,synthetic payload; not encryption or cryptographic security
nonseg_hex_nibble_b16__paper_random_128_bit_hex_000__raw_hex_nibbles__b16__grocery_planning_note_specific,nonseg_hex_nibble_b16,paper_random_128_bit_hex_000,random_128_bit_hex,random_hex,raw_hex_nibbles,16,grocery_planning_note_specific,grocery_planning,32,32,171,True,0.7548514519985474,0.4328317239996977,-4.742252703330475,-4.475187822425946,7.90625,15.0,0.0625,0.0,0.8245614035087719,0,QuantFactory/Meta-Llama-3-8B-Instruct-GGUF,Meta-Llama-3-8B-Instruct.Q4_K_M.gguf,models/llama3_8b/Meta-Llama-3-8B-Instruct.Q4_K_M.gguf,synthetic payload; not encryption or cryptographic security
nonseg_ascii_b8__paper_random_128_bit_hex_001__ascii_bytes_fixed_radix__b8__recipe_long_specific,nonseg_ascii_b8,paper_random_128_bit_hex_001,random_128_bit_hex,random_hex,ascii_bytes_fixed_radix,8,recipe_long_specific,recipe,86,86,398,True,1.9844465129972373,1.1108671389993106,-3.706808773733075,-3.5698724955065124,4.127906976744186,7.0,0.1976744186046511,0.0251256281407035,0.7889447236180904,0,QuantFactory/Meta-Llama-3-8B-Instruct-GGUF,Meta-Llama-3-8B-Instruct.Q4_K_M.gguf,models/llama3_8b/Meta-Llama-3-8B-Instruct.Q4_K_M.gguf,synthetic payload; not encryption or cryptographic security
nonseg_ascii_b8__paper_random_128_bit_hex_001__ascii_bytes_fixed_radix__b8__recipe_forum_exchange_specific,nonseg_ascii_b8,paper_random_128_bit_hex_001,random_128_bit_hex,random_hex,ascii_bytes_fixed_radix,8,recipe_forum_exchange_specific,recipe_forum_exchange,86,86,376,True,1.9837187670018464,1.094098325000232,-3.3179200650788383,-3.1064883725360826,4.127906976744186,7.0,0.1744186046511627,0.0744680851063829,0.7446808510638298,1,QuantFactory/Meta-Llama-3-8B-Instruct-GGUF,Meta-Llama-3-8B-Instruct.Q4_K_M.gguf,models/llama3_8b/Meta-Llama-3-8B-Instruct.Q4_K_M.gguf,synthetic payload; not encryption or cryptographic security
nonseg_ascii_b8__paper_random_128_bit_hex_001__ascii_bytes_fixed_radix__b8__grocery_planning_note_specific,nonseg_ascii_b8,paper_random_128_bit_hex_001,random_128_bit_hex,random_hex,ascii_bytes_fixed_radix,8,grocery_planning_note_specific,grocery_planning,86,86,432,True,1.9730575649991808,1.0936550429978524,-3.1301672084118963,-3.1142975955023804,4.127906976744186,7.0,0.3255813953488372,0.0162037037037037,0.8032407407407407,0,QuantFactory/Meta-Llama-3-8B-Instruct-GGUF,Meta-Llama-3-8B-Instruct.Q4_K_M.gguf,models/llama3_8b/Meta-Llama-3-8B-Instruct.Q4_K_M.gguf,synthetic payload; not encryption or cryptographic security
nonseg_ascii_b16__paper_random_128_bit_hex_001__ascii_bytes_fixed_radix__b16__recipe_long_specific,nonseg_ascii_b16,paper_random_128_bit_hex_001,random_128_bit_hex,random_hex,ascii_bytes_fixed_radix,16,recipe_long_specific,recipe,64,64,301,True,1.5281958359992132,0.8492362270008016,-4.261279201848091,-3.750014321300205,5.203125,7.0,0.09375,0.0465116279069767,0.8106312292358804,0,QuantFactory/Meta-Llama-3-8B-Instruct-GGUF,Meta-Llama-3-8B-Instruct.Q4_K_M.gguf,models/llama3_8b/Meta-Llama-3-8B-Instruct.Q4_K_M.gguf,synthetic payload; not encryption or cryptographic security
nonseg_ascii_b16__paper_random_128_bit_hex_001__ascii_bytes_fixed_radix__b16__recipe_forum_exchange_specific,nonseg_ascii_b16,paper_random_128_bit_hex_001,random_128_bit_hex,random_hex,ascii_bytes_fixed_radix,16,recipe_forum_exchange_specific,recipe_forum_exchange,64,64,276,True,1.4844972629980475,0.8327055919980921,-4.284104091772987,-3.968280825405945,5.203125,7.0,0.078125,0.0471014492753623,0.7681159420289855,1,QuantFactory/Meta-Llama-3-8B-Instruct-GGUF,Meta-Llama-3-8B-Instruct.Q4_K_M.gguf,models/llama3_8b/Meta-Llama-3-8B-Instruct.Q4_K_M.gguf,synthetic payload; not encryption or cryptographic security
nonseg_ascii_b16__paper_random_128_bit_hex_001__ascii_bytes_fixed_radix__b16__grocery_planning_note_specific,nonseg_ascii_b16,paper_random_128_bit_hex_001,random_128_bit_hex,random_hex,ascii_bytes_fixed_radix,16,grocery_planning_note_specific,grocery_planning,64,64,300,True,1.467727865998313,0.8239147799977218,-4.018070801452368,-3.720310820988853,5.203125,7.0,0.09375,0.02,0.7833333333333333,0,QuantFactory/Meta-Llama-3-8B-Instruct-GGUF,Meta-Llama-3-8B-Instruct.Q4_K_M.gguf,models/llama3_8b/Meta-Llama-3-8B-Instruct.Q4_K_M.gguf,synthetic payload; not encryption or cryptographic security
nonseg_hex_nibble_b16__paper_random_128_bit_hex_001__raw_hex_nibbles__b16__recipe_long_specific,nonseg_hex_nibble_b16,paper_random_128_bit_hex_001,random_128_bit_hex,random_hex,raw_hex_nibbles,16,recipe_long_specific,recipe,32,32,144,True,0.7935876869996719,0.4575703410009737,-5.027008853213899,-4.727437520883004,9.59375,16.0,0.03125,0.0138888888888888,0.8055555555555556,0,QuantFactory/Meta-Llama-3-8B-Instruct-GGUF,Meta-Llama-3-8B-Instruct.Q4_K_M.gguf,models/llama3_8b/Meta-Llama-3-8B-Instruct.Q4_K_M.gguf,synthetic payload; not encryption or cryptographic security
nonseg_hex_nibble_b16__paper_random_128_bit_hex_001__raw_hex_nibbles__b16__recipe_forum_exchange_specific,nonseg_hex_nibble_b16,paper_random_128_bit_hex_001,random_128_bit_hex,random_hex,raw_hex_nibbles,16,recipe_forum_exchange_specific,recipe_forum_exchange,32,32,128,True,0.7625505969990627,0.4322206789984193,-5.151069688211885,-4.7563462932637055,9.59375,16.0,0.03125,0.0390625,0.765625,0,QuantFactory/Meta-Llama-3-8B-Instruct-GGUF,Meta-Llama-3-8B-Instruct.Q4_K_M.gguf,models/llama3_8b/Meta-Llama-3-8B-Instruct.Q4_K_M.gguf,synthetic payload; not encryption or cryptographic security
nonseg_hex_nibble_b16__paper_random_128_bit_hex_001__raw_hex_nibbles__b16__grocery_planning_note_specific,nonseg_hex_nibble_b16,paper_random_128_bit_hex_001,random_128_bit_hex,random_hex,raw_hex_nibbles,16,grocery_planning_note_specific,grocery_planning,32,32,190,True,0.7693893539981218,0.4347696589975385,-5.110141099041568,-4.966692297109374,9.59375,16.0,0.09375,0.0052631578947368,0.8315789473684211,0,QuantFactory/Meta-Llama-3-8B-Instruct-GGUF,Meta-Llama-3-8B-Instruct.Q4_K_M.gguf,models/llama3_8b/Meta-Llama-3-8B-Instruct.Q4_K_M.gguf,synthetic payload; not encryption or cryptographic security
nonseg_ascii_b8__paper_random_256_bit_hex_000__ascii_bytes_fixed_radix__b8__recipe_long_specific,nonseg_ascii_b8,paper_random_256_bit_hex_000,random_256_bit_hex,random_hex,ascii_bytes_fixed_radix,8,recipe_long_specific,recipe,171,171,820,True,3.9317930719989818,2.16410788900248,-3.6231404377321934,-3.282241369872988,4.175438596491228,7.0,0.2514619883040936,0.0329268292682926,0.7902439024390244,0,QuantFactory/Meta-Llama-3-8B-Instruct-GGUF,Meta-Llama-3-8B-Instruct.Q4_K_M.gguf,models/llama3_8b/Meta-Llama-3-8B-Instruct.Q4_K_M.gguf,synthetic payload; not encryption or cryptographic security
nonseg_ascii_b8__paper_random_256_bit_hex_000__ascii_bytes_fixed_radix__b8__recipe_forum_exchange_specific,nonseg_ascii_b8,paper_random_256_bit_hex_000,random_256_bit_hex,random_hex,ascii_bytes_fixed_radix,8,recipe_forum_exchange_specific,recipe_forum_exchange,171,171,774,True,3.855747789002635,2.12883962399792,-3.413473898077257,-3.230877341601783,4.175438596491228,7.0,0.2690058479532163,0.0387596899224806,0.772609819121447,1,QuantFactory/Meta-Llama-3-8B-Instruct-GGUF,Meta-Llama-3-8B-Instruct.Q4_K_M.gguf,models/llama3_8b/Meta-Llama-3-8B-Instruct.Q4_K_M.gguf,synthetic payload; not encryption or cryptographic security
nonseg_ascii_b8__paper_random_256_bit_hex_000__ascii_bytes_fixed_radix__b8__grocery_planning_note_specific,nonseg_ascii_b8,paper_random_256_bit_hex_000,random_256_bit_hex,random_hex,ascii_bytes_fixed_radix,8,grocery_planning_note_specific,grocery_planning,171,171,846,True,3.911926744000084,2.1384675949993834,-3.365473092256986,-3.152211590087859,4.175438596491228,7.0,0.2748538011695907,0.0082742316784869,0.8073286052009456,0,QuantFactory/Meta-Llama-3-8B-Instruct-GGUF,Meta-Llama-3-8B-Instruct.Q4_K_M.gguf,models/llama3_8b/Meta-Llama-3-8B-Instruct.Q4_K_M.gguf,synthetic payload; not encryption or cryptographic security
nonseg_ascii_b16__paper_random_256_bit_hex_000__ascii_bytes_fixed_radix__b16__recipe_long_specific,nonseg_ascii_b16,paper_random_256_bit_hex_000,random_256_bit_hex,random_hex,ascii_bytes_fixed_radix,16,recipe_long_specific,recipe,128,128,590,False,2.950930742001219,1.6306660900008865,-4.010340939695062,-3.634256001504777,5.046875,8.0,0.1796875,0.023728813559322,0.7932203389830509,0,QuantFactory/Meta-Llama-3-8B-Instruct-GGUF,Meta-Llama-3-8B-Instruct.Q4_K_M.gguf,models/llama3_8b/Meta-Llama-3-8B-Instruct.Q4_K_M.gguf,synthetic payload; not encryption or cryptographic security
nonseg_ascii_b16__paper_random_256_bit_hex_000__ascii_bytes_fixed_radix__b16__recipe_forum_exchange_specific,nonseg_ascii_b16,paper_random_256_bit_hex_000,random_256_bit_hex,random_hex,ascii_bytes_fixed_radix,16,recipe_forum_exchange_specific,recipe_forum_exchange,128,128,552,True,2.916944261000026,1.5993523289980658,-3.6465348989317183,-3.517040866007431,5.0078125,8.0,0.1875,0.0181159420289855,0.782608695652174,0,QuantFactory/Meta-Llama-3-8B-Instruct-GGUF,Meta-Llama-3-8B-Instruct.Q4_K_M.gguf,models/llama3_8b/Meta-Llama-3-8B-Instruct.Q4_K_M.gguf,synthetic payload; not encryption or cryptographic security
nonseg_ascii_b16__paper_random_256_bit_hex_000__ascii_bytes_fixed_radix__b16__grocery_planning_note_specific,nonseg_ascii_b16,paper_random_256_bit_hex_000,random_256_bit_hex,random_hex,ascii_bytes_fixed_radix,16,grocery_planning_note_specific,grocery_planning,128,128,520,True,2.965205020998837,1.605655556002603,-3.613490299524271,-3.471434632699742,5.0078125,8.0,0.234375,0.0384615384615384,0.7673076923076924,1,QuantFactory/Meta-Llama-3-8B-Instruct-GGUF,Meta-Llama-3-8B-Instruct.Q4_K_M.gguf,models/llama3_8b/Meta-Llama-3-8B-Instruct.Q4_K_M.gguf,synthetic payload; not encryption or cryptographic security
nonseg_hex_nibble_b16__paper_random_256_bit_hex_000__raw_hex_nibbles__b16__recipe_long_specific,nonseg_hex_nibble_b16,paper_random_256_bit_hex_000,random_256_bit_hex,random_hex,raw_hex_nibbles,16,recipe_long_specific,recipe,64,64,326,True,1.4964491640021151,0.8556033600034425,-4.332732226619431,-4.205689129612663,8.078125,15.849999999999994,0.078125,0.0306748466257668,0.7975460122699386,0,QuantFactory/Meta-Llama-3-8B-Instruct-GGUF,Meta-Llama-3-8B-Instruct.Q4_K_M.gguf,models/llama3_8b/Meta-Llama-3-8B-Instruct.Q4_K_M.gguf,synthetic payload; not encryption or cryptographic security
nonseg_hex_nibble_b16__paper_random_256_bit_hex_000__raw_hex_nibbles__b16__recipe_forum_exchange_specific,nonseg_hex_nibble_b16,paper_random_256_bit_hex_000,random_256_bit_hex,random_hex,raw_hex_nibbles,16,recipe_forum_exchange_specific,recipe_forum_exchange,64,64,226,True,1.4831812690026709,0.8279230920015834,-4.166667000244523,-4.097080382964186,8.078125,15.849999999999994,0.125,0.0530973451327433,0.7477876106194691,1,QuantFactory/Meta-Llama-3-8B-Instruct-GGUF,Meta-Llama-3-8B-Instruct.Q4_K_M.gguf,models/llama3_8b/Meta-Llama-3-8B-Instruct.Q4_K_M.gguf,synthetic payload; not encryption or cryptographic security
nonseg_hex_nibble_b16__paper_random_256_bit_hex_000__raw_hex_nibbles__b16__grocery_planning_note_specific,nonseg_hex_nibble_b16,paper_random_256_bit_hex_000,random_256_bit_hex,random_hex,raw_hex_nibbles,16,grocery_planning_note_specific,grocery_planning,64,64,303,True,1.5050472399998398,0.8230976190025103,-4.601485565507256,-4.207959801702806,8.078125,15.849999999999994,0.125,0.0231023102310231,0.8118811881188119,0,QuantFactory/Meta-Llama-3-8B-Instruct-GGUF,Meta-Llama-3-8B-Instruct.Q4_K_M.gguf,models/llama3_8b/Meta-Llama-3-8B-Instruct.Q4_K_M.gguf,synthetic payload; not encryption or cryptographic security
nonseg_ascii_b8__paper_random_256_bit_hex_001__ascii_bytes_fixed_radix__b8__recipe_long_specific,nonseg_ascii_b8,paper_random_256_bit_hex_001,random_256_bit_hex,random_hex,ascii_bytes_fixed_radix,8,recipe_long_specific,recipe,171,171,791,True,3.894550703000277,2.169804393997765,-3.433720119480052,-3.164732530564816,4.169590643274854,7.0,0.2690058479532163,0.0404551201011378,0.7724399494310998,2,QuantFactory/Meta-Llama-3-8B-Instruct-GGUF,Meta-Llama-3-8B-Instruct.Q4_K_M.gguf,models/llama3_8b/Meta-Llama-3-8B-Instruct.Q4_K_M.gguf,synthetic payload; not encryption or cryptographic security
nonseg_ascii_b8__paper_random_256_bit_hex_001__ascii_bytes_fixed_radix__b8__recipe_forum_exchange_specific,nonseg_ascii_b8,paper_random_256_bit_hex_001,random_256_bit_hex,random_hex,ascii_bytes_fixed_radix,8,recipe_forum_exchange_specific,recipe_forum_exchange,171,171,637,True,3.854380728000251,2.1097736500014435,-3.341391745607774,-3.29952920365848,4.169590643274854,7.0,0.3040935672514619,0.06436420722135,0.7409733124018838,1,QuantFactory/Meta-Llama-3-8B-Instruct-GGUF,Meta-Llama-3-8B-Instruct.Q4_K_M.gguf,models/llama3_8b/Meta-Llama-3-8B-Instruct.Q4_K_M.gguf,synthetic payload; not encryption or cryptographic security
nonseg_ascii_b8__paper_random_256_bit_hex_001__ascii_bytes_fixed_radix__b8__grocery_planning_note_specific,nonseg_ascii_b8,paper_random_256_bit_hex_001,random_256_bit_hex,random_hex,ascii_bytes_fixed_radix,8,grocery_planning_note_specific,grocery_planning,171,171,714,True,3.909389191001537,2.125707118997525,-3.372057397633645,-3.390012078420881,4.169590643274854,7.0,0.3976608187134502,0.0308123249299719,0.7605042016806722,0,QuantFactory/Meta-Llama-3-8B-Instruct-GGUF,Meta-Llama-3-8B-Instruct.Q4_K_M.gguf,models/llama3_8b/Meta-Llama-3-8B-Instruct.Q4_K_M.gguf,synthetic payload; not encryption or cryptographic security
nonseg_ascii_b16__paper_random_256_bit_hex_001__ascii_bytes_fixed_radix__b16__recipe_long_specific,nonseg_ascii_b16,paper_random_256_bit_hex_001,random_256_bit_hex,random_hex,ascii_bytes_fixed_radix,16,recipe_long_specific,recipe,128,128,480,True,2.987948780999432,1.632032485998934,-3.88326394195938,-3.625583724137423,5.234375,8.649999999999991,0.3046875,0.1375,0.6666666666666666,1,QuantFactory/Meta-Llama-3-8B-Instruct-GGUF,Meta-Llama-3-8B-Instruct.Q4_K_M.gguf,models/llama3_8b/Meta-Llama-3-8B-Instruct.Q4_K_M.gguf,synthetic payload; not encryption or cryptographic security
nonseg_ascii_b16__paper_random_256_bit_hex_001__ascii_bytes_fixed_radix__b16__recipe_forum_exchange_specific,nonseg_ascii_b16,paper_random_256_bit_hex_001,random_256_bit_hex,random_hex,ascii_bytes_fixed_radix,16,recipe_forum_exchange_specific,recipe_forum_exchange,128,128,556,True,2.925898673998745,1.6023226819997944,-3.715943647224904,-3.498203287108539,5.234375,8.649999999999991,0.203125,0.0413669064748201,0.7715827338129496,1,QuantFactory/Meta-Llama-3-8B-Instruct-GGUF,Meta-Llama-3-8B-Instruct.Q4_K_M.gguf,models/llama3_8b/Meta-Llama-3-8B-Instruct.Q4_K_M.gguf,synthetic payload; not encryption or cryptographic security
nonseg_ascii_b16__paper_random_256_bit_hex_001__ascii_bytes_fixed_radix__b16__grocery_planning_note_specific,nonseg_ascii_b16,paper_random_256_bit_hex_001,random_256_bit_hex,random_hex,ascii_bytes_fixed_radix,16,grocery_planning_note_specific,grocery_planning,128,128,583,True,2.944733375999931,1.6056120240027667,-3.579454074183542,-3.447343638304181,5.234375,8.649999999999991,0.2421875,0.0257289879931389,0.7890222984562607,0,QuantFactory/Meta-Llama-3-8B-Instruct-GGUF,Meta-Llama-3-8B-Instruct.Q4_K_M.gguf,models/llama3_8b/Meta-Llama-3-8B-Instruct.Q4_K_M.gguf,synthetic payload; not encryption or cryptographic security
nonseg_hex_nibble_b16__paper_random_256_bit_hex_001__raw_hex_nibbles__b16__recipe_long_specific,nonseg_hex_nibble_b16,paper_random_256_bit_hex_001,random_256_bit_hex,random_hex,raw_hex_nibbles,16,recipe_long_specific,recipe,64,64,318,True,1.4997837619994243,0.8470755999987887,-4.791953585540785,-4.5370979899276005,8.4375,16.0,0.125,0.0094339622641509,0.8081761006289309,0,QuantFactory/Meta-Llama-3-8B-Instruct-GGUF,Meta-Llama-3-8B-Instruct.Q4_K_M.gguf,models/llama3_8b/Meta-Llama-3-8B-Instruct.Q4_K_M.gguf,synthetic payload; not encryption or cryptographic security
nonseg_hex_nibble_b16__paper_random_256_bit_hex_001__raw_hex_nibbles__b16__recipe_forum_exchange_specific,nonseg_hex_nibble_b16,paper_random_256_bit_hex_001,random_256_bit_hex,random_hex,raw_hex_nibbles,16,recipe_forum_exchange_specific,recipe_forum_exchange,64,64,221,False,1.4869854600001418,0.8183090830025321,-4.584812980006221,-4.234411938754223,8.40625,16.0,0.109375,0.0814479638009049,0.7194570135746606,1,QuantFactory/Meta-Llama-3-8B-Instruct-GGUF,Meta-Llama-3-8B-Instruct.Q4_K_M.gguf,models/llama3_8b/Meta-Llama-3-8B-Instruct.Q4_K_M.gguf,synthetic payload; not encryption or cryptographic security
nonseg_hex_nibble_b16__paper_random_256_bit_hex_001__raw_hex_nibbles__b16__grocery_planning_note_specific,nonseg_hex_nibble_b16,paper_random_256_bit_hex_001,random_256_bit_hex,random_hex,raw_hex_nibbles,16,grocery_planning_note_specific,grocery_planning,64,64,294,True,1.4954407189979977,0.8200893069988524,-4.164172032848546,-4.114907534230181,8.4375,16.0,0.1875,0.0408163265306122,0.7789115646258503,0,QuantFactory/Meta-Llama-3-8B-Instruct-GGUF,Meta-Llama-3-8B-Instruct.Q4_K_M.gguf,models/llama3_8b/Meta-Llama-3-8B-Instruct.Q4_K_M.gguf,synthetic payload; not encryption or cryptographic security
nonseg_ascii_b8__paper_nonce_96_bit_hex_000__ascii_bytes_fixed_radix__b8__recipe_long_specific,nonseg_ascii_b8,paper_nonce_96_bit_hex_000,nonce_96_bit_hex,nonce_hex,ascii_bytes_fixed_radix,8,recipe_long_specific,recipe,64,64,300,True,1.5303095810013474,0.8440541880008823,-3.251838925058689,-3.0964922340737235,4.125,7.0,0.125,0.0466666666666666,0.7466666666666667,0,QuantFactory/Meta-Llama-3-8B-Instruct-GGUF,Meta-Llama-3-8B-Instruct.Q4_K_M.gguf,models/llama3_8b/Meta-Llama-3-8B-Instruct.Q4_K_M.gguf,synthetic payload; not encryption or cryptographic security
nonseg_ascii_b8__paper_nonce_96_bit_hex_000__ascii_bytes_fixed_radix__b8__recipe_forum_exchange_specific,nonseg_ascii_b8,paper_nonce_96_bit_hex_000,nonce_96_bit_hex,nonce_hex,ascii_bytes_fixed_radix,8,recipe_forum_exchange_specific,recipe_forum_exchange,64,64,259,True,1.4710116240021307,0.8200437640007294,-3.5441520542463723,-3.136866381899573,4.125,7.0,0.203125,0.0308880308880308,0.7876447876447876,0,QuantFactory/Meta-Llama-3-8B-Instruct-GGUF,Meta-Llama-3-8B-Instruct.Q4_K_M.gguf,models/llama3_8b/Meta-Llama-3-8B-Instruct.Q4_K_M.gguf,synthetic payload; not encryption or cryptographic security
nonseg_ascii_b8__paper_nonce_96_bit_hex_000__ascii_bytes_fixed_radix__b8__grocery_planning_note_specific,nonseg_ascii_b8,paper_nonce_96_bit_hex_000,nonce_96_bit_hex,nonce_hex,ascii_bytes_fixed_radix,8,grocery_planning_note_specific,grocery_planning,64,64,289,True,1.5036356169985083,0.8214344160005567,-3.1244946526349127,-3.0709781174832784,4.125,7.0,0.140625,0.0761245674740484,0.7612456747404844,1,QuantFactory/Meta-Llama-3-8B-Instruct-GGUF,Meta-Llama-3-8B-Instruct.Q4_K_M.gguf,models/llama3_8b/Meta-Llama-3-8B-Instruct.Q4_K_M.gguf,synthetic payload; not encryption or cryptographic security
nonseg_ascii_b16__paper_nonce_96_bit_hex_000__ascii_bytes_fixed_radix__b16__recipe_long_specific,nonseg_ascii_b16,paper_nonce_96_bit_hex_000,nonce_96_bit_hex,nonce_hex,ascii_bytes_fixed_radix,16,recipe_long_specific,recipe,48,48,216,True,1.1372361039975658,0.6501411649987858,-4.039974403950457,-3.875337002772822,5.0,8.0,0.0208333333333333,0.037037037037037,0.8009259259259259,0,QuantFactory/Meta-Llama-3-8B-Instruct-GGUF,Meta-Llama-3-8B-Instruct.Q4_K_M.gguf,models/llama3_8b/Meta-Llama-3-8B-Instruct.Q4_K_M.gguf,synthetic payload; not encryption or cryptographic security
nonseg_ascii_b16__paper_nonce_96_bit_hex_000__ascii_bytes_fixed_radix__b16__recipe_forum_exchange_specific,nonseg_ascii_b16,paper_nonce_96_bit_hex_000,nonce_96_bit_hex,nonce_hex,ascii_bytes_fixed_radix,16,recipe_forum_exchange_specific,recipe_forum_exchange,48,48,190,True,1.1154973129996506,0.634094217002712,-4.389373624856833,-4.063593611857067,5.0,8.0,0.125,0.0473684210526315,0.7473684210526316,1,QuantFactory/Meta-Llama-3-8B-Instruct-GGUF,Meta-Llama-3-8B-Instruct.Q4_K_M.gguf,models/llama3_8b/Meta-Llama-3-8B-Instruct.Q4_K_M.gguf,synthetic payload; not encryption or cryptographic security
nonseg_ascii_b16__paper_nonce_96_bit_hex_000__ascii_bytes_fixed_radix__b16__grocery_planning_note_specific,nonseg_ascii_b16,paper_nonce_96_bit_hex_000,nonce_96_bit_hex,nonce_hex,ascii_bytes_fixed_radix,16,grocery_planning_note_specific,grocery_planning,48,48,212,False,1.1140043400009745,0.6288058399986767,-4.098134493616147,-3.6525514106024666,5.0625,8.0,0.0833333333333333,0.0188679245283018,0.7783018867924528,0,QuantFactory/Meta-Llama-3-8B-Instruct-GGUF,Meta-Llama-3-8B-Instruct.Q4_K_M.gguf,models/llama3_8b/Meta-Llama-3-8B-Instruct.Q4_K_M.gguf,synthetic payload; not encryption or cryptographic security
nonseg_hex_nibble_b16__paper_nonce_96_bit_hex_000__raw_hex_nibbles__b16__recipe_long_specific,nonseg_hex_nibble_b16,paper_nonce_96_bit_hex_000,nonce_96_bit_hex,nonce_hex,raw_hex_nibbles,16,recipe_long_specific,recipe,24,24,110,True,0.6078780160023598,0.3605162340027164,-4.542699466778561,-4.369294061491004,8.0,16.0,0.0416666666666666,0.0454545454545454,0.8,0,QuantFactory/Meta-Llama-3-8B-Instruct-GGUF,Meta-Llama-3-8B-Instruct.Q4_K_M.gguf,models/llama3_8b/Meta-Llama-3-8B-Instruct.Q4_K_M.gguf,synthetic payload; not encryption or cryptographic security
nonseg_hex_nibble_b16__paper_nonce_96_bit_hex_000__raw_hex_nibbles__b16__recipe_forum_exchange_specific,nonseg_hex_nibble_b16,paper_nonce_96_bit_hex_000,nonce_96_bit_hex,nonce_hex,raw_hex_nibbles,16,recipe_forum_exchange_specific,recipe_forum_exchange,24,24,67,True,0.5786514079991321,0.3366541119976318,-4.695055336981403,-4.554024698690894,8.0,16.0,0.0416666666666666,0.0895522388059701,0.6119402985074627,0,QuantFactory/Meta-Llama-3-8B-Instruct-GGUF,Meta-Llama-3-8B-Instruct.Q4_K_M.gguf,models/llama3_8b/Meta-Llama-3-8B-Instruct.Q4_K_M.gguf,synthetic payload; not encryption or cryptographic security
nonseg_hex_nibble_b16__paper_nonce_96_bit_hex_000__raw_hex_nibbles__b16__grocery_planning_note_specific,nonseg_hex_nibble_b16,paper_nonce_96_bit_hex_000,nonce_96_bit_hex,nonce_hex,raw_hex_nibbles,16,grocery_planning_note_specific,grocery_planning,24,24,127,True,0.5801259740001115,0.338343364001048,-4.178783866080852,-4.242677599652309,8.0,16.0,0.1666666666666666,0.0157480314960629,0.8188976377952756,0,QuantFactory/Meta-Llama-3-8B-Instruct-GGUF,Meta-Llama-3-8B-Instruct.Q4_K_M.gguf,models/llama3_8b/Meta-Llama-3-8B-Instruct.Q4_K_M.gguf,synthetic payload; not encryption or cryptographic security
nonseg_ascii_b8__paper_nonce_96_bit_hex_001__ascii_bytes_fixed_radix__b8__recipe_long_specific,nonseg_ascii_b8,paper_nonce_96_bit_hex_001,nonce_96_bit_hex,nonce_hex,ascii_bytes_fixed_radix,8,recipe_long_specific,recipe,64,64,298,True,1.5341635580007278,0.8463220810008352,-3.220156660452517,-3.163474135695596,3.96875,7.0,0.1875,0.0167785234899328,0.7986577181208053,0,QuantFactory/Meta-Llama-3-8B-Instruct-GGUF,Meta-Llama-3-8B-Instruct.Q4_K_M.gguf,models/llama3_8b/Meta-Llama-3-8B-Instruct.Q4_K_M.gguf,synthetic payload; not encryption or cryptographic security
nonseg_ascii_b8__paper_nonce_96_bit_hex_001__ascii_bytes_fixed_radix__b8__recipe_forum_exchange_specific,nonseg_ascii_b8,paper_nonce_96_bit_hex_001,nonce_96_bit_hex,nonce_hex,ascii_bytes_fixed_radix,8,recipe_forum_exchange_specific,recipe_forum_exchange,64,64,253,True,1.473068384999351,0.8240691589999187,-3.0756285754559176,-3.037655360192975,3.96875,7.0,0.0625,0.0316205533596837,0.758893280632411,1,QuantFactory/Meta-Llama-3-8B-Instruct-GGUF,Meta-Llama-3-8B-Instruct.Q4_K_M.gguf,models/llama3_8b/Meta-Llama-3-8B-Instruct.Q4_K_M.gguf,synthetic payload; not encryption or cryptographic security
nonseg_ascii_b8__paper_nonce_96_bit_hex_001__ascii_bytes_fixed_radix__b8__grocery_planning_note_specific,nonseg_ascii_b8,paper_nonce_96_bit_hex_001,nonce_96_bit_hex,nonce_hex,ascii_bytes_fixed_radix,8,grocery_planning_note_specific,grocery_planning,64,64,293,True,1.4841359380006909,0.8272201090003364,-3.5296546590609763,-3.198079908132541,3.96875,7.0,0.125,0.0238907849829351,0.78839590443686,0,QuantFactory/Meta-Llama-3-8B-Instruct-GGUF,Meta-Llama-3-8B-Instruct.Q4_K_M.gguf,models/llama3_8b/Meta-Llama-3-8B-Instruct.Q4_K_M.gguf,synthetic payload; not encryption or cryptographic security
nonseg_ascii_b16__paper_nonce_96_bit_hex_001__ascii_bytes_fixed_radix__b16__recipe_long_specific,nonseg_ascii_b16,paper_nonce_96_bit_hex_001,nonce_96_bit_hex,nonce_hex,ascii_bytes_fixed_radix,16,recipe_long_specific,recipe,48,48,252,True,1.1391014020009609,0.6525721870020789,-4.053909071077882,-3.655408446000832,5.375,9.0,0.1458333333333333,0.0198412698412698,0.8134920634920635,0,QuantFactory/Meta-Llama-3-8B-Instruct-GGUF,Meta-Llama-3-8B-Instruct.Q4_K_M.gguf,models/llama3_8b/Meta-Llama-3-8B-Instruct.Q4_K_M.gguf,synthetic payload; not encryption or cryptographic security
nonseg_ascii_b16__paper_nonce_96_bit_hex_001__ascii_bytes_fixed_radix__b16__recipe_forum_exchange_specific,nonseg_ascii_b16,paper_nonce_96_bit_hex_001,nonce_96_bit_hex,nonce_hex,ascii_bytes_fixed_radix,16,recipe_forum_exchange_specific,recipe_forum_exchange,48,48,198,True,1.1437391049985308,0.6313989609989221,-3.534574620236141,-3.422952102635472,5.375,9.0,0.25,0.0252525252525252,0.7676767676767676,0,QuantFactory/Meta-Llama-3-8B-Instruct-GGUF,Meta-Llama-3-8B-Instruct.Q4_K_M.gguf,models/llama3_8b/Meta-Llama-3-8B-Instruct.Q4_K_M.gguf,synthetic payload; not encryption or cryptographic security
nonseg_ascii_b16__paper_nonce_96_bit_hex_001__ascii_bytes_fixed_radix__b16__grocery_planning_note_specific,nonseg_ascii_b16,paper_nonce_96_bit_hex_001,nonce_96_bit_hex,nonce_hex,ascii_bytes_fixed_radix,16,grocery_planning_note_specific,grocery_planning,48,48,260,True,1.1182506269979058,0.6274716740008444,-3.933611922785044,-3.8318252903558254,5.375,9.0,0.0833333333333333,0.0115384615384615,0.823076923076923,0,QuantFactory/Meta-Llama-3-8B-Instruct-GGUF,Meta-Llama-3-8B-Instruct.Q4_K_M.gguf,models/llama3_8b/Meta-Llama-3-8B-Instruct.Q4_K_M.gguf,synthetic payload; not encryption or cryptographic security
nonseg_hex_nibble_b16__paper_nonce_96_bit_hex_001__raw_hex_nibbles__b16__recipe_long_specific,nonseg_hex_nibble_b16,paper_nonce_96_bit_hex_001,nonce_96_bit_hex,nonce_hex,raw_hex_nibbles,16,recipe_long_specific,recipe,24,24,102,True,0.6111759009982052,0.3597406610024336,-4.904288087225897,-5.263483904816967,8.5,13.849999999999998,0.0,0.0490196078431372,0.7549019607843137,1,QuantFactory/Meta-Llama-3-8B-Instruct-GGUF,Meta-Llama-3-8B-Instruct.Q4_K_M.gguf,models/llama3_8b/Meta-Llama-3-8B-Instruct.Q4_K_M.gguf,synthetic payload; not encryption or cryptographic security
nonseg_hex_nibble_b16__paper_nonce_96_bit_hex_001__raw_hex_nibbles__b16__recipe_forum_exchange_specific,nonseg_hex_nibble_b16,paper_nonce_96_bit_hex_001,nonce_96_bit_hex,nonce_hex,raw_hex_nibbles,16,recipe_forum_exchange_specific,recipe_forum_exchange,24,24,144,True,0.5788378800025384,0.3423982599997544,-4.207790139163056,-4.376429894598957,8.5,13.849999999999998,0.0416666666666666,0.0069444444444444,0.8402777777777778,0,QuantFactory/Meta-Llama-3-8B-Instruct-GGUF,Meta-Llama-3-8B-Instruct.Q4_K_M.gguf,models/llama3_8b/Meta-Llama-3-8B-Instruct.Q4_K_M.gguf,synthetic payload; not encryption or cryptographic security
nonseg_hex_nibble_b16__paper_nonce_96_bit_hex_001__raw_hex_nibbles__b16__grocery_planning_note_specific,nonseg_hex_nibble_b16,paper_nonce_96_bit_hex_001,nonce_96_bit_hex,nonce_hex,raw_hex_nibbles,16,grocery_planning_note_specific,grocery_planning,24,24,134,True,0.6056433409976307,0.3489953620010055,-4.924197757178128,-4.282140814535895,8.5,13.849999999999998,0.0,0.0373134328358208,0.7985074626865671,1,QuantFactory/Meta-Llama-3-8B-Instruct-GGUF,Meta-Llama-3-8B-Instruct.Q4_K_M.gguf,models/llama3_8b/Meta-Llama-3-8B-Instruct.Q4_K_M.gguf,synthetic payload; not encryption or cryptographic security
nonseg_ascii_b8__paper_uuid_v4_like_000__ascii_bytes_fixed_radix__b8__recipe_long_specific,nonseg_ascii_b8,paper_uuid_v4_like_000,uuid_v4_like,uuid_v4_like,ascii_bytes_fixed_radix,8,recipe_long_specific,recipe,96,96,424,True,2.241753629001323,1.2358199150003202,-3.9256318105855086,-3.560971117474409,4.322916666666667,7.0,0.25,0.0825471698113207,0.7358490566037735,1,QuantFactory/Meta-Llama-3-8B-Instruct-GGUF,Meta-Llama-3-8B-Instruct.Q4_K_M.gguf,models/llama3_8b/Meta-Llama-3-8B-Instruct.Q4_K_M.gguf,synthetic payload; not encryption or cryptographic security
nonseg_ascii_b8__paper_uuid_v4_like_000__ascii_bytes_fixed_radix__b8__recipe_forum_exchange_specific,nonseg_ascii_b8,paper_uuid_v4_like_000,uuid_v4_like,uuid_v4_like,ascii_bytes_fixed_radix,8,recipe_forum_exchange_specific,recipe_forum_exchange,96,96,450,True,2.191562227002578,1.2068304179992992,-3.706343489808328,-3.297477389068119,4.322916666666667,7.0,0.1458333333333333,0.06,0.7911111111111111,2,QuantFactory/Meta-Llama-3-8B-Instruct-GGUF,Meta-Llama-3-8B-Instruct.Q4_K_M.gguf,models/llama3_8b/Meta-Llama-3-8B-Instruct.Q4_K_M.gguf,synthetic payload; not encryption or cryptographic security
nonseg_ascii_b8__paper_uuid_v4_like_000__ascii_bytes_fixed_radix__b8__grocery_planning_note_specific,nonseg_ascii_b8,paper_uuid_v4_like_000,uuid_v4_like,uuid_v4_like,ascii_bytes_fixed_radix,8,grocery_planning_note_specific,grocery_planning,96,96,443,True,2.184732836998592,1.209213042002375,-3.669523109590518,-3.3374373543247664,4.322916666666667,7.0,0.1458333333333333,0.0225733634311512,0.7900677200902935,0,QuantFactory/Meta-Llama-3-8B-Instruct-GGUF,Meta-Llama-3-8B-Instruct.Q4_K_M.gguf,models/llama3_8b/Meta-Llama-3-8B-Instruct.Q4_K_M.gguf,synthetic payload; not encryption or cryptographic security
nonseg_ascii_b16__paper_uuid_v4_like_000__ascii_bytes_fixed_radix__b16__recipe_long_specific,nonseg_ascii_b16,paper_uuid_v4_like_000,uuid_v4_like,uuid_v4_like,ascii_bytes_fixed_radix,16,recipe_long_specific,recipe,72,72,364,False,1.666405334002775,0.9409749709993775,-4.391998851222931,-3.7692541018202927,5.652777777777778,12.350000000000009,0.0833333333333333,0.0549450549450549,0.7774725274725275,2,QuantFactory/Meta-Llama-3-8B-Instruct-GGUF,Meta-Llama-3-8B-Instruct.Q4_K_M.gguf,models/llama3_8b/Meta-Llama-3-8B-Instruct.Q4_K_M.gguf,synthetic payload; not encryption or cryptographic security
nonseg_ascii_b16__paper_uuid_v4_like_000__ascii_bytes_fixed_radix__b16__recipe_forum_exchange_specific,nonseg_ascii_b16,paper_uuid_v4_like_000,uuid_v4_like,uuid_v4_like,ascii_bytes_fixed_radix,16,recipe_forum_exchange_specific,recipe_forum_exchange,72,72,315,True,1.6416869860004226,0.92653370699918,-4.010645534714243,-3.510747877647134,5.569444444444445,11.800000000000011,0.1805555555555555,0.0666666666666666,0.7619047619047619,0,QuantFactory/Meta-Llama-3-8B-Instruct-GGUF,Meta-Llama-3-8B-Instruct.Q4_K_M.gguf,models/llama3_8b/Meta-Llama-3-8B-Instruct.Q4_K_M.gguf,synthetic payload; not encryption or cryptographic security
nonseg_ascii_b16__paper_uuid_v4_like_000__ascii_bytes_fixed_radix__b16__grocery_planning_note_specific,nonseg_ascii_b16,paper_uuid_v4_like_000,uuid_v4_like,uuid_v4_like,ascii_bytes_fixed_radix,16,grocery_planning_note_specific,grocery_planning,72,72,375,True,1.6475700099981625,0.9155234879981436,-3.936746948159885,-3.62266864349952,5.569444444444445,11.800000000000011,0.0555555555555555,0.0266666666666666,0.8026666666666666,1,QuantFactory/Meta-Llama-3-8B-Instruct-GGUF,Meta-Llama-3-8B-Instruct.Q4_K_M.gguf,models/llama3_8b/Meta-Llama-3-8B-Instruct.Q4_K_M.gguf,synthetic payload; not encryption or cryptographic security
nonseg_ascii_b8__paper_uuid_v4_like_001__ascii_bytes_fixed_radix__b8__recipe_long_specific,nonseg_ascii_b8,paper_uuid_v4_like_001,uuid_v4_like,uuid_v4_like,ascii_bytes_fixed_radix,8,recipe_long_specific,recipe,96,96,384,True,2.2394595069999923,1.2345369700015,-3.42666429711572,-3.369681434748845,3.8958333333333335,7.0,0.1875,0.0572916666666666,0.7604166666666666,0,QuantFactory/Meta-Llama-3-8B-Instruct-GGUF,Meta-Llama-3-8B-Instruct.Q4_K_M.gguf,models/llama3_8b/Meta-Llama-3-8B-Instruct.Q4_K_M.gguf,synthetic payload; not encryption or cryptographic security
nonseg_ascii_b8__paper_uuid_v4_like_001__ascii_bytes_fixed_radix__b8__recipe_forum_exchange_specific,nonseg_ascii_b8,paper_uuid_v4_like_001,uuid_v4_like,uuid_v4_like,ascii_bytes_fixed_radix,8,recipe_forum_exchange_specific,recipe_forum_exchange,96,96,391,True,2.177116784001555,1.2112860790002742,-3.687934117166245,-3.0932905188865867,3.8958333333333335,7.0,0.1875,0.0588235294117647,0.7442455242966752,2,QuantFactory/Meta-Llama-3-8B-Instruct-GGUF,Meta-Llama-3-8B-Instruct.Q4_K_M.gguf,models/llama3_8b/Meta-Llama-3-8B-Instruct.Q4_K_M.gguf,synthetic payload; not encryption or cryptographic security
nonseg_ascii_b8__paper_uuid_v4_like_001__ascii_bytes_fixed_radix__b8__grocery_planning_note_specific,nonseg_ascii_b8,paper_uuid_v4_like_001,uuid_v4_like,uuid_v4_like,ascii_bytes_fixed_radix,8,grocery_planning_note_specific,grocery_planning,96,96,452,True,2.206715077001718,1.213266296999791,-3.3963917665098022,-3.0817321467544065,3.8958333333333335,7.0,0.1770833333333333,0.0243362831858407,0.7942477876106194,0,QuantFactory/Meta-Llama-3-8B-Instruct-GGUF,Meta-Llama-3-8B-Instruct.Q4_K_M.gguf,models/llama3_8b/Meta-Llama-3-8B-Instruct.Q4_K_M.gguf,synthetic payload; not encryption or cryptographic security
nonseg_ascii_b16__paper_uuid_v4_like_001__ascii_bytes_fixed_radix__b16__recipe_long_specific,nonseg_ascii_b16,paper_uuid_v4_like_001,uuid_v4_like,uuid_v4_like,ascii_bytes_fixed_radix,16,recipe_long_specific,recipe,72,72,309,True,1.7065141739985847,0.942072639001708,-4.059638517152436,-3.5780925690761336,5.569444444444445,11.800000000000011,0.0694444444444444,0.0226537216828478,0.7928802588996764,0,QuantFactory/Meta-Llama-3-8B-Instruct-GGUF,Meta-Llama-3-8B-Instruct.Q4_K_M.gguf,models/llama3_8b/Meta-Llama-3-8B-Instruct.Q4_K_M.gguf,synthetic payload; not encryption or cryptographic security
nonseg_ascii_b16__paper_uuid_v4_like_001__ascii_bytes_fixed_radix__b16__recipe_forum_exchange_specific,nonseg_ascii_b16,paper_uuid_v4_like_001,uuid_v4_like,uuid_v4_like,ascii_bytes_fixed_radix,16,recipe_forum_exchange_specific,recipe_forum_exchange,72,72,347,True,1.638918193999416,0.9149025539991272,-3.678114119377904,-3.429876640859609,5.569444444444445,11.800000000000011,0.3055555555555556,0.0172910662824207,0.8011527377521613,0,QuantFactory/Meta-Llama-3-8B-Instruct-GGUF,Meta-Llama-3-8B-Instruct.Q4_K_M.gguf,models/llama3_8b/Meta-Llama-3-8B-Instruct.Q4_K_M.gguf,synthetic payload; not encryption or cryptographic security
nonseg_ascii_b16__paper_uuid_v4_like_001__ascii_bytes_fixed_radix__b16__grocery_planning_note_specific,nonseg_ascii_b16,paper_uuid_v4_like_001,uuid_v4_like,uuid_v4_like,ascii_bytes_fixed_radix,16,grocery_planning_note_specific,grocery_planning,72,72,330,True,1.6836137309983314,0.9212718650014722,-4.07866997781204,-3.790453335736608,5.569444444444445,11.800000000000011,0.1666666666666666,0.0242424242424242,0.7787878787878788,0,QuantFactory/Meta-Llama-3-8B-Instruct-GGUF,Meta-Llama-3-8B-Instruct.Q4_K_M.gguf,models/llama3_8b/Meta-Llama-3-8B-Instruct.Q4_K_M.gguf,synthetic payload; not encryption or cryptographic security
nonseg_ascii_b8__paper_ciphertext_like_base64_000__ascii_bytes_fixed_radix__b8__recipe_long_specific,nonseg_ascii_b8,paper_ciphertext_like_base64_000,ciphertext_like_base64,ciphertext_like_base64,ascii_bytes_fixed_radix,8,recipe_long_specific,recipe,171,171,773,True,3.940260383002169,2.159882427000412,-3.5488015076840527,-3.3125406134327555,4.280701754385965,8.0,0.3450292397660819,0.0219922380336351,0.7865459249676585,0,QuantFactory/Meta-Llama-3-8B-Instruct-GGUF,Meta-Llama-3-8B-Instruct.Q4_K_M.gguf,models/llama3_8b/Meta-Llama-3-8B-Instruct.Q4_K_M.gguf,synthetic payload; not encryption or cryptographic security
nonseg_ascii_b8__paper_ciphertext_like_base64_000__ascii_bytes_fixed_radix__b8__recipe_forum_exchange_specific,nonseg_ascii_b8,paper_ciphertext_like_base64_000,ciphertext_like_base64,ciphertext_like_base64,ascii_bytes_fixed_radix,8,recipe_forum_exchange_specific,recipe_forum_exchange,171,171,750,True,3.863030495998828,2.1225212560020736,-3.606273263324409,-3.403638290633122,4.280701754385965,8.0,0.2514619883040936,0.056,0.7693333333333333,1,QuantFactory/Meta-Llama-3-8B-Instruct-GGUF,Meta-Llama-3-8B-Instruct.Q4_K_M.gguf,models/llama3_8b/Meta-Llama-3-8B-Instruct.Q4_K_M.gguf,synthetic payload; not encryption or cryptographic security
nonseg_ascii_b8__paper_ciphertext_like_base64_000__ascii_bytes_fixed_radix__b8__grocery_planning_note_specific,nonseg_ascii_b8,paper_ciphertext_like_base64_000,ciphertext_like_base64,ciphertext_like_base64,ascii_bytes_fixed_radix,8,grocery_planning_note_specific,grocery_planning,171,171,756,False,3.880047410999396,2.11570991500048,-3.3399516216095906,-3.2717303346062465,4.315789473684211,8.0,0.2280701754385965,0.0211640211640211,0.7883597883597884,0,QuantFactory/Meta-Llama-3-8B-Instruct-GGUF,Meta-Llama-3-8B-Instruct.Q4_K_M.gguf,models/llama3_8b/Meta-Llama-3-8B-Instruct.Q4_K_M.gguf,synthetic payload; not encryption or cryptographic security
nonseg_ascii_b16__paper_ciphertext_like_base64_000__ascii_bytes_fixed_radix__b16__recipe_long_specific,nonseg_ascii_b16,paper_ciphertext_like_base64_000,ciphertext_like_base64,ciphertext_like_base64,ascii_bytes_fixed_radix,16,recipe_long_specific,recipe,128,128,604,True,2.957610745997954,1.6230248350002512,-3.98638144310616,-3.772878491478711,6.75,13.649999999999991,0.203125,0.0331125827814569,0.7880794701986755,0,QuantFactory/Meta-Llama-3-8B-Instruct-GGUF,Meta-Llama-3-8B-Instruct.Q4_K_M.gguf,models/llama3_8b/Meta-Llama-3-8B-Instruct.Q4_K_M.gguf,synthetic payload; not encryption or cryptographic security
nonseg_ascii_b16__paper_ciphertext_like_base64_000__ascii_bytes_fixed_radix__b16__grocery_planning_note_specific,nonseg_ascii_b16,paper_ciphertext_like_base64_000,ciphertext_like_base64,ciphertext_like_base64,ascii_bytes_fixed_radix,16,grocery_planning_note_specific,grocery_planning,128,128,631,True,2.891324929998518,1.5987786369987589,-3.942208302891167,-3.7792157767949126,6.75,13.649999999999991,0.25,0.0190174326465927,0.8003169572107766,1,QuantFactory/Meta-Llama-3-8B-Instruct-GGUF,Meta-Llama-3-8B-Instruct.Q4_K_M.gguf,models/llama3_8b/Meta-Llama-3-8B-Instruct.Q4_K_M.gguf,synthetic payload; not encryption or cryptographic security
nonseg_ascii_b8__paper_ciphertext_like_base64_001__ascii_bytes_fixed_radix__b8__recipe_long_specific,nonseg_ascii_b8,paper_ciphertext_like_base64_001,ciphertext_like_base64,ciphertext_like_base64,ascii_bytes_fixed_radix,8,recipe_long_specific,recipe,171,171,754,True,3.918243150001217,2.164640948998567,-3.594709732382145,-3.354017742172632,4.087719298245614,7.0,0.2807017543859649,0.059681697612732,0.7877984084880637,1,QuantFactory/Meta-Llama-3-8B-Instruct-GGUF,Meta-Llama-3-8B-Instruct.Q4_K_M.gguf,models/llama3_8b/Meta-Llama-3-8B-Instruct.Q4_K_M.gguf,synthetic payload; not encryption or cryptographic security
nonseg_ascii_b8__paper_ciphertext_like_base64_001__ascii_bytes_fixed_radix__b8__recipe_forum_exchange_specific,nonseg_ascii_b8,paper_ciphertext_like_base64_001,ciphertext_like_base64,ciphertext_like_base64,ascii_bytes_fixed_radix,8,recipe_forum_exchange_specific,recipe_forum_exchange,171,171,660,True,3.9010492689994862,2.143731672000285,-3.175243405167816,-3.0081429372512503,4.087719298245614,7.0,0.4853801169590643,0.0378787878787878,0.7454545454545455,1,QuantFactory/Meta-Llama-3-8B-Instruct-GGUF,Meta-Llama-3-8B-Instruct.Q4_K_M.gguf,models/llama3_8b/Meta-Llama-3-8B-Instruct.Q4_K_M.gguf,synthetic payload; not encryption or cryptographic security
nonseg_ascii_b8__paper_ciphertext_like_base64_001__ascii_bytes_fixed_radix__b8__grocery_planning_note_specific,nonseg_ascii_b8,paper_ciphertext_like_base64_001,ciphertext_like_base64,ciphertext_like_base64,ascii_bytes_fixed_radix,8,grocery_planning_note_specific,grocery_planning,171,171,721,True,3.90528720900329,2.135449183999299,-3.131126126321386,-3.036833459603372,4.087719298245614,7.0,0.4444444444444444,0.1234396671289875,0.6907073509015257,0,QuantFactory/Meta-Llama-3-8B-Instruct-GGUF,Meta-Llama-3-8B-Instruct.Q4_K_M.gguf,models/llama3_8b/Meta-Llama-3-8B-Instruct.Q4_K_M.gguf,synthetic payload; not encryption or cryptographic security
nonseg_ascii_b16__paper_ciphertext_like_base64_001__ascii_bytes_fixed_radix__b16__recipe_long_specific,nonseg_ascii_b16,paper_ciphertext_like_base64_001,ciphertext_like_base64,ciphertext_like_base64,ascii_bytes_fixed_radix,16,recipe_long_specific,recipe,128,128,567,True,2.932308605999424,1.639694090001285,-4.304386303600909,-4.013013215749246,6.7890625,12.649999999999991,0.21875,0.0458553791887125,0.7707231040564374,1,QuantFactory/Meta-Llama-3-8B-Instruct-GGUF,Meta-Llama-3-8B-Instruct.Q4_K_M.gguf,models/llama3_8b/Meta-Llama-3-8B-Instruct.Q4_K_M.gguf,synthetic payload; not encryption or cryptographic security
nonseg_ascii_b16__paper_ciphertext_like_base64_001__ascii_bytes_fixed_radix__b16__recipe_forum_exchange_specific,nonseg_ascii_b16,paper_ciphertext_like_base64_001,ciphertext_like_base64,ciphertext_like_base64,ascii_bytes_fixed_radix,16,recipe_forum_exchange_specific,recipe_forum_exchange,128,128,479,True,2.894597203001468,1.5959290320024593,-4.372947577978421,-4.003928534830013,6.7890625,12.649999999999991,0.1953125,0.068893528183716,0.7223382045929019,1,QuantFactory/Meta-Llama-3-8B-Instruct-GGUF,Meta-Llama-3-8B-Instruct.Q4_K_M.gguf,models/llama3_8b/Meta-Llama-3-8B-Instruct.Q4_K_M.gguf,synthetic payload; not encryption or cryptographic security
nonseg_ascii_b16__paper_ciphertext_like_base64_001__ascii_bytes_fixed_radix__b16__grocery_planning_note_specific,nonseg_ascii_b16,paper_ciphertext_like_base64_001,ciphertext_like_base64,ciphertext_like_base64,ascii_bytes_fixed_radix,16,grocery_planning_note_specific,grocery_planning,128,128,675,True,2.9077316700022493,1.598676761997922,-4.138098721627806,-3.788926174723093,6.7890625,12.649999999999991,0.21875,0.0177777777777777,0.8059259259259259,1,QuantFactory/Meta-Llama-3-8B-Instruct-GGUF,Meta-Llama-3-8B-Instruct.Q4_K_M.gguf,models/llama3_8b/Meta-Llama-3-8B-Instruct.Q4_K_M.gguf,synthetic payload; not encryption or cryptographic security
nonseg_ascii_b16__paper_ciphertext_like_base64_000__ascii_bytes_fixed_radix__b16__recipe_forum_exchange_specific,nonseg_ascii_b16,paper_ciphertext_like_base64_000,ciphertext_like_base64,ciphertext_like_base64,ascii_bytes_fixed_radix,16,recipe_forum_exchange_specific,recipe_forum_exchange,128,128,573,True,3.04637282800104,1.6048793339978147,-4.285411616436889,-4.000213642310191,6.75,13.649999999999991,0.1484375,0.03315881326352531,0.7818499127399651,2,QuantFactory/Meta-Llama-3-8B-Instruct-GGUF,Meta-Llama-3-8B-Instruct.Q4_K_M.gguf,models/llama3_8b/Meta-Llama-3-8B-Instruct.Q4_K_M.gguf,synthetic payload; not encryption or cryptographic security
