analysis_id,quantization,population,metric,mean,median,standard_deviation,ci_low_95,ci_high_95,observation_count,group_count,bootstrap_resamples,bootstrap_unit,representation_name,payload_class
quantization_overall,Q4_K_M,ordinary_control,mean_entropy_bits,1.5361003906295678,1.460284609073725,0.4631359930212284,1.4975645600382694,1.5754471435186728,960,480,2000,payload_name,,
quantization_overall,Q4_K_M,ordinary_control,mean_observed_rank,1.599356386496728,1.5,0.41161878736794894,1.5687474732865918,1.6309437779634481,960,480,2000,payload_name,,
quantization_overall,Q4_K_M,ordinary_control,mean_token_surprisal_nats,0.7188185145186916,0.6894114894204604,0.21924773933085215,0.7014733504564208,0.7372991984677489,960,480,2000,payload_name,,
quantization_overall,Q4_K_M,ordinary_control,mean_rank_pressure_log_probability_gap_nats,0.24803817759290928,0.2336582802077557,0.09568041452477283,0.24088079921266511,0.25506222631648223,960,480,2000,payload_name,,
quantization_overall,Q4_K_M,ordinary_control,tail_rank_frequency_gt_100,8.20464790448343e-05,0.0,0.0011471516569429043,1.6276041666666666e-05,0.00016885203460038987,960,480,2000,payload_name,,
quantization_overall,Q4_K_M,ordinary_control,word_count,101.221875,103.0,41.18882154740562,97.935390625,104.73692708333333,960,480,2000,payload_name,,
quantization_overall,Q4_K_M,ordinary_control,unique_word_fraction,0.7123135836450907,0.7113748010793607,0.08855901864934607,0.7057260271684039,0.7195632729774412,960,480,2000,payload_name,,
quantization_overall,Q4_K_M,ordinary_control,repeated_bigram_fraction,0.04611084221411308,0.037735849056603765,0.04146006275768435,0.04327528421927316,0.04892690906101613,960,480,2000,payload_name,,
quantization_overall,Q4_K_M,ordinary_control,surface_flag_total,1.2260416666666667,1.0,0.9414280182735937,1.166640625,1.2885677083333331,960,480,2000,payload_name,,
quantization_overall,Q4_K_M,rankcloak,saved_id_exact_payload_recovery,1.0,1.0,0.0,1.0,1.0,960,480,2000,payload_name,,
quantization_overall,Q4_K_M,rankcloak,visible_text_exact_payload_recovery,0.7625,1.0,0.42577292777619336,0.734375,0.790625,960,480,2000,payload_name,,
quantization_overall,Q4_K_M,rankcloak,mean_entropy_bits,2.9819268205563016,2.9309927103990185,0.5780997050349187,2.9357478320235617,3.026867225144269,960,480,2000,payload_name,,
quantization_overall,Q4_K_M,rankcloak,mean_observed_rank,4.971477878364126,4.586988304093567,1.007441783855312,4.928140600867932,5.0166378659823465,960,480,2000,payload_name,,
quantization_overall,Q4_K_M,rankcloak,mean_token_surprisal_nats,3.946943518414528,3.888219421384526,0.475857421476549,3.9246726716944726,3.9686687204714635,960,480,2000,payload_name,,
quantization_overall,Q4_K_M,rankcloak,mean_rank_pressure_log_probability_gap_nats,3.1002993936451446,3.0337510640884555,0.5396257689829781,3.068773321290695,3.1307685300058847,960,480,2000,payload_name,,
quantization_overall,Q4_K_M,rankcloak,tail_rank_frequency_gt_100,0.0,0.0,0.0,0.0,0.0,960,480,2000,payload_name,,
quantization_overall,Q4_K_M,rankcloak,word_count,101.67604166666666,104.0,42.861153345040584,98.22575520833333,105.07416666666667,960,480,2000,payload_name,,
quantization_overall,Q4_K_M,rankcloak,unique_word_fraction,0.781114583049784,0.7777777777777778,0.08704342582670942,0.7748056033516691,0.787649798831222,960,480,2000,payload_name,,
quantization_overall,Q4_K_M,rankcloak,repeated_bigram_fraction,0.010413968521778977,0.0071428571428571175,0.013638179638820814,0.009583444367330407,0.01130718959641162,960,480,2000,payload_name,,
quantization_overall,Q4_K_M,rankcloak,surface_flag_total,2.525,2.0,2.2225970023438677,2.377083333333333,2.685416666666667,960,480,2000,payload_name,,
quantization_overall,Q8_0,ordinary_control,mean_entropy_bits,1.5280213126631819,1.4530648320000878,0.44481419994963756,1.4914138761631617,1.5643633748011374,960,480,2000,payload_name,,
quantization_overall,Q8_0,ordinary_control,mean_observed_rank,1.575395833872714,1.4883720930232558,0.34786554574252976,1.548596439239853,1.6032383386358118,960,480,2000,payload_name,,
quantization_overall,Q8_0,ordinary_control,mean_token_surprisal_nats,0.7185850489743516,0.6909069558500693,0.20964779538303732,0.7013403211432757,0.7351010548834809,960,480,2000,payload_name,,
quantization_overall,Q8_0,ordinary_control,mean_rank_pressure_log_probability_gap_nats,0.24922245099035656,0.23944586515426636,0.09115915329971205,0.2422114807575919,0.25604688720543134,960,480,2000,payload_name,,
quantization_overall,Q8_0,ordinary_control,tail_rank_frequency_gt_100,3.93099719785575e-05,0.0,0.0005569645383892226,8.138020833333333e-06,7.797033001340145e-05,960,480,2000,payload_name,,
quantization_overall,Q8_0,ordinary_control,word_count,100.825,102.0,40.586197358934655,97.40481770833334,104.08994791666667,960,480,2000,payload_name,,
quantization_overall,Q8_0,ordinary_control,unique_word_fraction,0.7105450306368807,0.7046536796536798,0.08491237438390743,0.703915890153794,0.7174820652325891,960,480,2000,payload_name,,
quantization_overall,Q8_0,ordinary_control,repeated_bigram_fraction,0.045926145989455255,0.038961038961038974,0.04119783457690598,0.04328181359132607,0.04884792621790655,960,480,2000,payload_name,,
quantization_overall,Q8_0,ordinary_control,surface_flag_total,1.2135416666666667,1.0,0.983293161489516,1.1541666666666666,1.2739583333333333,960,480,2000,payload_name,,
quantization_overall,Q8_0,rankcloak,saved_id_exact_payload_recovery,1.0,1.0,0.0,1.0,1.0,960,480,2000,payload_name,,
quantization_overall,Q8_0,rankcloak,visible_text_exact_payload_recovery,0.7895833333333333,1.0,0.40781703933732544,0.7635416666666667,0.8145833333333333,960,480,2000,payload_name,,
quantization_overall,Q8_0,rankcloak,mean_entropy_bits,2.899649692628345,2.8388821171754173,0.5610570232993549,2.8597950071433815,2.9447389281933267,960,480,2000,payload_name,,
quantization_overall,Q8_0,rankcloak,mean_observed_rank,4.971477878364126,4.586988304093567,1.007441783855312,4.92951747629212,5.011212414526781,960,480,2000,payload_name,,
quantization_overall,Q8_0,rankcloak,mean_token_surprisal_nats,3.9800791281771963,3.944494249628999,0.46787131337145516,3.9578845080356246,4.002590166343685,960,480,2000,payload_name,,
quantization_overall,Q8_0,rankcloak,mean_rank_pressure_log_probability_gap_nats,3.1549000783048835,3.1171939857304096,0.5260820806472396,3.124369900208188,3.184915216381379,960,480,2000,payload_name,,
quantization_overall,Q8_0,rankcloak,tail_rank_frequency_gt_100,0.0,0.0,0.0,0.0,0.0,960,480,2000,payload_name,,
quantization_overall,Q8_0,rankcloak,word_count,100.059375,102.5,43.087533860338276,96.58880208333333,103.41955729166666,960,480,2000,payload_name,,
quantization_overall,Q8_0,rankcloak,unique_word_fraction,0.786828245427524,0.7851239669421488,0.08469264066937851,0.7805114545234682,0.7931824088036725,960,480,2000,payload_name,,
quantization_overall,Q8_0,rankcloak,repeated_bigram_fraction,0.00990562976805005,0.0066225165562914245,0.01294613406174335,0.009120442153883817,0.010737099712853259,960,480,2000,payload_name,,
quantization_overall,Q8_0,rankcloak,surface_flag_total,2.6802083333333333,2.0,2.422699387790605,2.5197656250000002,2.8375,960,480,2000,payload_name,,
quantization_by_representation,Q4_K_M,ordinary_control,mean_entropy_bits,1.5498462934179926,1.492254340686378,0.4561225611545452,1.5079560561759353,1.5920357258661262,480,480,2000,payload_name,ascii_b16,
quantization_by_representation,Q4_K_M,ordinary_control,mean_observed_rank,1.6171878288089225,1.515625,0.45140653448990437,1.5774174689604377,1.6578851749921086,480,480,2000,payload_name,ascii_b16,
quantization_by_representation,Q4_K_M,ordinary_control,mean_token_surprisal_nats,0.7232257075834648,0.7003195745566149,0.2166086734834131,0.7045347586984582,0.7426620125309233,480,480,2000,payload_name,ascii_b16,
quantization_by_representation,Q4_K_M,ordinary_control,mean_rank_pressure_log_probability_gap_nats,0.2481486438779844,0.23830100148916245,0.09547359164775347,0.239590979238007,0.25719086079399633,480,480,2000,payload_name,ascii_b16,
quantization_by_representation,Q4_K_M,ordinary_control,tail_rank_frequency_gt_100,0.0001519097222222222,0.0,0.0015980087703836522,3.255208333333333e-05,0.00030924479166666665,480,480,2000,payload_name,ascii_b16,
quantization_by_representation,Q4_K_M,ordinary_control,word_count,87.12083333333334,99.0,32.89633847252754,84.12494791666667,89.94838541666667,480,480,2000,payload_name,ascii_b16,
quantization_by_representation,Q4_K_M,ordinary_control,unique_word_fraction,0.7318145285760601,0.7284715200539265,0.08557041607850116,0.7240858743451567,0.7393552148566914,480,480,2000,payload_name,ascii_b16,
quantization_by_representation,Q4_K_M,ordinary_control,repeated_bigram_fraction,0.042741828010096274,0.035149493451939684,0.042536354085098926,0.039074104169974866,0.04659964132131346,480,480,2000,payload_name,ascii_b16,
quantization_by_representation,Q4_K_M,ordinary_control,surface_flag_total,1.1208333333333333,1.0,0.6281358353864155,1.0666666666666667,1.1771354166666663,480,480,2000,payload_name,ascii_b16,
quantization_by_representation,Q4_K_M,ordinary_control,mean_entropy_bits,1.522354487841143,1.4192037198763223,0.47011829791453397,1.480561590321304,1.565694345112483,480,480,2000,payload_name,ascii_b8,
quantization_by_representation,Q4_K_M,ordinary_control,mean_observed_rank,1.5815249441845334,1.4808510638297872,0.36716298929437535,1.5488453201316654,1.6144206446890037,480,480,2000,payload_name,ascii_b8,
quantization_by_representation,Q4_K_M,ordinary_control,mean_token_surprisal_nats,0.7144113214539184,0.6687824814278787,0.22199380888887063,0.6941045055742623,0.7344646623625453,480,480,2000,payload_name,ascii_b8,
quantization_by_representation,Q4_K_M,ordinary_control,mean_rank_pressure_log_probability_gap_nats,0.24792771130783411,0.2294708557652889,0.09598627237400412,0.23972967676927473,0.25604794959162647,480,480,2000,payload_name,ascii_b8,
quantization_by_representation,Q4_K_M,ordinary_control,tail_rank_frequency_gt_100,1.2183235867446393e-05,0.0,0.0002669213243202564,0.0,3.654970760233918e-05,480,480,2000,payload_name,ascii_b8,
quantization_by_representation,Q4_K_M,ordinary_control,word_count,115.32291666666667,129.0,43.77101518334859,111.44963541666667,119.19807291666667,480,480,2000,payload_name,ascii_b8,
quantization_by_representation,Q4_K_M,ordinary_control,unique_word_fraction,0.6928126387141212,0.6875,0.08727723062698707,0.6851471804119421,0.7005520301821809,480,480,2000,payload_name,ascii_b8,
quantization_by_representation,Q4_K_M,ordinary_control,repeated_bigram_fraction,0.049479856418129874,0.04229078172740147,0.040116989899383115,0.04587524906577877,0.05318069799298224,480,480,2000,payload_name,ascii_b8,
quantization_by_representation,Q4_K_M,ordinary_control,surface_flag_total,1.33125,1.0,1.165197529107044,1.2333333333333334,1.4395833333333334,480,480,2000,payload_name,ascii_b8,
quantization_by_representation,Q4_K_M,rankcloak,saved_id_exact_payload_recovery,1.0,1.0,0.0,1.0,1.0,480,480,2000,payload_name,ascii_b16,
quantization_by_representation,Q4_K_M,rankcloak,visible_text_exact_payload_recovery,0.7458333333333333,1.0,0.43584598864469976,0.7041666666666667,0.7833333333333333,480,480,2000,payload_name,ascii_b16,
quantization_by_representation,Q4_K_M,rankcloak,mean_entropy_bits,3.066891546462431,3.0527665612569646,0.6069850600685593,3.014094247783037,3.1220343670270645,480,480,2000,payload_name,ascii_b16,
quantization_by_representation,Q4_K_M,rankcloak,mean_observed_rank,5.790672184080387,5.395833333333333,0.8080519807035536,5.721519471242372,5.861266218500105,480,480,2000,payload_name,ascii_b16,
quantization_by_representation,Q4_K_M,rankcloak,mean_token_surprisal_nats,4.302562527245728,4.280483030505929,0.3575267232534671,4.271198802608271,4.3357229852218735,480,480,2000,payload_name,ascii_b16,
quantization_by_representation,Q4_K_M,rankcloak,mean_rank_pressure_log_probability_gap_nats,3.4350035892525113,3.4038436338305473,0.46850516042714085,3.3934998089366526,3.4768486941337797,480,480,2000,payload_name,ascii_b16,
quantization_by_representation,Q4_K_M,rankcloak,tail_rank_frequency_gt_100,0.0,0.0,0.0,0.0,0.0,480,480,2000,payload_name,ascii_b16,
quantization_by_representation,Q4_K_M,rankcloak,word_count,87.27291666666666,96.5,33.407375078538195,84.22286458333333,90.35432291666667,480,480,2000,payload_name,ascii_b16,
quantization_by_representation,Q4_K_M,rankcloak,unique_word_fraction,0.8087651613682562,0.805690399137001,0.0785712320441203,0.8016630795037257,0.8156067504648341,480,480,2000,payload_name,ascii_b16,
quantization_by_representation,Q4_K_M,rankcloak,repeated_bigram_fraction,0.00748849100708129,0.0,0.011414701882103832,0.006538520606991531,0.008572130511593784,480,480,2000,payload_name,ascii_b16,
quantization_by_representation,Q4_K_M,rankcloak,surface_flag_total,2.51875,2.0,2.2054360860958684,2.3354166666666667,2.725052083333333,480,480,2000,payload_name,ascii_b16,
quantization_by_representation,Q4_K_M,rankcloak,saved_id_exact_payload_recovery,1.0,1.0,0.0,1.0,1.0,480,480,2000,payload_name,ascii_b8,
quantization_by_representation,Q4_K_M,rankcloak,visible_text_exact_payload_recovery,0.7791666666666667,1.0,0.4152411243734315,0.74375,0.8145833333333333,480,480,2000,payload_name,ascii_b8,
quantization_by_representation,Q4_K_M,rankcloak,mean_entropy_bits,2.896962094650172,2.84561203467046,0.5349740419131884,2.8485012059940242,2.94464802380892,480,480,2000,payload_name,ascii_b8,
quantization_by_representation,Q4_K_M,rankcloak,mean_observed_rank,4.152283572647864,4.1404879385964914,0.18462973844591274,4.136052491939966,4.168599159980656,480,480,2000,payload_name,ascii_b8,
quantization_by_representation,Q4_K_M,rankcloak,mean_token_surprisal_nats,3.5913245095833277,3.57049041078304,0.26845884751608146,3.5674419802424806,3.6157674103923227,480,480,2000,payload_name,ascii_b8,
quantization_by_representation,Q4_K_M,rankcloak,mean_rank_pressure_log_probability_gap_nats,2.765595198037778,2.7514906642908112,0.37280186452295183,2.7330265943237415,2.8001292166659457,480,480,2000,payload_name,ascii_b8,
quantization_by_representation,Q4_K_M,rankcloak,tail_rank_frequency_gt_100,0.0,0.0,0.0,0.0,0.0,480,480,2000,payload_name,ascii_b8,
quantization_by_representation,Q4_K_M,rankcloak,word_count,116.07916666666667,130.0,46.32680930373297,111.63427083333333,120.30682291666668,480,480,2000,payload_name,ascii_b8,
quantization_by_representation,Q4_K_M,rankcloak,unique_word_fraction,0.753464004731312,0.7530137981118373,0.08638977744039361,0.7457558585919086,0.761105150402588,480,480,2000,payload_name,ascii_b8,
quantization_by_representation,Q4_K_M,rankcloak,repeated_bigram_fraction,0.013339446036476665,0.010152545866831564,0.01499800672160211,0.012008595104567895,0.0146565464199341,480,480,2000,payload_name,ascii_b8,
quantization_by_representation,Q4_K_M,rankcloak,surface_flag_total,2.53125,2.0,2.241910184081073,2.3416145833333335,2.7396354166666663,480,480,2000,payload_name,ascii_b8,
quantization_by_representation,Q8_0,ordinary_control,mean_entropy_bits,1.555257379262643,1.4679735104770835,0.4514013519638145,1.5152788509311408,1.5957388450329637,480,480,2000,payload_name,ascii_b16,
quantization_by_representation,Q8_0,ordinary_control,mean_observed_rank,1.5921870067866162,1.5,0.3708130813944244,1.5602242641256314,1.6247182559645938,480,480,2000,payload_name,ascii_b16,
quantization_by_representation,Q8_0,ordinary_control,mean_token_surprisal_nats,0.7310827744724975,0.6956625054079422,0.21477590605999533,0.712388132357562,0.7500739087362738,480,480,2000,payload_name,ascii_b16,
quantization_by_representation,Q8_0,ordinary_control,mean_rank_pressure_log_probability_gap_nats,0.2530505090986413,0.24230666210254032,0.09376950144853018,0.24511369626815838,0.2615785507247148,480,480,2000,payload_name,ascii_b16,
quantization_by_representation,Q8_0,ordinary_control,tail_rank_frequency_gt_100,3.255208333333333e-05,0.0,0.0005037680278490446,0.0,8.138020833333333e-05,480,480,2000,payload_name,ascii_b16,
quantization_by_representation,Q8_0,ordinary_control,word_count,86.775,97.0,32.453329264896425,83.86369791666667,89.54828125,480,480,2000,payload_name,ascii_b16,
quantization_by_representation,Q8_0,ordinary_control,unique_word_fraction,0.7280138179076311,0.7194622069191671,0.08141266773452001,0.7211211743127424,0.7355950368760803,480,480,2000,payload_name,ascii_b16,
quantization_by_representation,Q8_0,ordinary_control,repeated_bigram_fraction,0.04334063810034945,0.036867142371729555,0.04152258178651457,0.03980198298475249,0.047085815477312595,480,480,2000,payload_name,ascii_b16,
quantization_by_representation,Q8_0,ordinary_control,surface_flag_total,1.0979166666666667,1.0,0.723015485165047,1.0375,1.1645833333333333,480,480,2000,payload_name,ascii_b16,
quantization_by_representation,Q8_0,ordinary_control,mean_entropy_bits,1.500785246063721,1.4303172889791838,0.43690105133904783,1.4616057111344647,1.5385591839464507,480,480,2000,payload_name,ascii_b8,
quantization_by_representation,Q8_0,ordinary_control,mean_observed_rank,1.5586046609588113,1.4795321637426901,0.3228096988907626,1.531337948540206,1.588349616024991,480,480,2000,payload_name,ascii_b8,
quantization_by_representation,Q8_0,ordinary_control,mean_token_surprisal_nats,0.7060873234762058,0.6867883166881974,0.20384902792938145,0.6876310458411201,0.7248576974248724,480,480,2000,payload_name,ascii_b8,
quantization_by_representation,Q8_0,ordinary_control,mean_rank_pressure_log_probability_gap_nats,0.2453943928820718,0.23459279259970023,0.08840385986905609,0.23753390474184344,0.25383546492971654,480,480,2000,payload_name,ascii_b8,
quantization_by_representation,Q8_0,ordinary_control,tail_rank_frequency_gt_100,4.606786062378167e-05,0.0,0.0006059644035354989,0.0,0.00011383711013645222,480,480,2000,payload_name,ascii_b8,
quantization_by_representation,Q8_0,ordinary_control,word_count,114.875,129.0,43.00081321753717,111.02005208333333,118.82572916666666,480,480,2000,payload_name,ascii_b8,
quantization_by_representation,Q8_0,ordinary_control,unique_word_fraction,0.69307624336613,0.6895940086716594,0.08482724443292095,0.6852530056202918,0.7006876824778944,480,480,2000,payload_name,ascii_b8,
quantization_by_representation,Q8_0,ordinary_control,repeated_bigram_fraction,0.048511653878561066,0.04109589041095896,0.04074977397762732,0.045002165391062686,0.05220595148227582,480,480,2000,payload_name,ascii_b8,
quantization_by_representation,Q8_0,ordinary_control,surface_flag_total,1.3291666666666666,1.0,1.177371605317393,1.23125,1.4354687499999996,480,480,2000,payload_name,ascii_b8,
quantization_by_representation,Q8_0,rankcloak,saved_id_exact_payload_recovery,1.0,1.0,0.0,1.0,1.0,480,480,2000,payload_name,ascii_b16,
quantization_by_representation,Q8_0,rankcloak,visible_text_exact_payload_recovery,0.80625,1.0,0.3956476416806148,0.7708333333333334,0.8417187499999997,480,480,2000,payload_name,ascii_b16,
quantization_by_representation,Q8_0,rankcloak,mean_entropy_bits,3.006227312341845,2.9910018188041256,0.6033402483548536,2.953046530192996,3.0573588765708926,480,480,2000,payload_name,ascii_b16,
quantization_by_representation,Q8_0,rankcloak,mean_observed_rank,5.790672184080387,5.395833333333333,0.8080519807035536,5.720223051642729,5.861465710983533,480,480,2000,payload_name,ascii_b16,
quantization_by_representation,Q8_0,rankcloak,mean_token_surprisal_nats,4.3274943911674315,4.301464412939817,0.3553995128297138,4.297232584961583,4.3591578449136525,480,480,2000,payload_name,ascii_b16,
quantization_by_representation,Q8_0,rankcloak,mean_rank_pressure_log_probability_gap_nats,3.4760406166587496,3.423210859298706,0.462944220119806,3.4373541837576758,3.5195937621680002,480,480,2000,payload_name,ascii_b16,
quantization_by_representation,Q8_0,rankcloak,tail_rank_frequency_gt_100,0.0,0.0,0.0,0.0,0.0,480,480,2000,payload_name,ascii_b16,
quantization_by_representation,Q8_0,rankcloak,word_count,85.42708333333333,94.0,34.90031877143742,82.09364583333334,88.55432291666666,480,480,2000,payload_name,ascii_b16,
quantization_by_representation,Q8_0,rankcloak,unique_word_fraction,0.8121589850384455,0.8101724137931035,0.08129285986489442,0.804623766635845,0.8193468281478486,480,480,2000,payload_name,ascii_b16,
quantization_by_representation,Q8_0,rankcloak,repeated_bigram_fraction,0.008117473287818899,0.0,0.012129029558345486,0.007010800475387678,0.009258020147008111,480,480,2000,payload_name,ascii_b16,
quantization_by_representation,Q8_0,rankcloak,surface_flag_total,2.3895833333333334,2.0,1.878428204413757,2.2291666666666665,2.5521354166666663,480,480,2000,payload_name,ascii_b16,
quantization_by_representation,Q8_0,rankcloak,saved_id_exact_payload_recovery,1.0,1.0,0.0,1.0,1.0,480,480,2000,payload_name,ascii_b8,
quantization_by_representation,Q8_0,rankcloak,visible_text_exact_payload_recovery,0.7729166666666667,1.0,0.4193839717929131,0.7354166666666667,0.8104166666666667,480,480,2000,payload_name,ascii_b8,
quantization_by_representation,Q8_0,rankcloak,mean_entropy_bits,2.7930720729148444,2.741948552174926,0.49339910571042106,2.7499717934740984,2.836636491749642,480,480,2000,payload_name,ascii_b8,
quantization_by_representation,Q8_0,rankcloak,mean_observed_rank,4.152283572647864,4.1404879385964914,0.18462973844591274,4.135994361059019,4.168924122341425,480,480,2000,payload_name,ascii_b8,
quantization_by_representation,Q8_0,rankcloak,mean_token_surprisal_nats,3.6326638651869616,3.603597329069565,0.264682137103484,3.609196945418987,3.6567083595836616,480,480,2000,payload_name,ascii_b8,
quantization_by_representation,Q8_0,rankcloak,mean_rank_pressure_log_probability_gap_nats,2.833759539951018,2.798425147419799,0.36481783236527787,2.8008938035910025,2.8674863215748143,480,480,2000,payload_name,ascii_b8,
quantization_by_representation,Q8_0,rankcloak,tail_rank_frequency_gt_100,0.0,0.0,0.0,0.0,0.0,480,480,2000,payload_name,ascii_b8,
quantization_by_representation,Q8_0,rankcloak,word_count,114.69166666666666,127.0,45.49519616446494,110.53125,118.74208333333333,480,480,2000,payload_name,ascii_b8,
quantization_by_representation,Q8_0,rankcloak,unique_word_fraction,0.7614975058166028,0.7558647026732133,0.08041243981156117,0.7542335496420718,0.7687457510229416,480,480,2000,payload_name,ascii_b8,
quantization_by_representation,Q8_0,rankcloak,repeated_bigram_fraction,0.011693786248281202,0.007518796992481258,0.013491959046788378,0.010500423775122352,0.012924120726626106,480,480,2000,payload_name,ascii_b8,
quantization_by_representation,Q8_0,rankcloak,surface_flag_total,2.970833333333333,2.0,2.837856106121941,2.7291666666666665,3.2375,480,480,2000,payload_name,ascii_b8,
quantization_by_artifact_class,Q4_K_M,ordinary_control,mean_entropy_bits,1.5028087093915332,1.4525858812409351,0.4235440622547192,1.3994965219500775,1.612066436644197,120,60,2000,payload_name,,aes256_gcm_base64
quantization_by_artifact_class,Q4_K_M,ordinary_control,mean_observed_rank,1.5485806530214425,1.4526909722222223,0.27259872136366237,1.4893557923672027,1.6141409105445903,120,60,2000,payload_name,,aes256_gcm_base64
quantization_by_artifact_class,Q4_K_M,ordinary_control,mean_token_surprisal_nats,0.7028616371918839,0.6723996614438572,0.19567647752841502,0.6579823682158294,0.7496722436684014,120,60,2000,payload_name,,aes256_gcm_base64
quantization_by_artifact_class,Q4_K_M,ordinary_control,mean_rank_pressure_log_probability_gap_nats,0.23984567187218175,0.22902024567824358,0.07998954492091451,0.22250932441743865,0.257645135173496,120,60,2000,payload_name,,aes256_gcm_base64
quantization_by_artifact_class,Q4_K_M,ordinary_control,tail_rank_frequency_gt_100,0.0,0.0,0.0,0.0,0.0,120,60,2000,payload_name,,aes256_gcm_base64
quantization_by_artifact_class,Q4_K_M,ordinary_control,word_count,117.45833333333333,111.5,21.000958694936823,114.14083333333333,120.39229166666667,120,60,2000,payload_name,,aes256_gcm_base64
quantization_by_artifact_class,Q4_K_M,ordinary_control,unique_word_fraction,0.679396531117367,0.6790915395284327,0.07186012295794553,0.6659613705129339,0.6926858507793797,120,60,2000,payload_name,,aes256_gcm_base64
quantization_by_artifact_class,Q4_K_M,ordinary_control,repeated_bigram_fraction,0.054414075851849014,0.04524979524979522,0.0430702631078515,0.04654564109244847,0.06312505446029379,120,60,2000,payload_name,,aes256_gcm_base64
quantization_by_artifact_class,Q4_K_M,ordinary_control,surface_flag_total,1.4,1.0,1.205031468608241,1.2083333333333333,1.6,120,60,2000,payload_name,,aes256_gcm_base64
quantization_by_artifact_class,Q4_K_M,ordinary_control,mean_entropy_bits,1.4752299658614225,1.4369203348244657,0.4379412683600813,1.3739139976871677,1.585552223483896,120,60,2000,payload_name,,chacha20_poly1305_base64
quantization_by_artifact_class,Q4_K_M,ordinary_control,mean_observed_rank,1.5506407620614036,1.49609375,0.2812433695772605,1.4884651597526806,1.616200391386452,120,60,2000,payload_name,,chacha20_poly1305_base64
quantization_by_artifact_class,Q4_K_M,ordinary_control,mean_token_surprisal_nats,0.6910971986400196,0.6772158650001916,0.20105333600050843,0.6453011057114192,0.7400542647067881,120,60,2000,payload_name,,chacha20_poly1305_base64
quantization_by_artifact_class,Q4_K_M,ordinary_control,mean_rank_pressure_log_probability_gap_nats,0.24091845350358163,0.22663836926221848,0.08461759909640652,0.22341240868366327,0.25961870212442845,120,60,2000,payload_name,,chacha20_poly1305_base64
quantization_by_artifact_class,Q4_K_M,ordinary_control,tail_rank_frequency_gt_100,0.0,0.0,0.0,0.0,0.0,120,60,2000,payload_name,,chacha20_poly1305_base64
quantization_by_artifact_class,Q4_K_M,ordinary_control,word_count,118.31666666666666,112.0,19.20477152427802,116.09145833333334,120.425,120,60,2000,payload_name,,chacha20_poly1305_base64
quantization_by_artifact_class,Q4_K_M,ordinary_control,unique_word_fraction,0.6768176589598428,0.685585378470027,0.0685079895395525,0.6628879783462543,0.6895837865787688,120,60,2000,payload_name,,chacha20_poly1305_base64
quantization_by_artifact_class,Q4_K_M,ordinary_control,repeated_bigram_fraction,0.0540290396390433,0.04348339832210796,0.0478543900649926,0.045735469283236276,0.06348026274497036,120,60,2000,payload_name,,chacha20_poly1305_base64
quantization_by_artifact_class,Q4_K_M,ordinary_control,surface_flag_total,1.375,1.0,1.0928530235546026,1.1916666666666667,1.6,120,60,2000,payload_name,,chacha20_poly1305_base64
quantization_by_artifact_class,Q4_K_M,ordinary_control,mean_entropy_bits,1.4957206330449095,1.395404763144644,0.4402801452456085,1.3938013386518036,1.6028825969435367,120,60,2000,payload_name,,ed25519_signature_base64
quantization_by_artifact_class,Q4_K_M,ordinary_control,mean_observed_rank,1.5621198017408124,1.4808510638297872,0.29969790333319934,1.498365610896196,1.6264382454867827,120,60,2000,payload_name,,ed25519_signature_base64
quantization_by_artifact_class,Q4_K_M,ordinary_control,mean_token_surprisal_nats,0.708636186481269,0.6862023948981473,0.20573399012005292,0.6621440560685141,0.7603339296278764,120,60,2000,payload_name,,ed25519_signature_base64
quantization_by_artifact_class,Q4_K_M,ordinary_control,mean_rank_pressure_log_probability_gap_nats,0.2495641397857266,0.2429607371066479,0.08518218603641294,0.2308966253583976,0.26798578692274677,120,60,2000,payload_name,,ed25519_signature_base64
quantization_by_artifact_class,Q4_K_M,ordinary_control,tail_rank_frequency_gt_100,0.0,0.0,0.0,0.0,0.0,120,60,2000,payload_name,,ed25519_signature_base64
quantization_by_artifact_class,Q4_K_M,ordinary_control,word_count,163.46666666666667,156.0,26.69117920997586,160.67479166666666,165.99229166666666,120,60,2000,payload_name,,ed25519_signature_base64
quantization_by_artifact_class,Q4_K_M,ordinary_control,unique_word_fraction,0.6292457844017336,0.6268322863125833,0.057285790742342094,0.6184748474793069,0.639661157827878,120,60,2000,payload_name,,ed25519_signature_base64
quantization_by_artifact_class,Q4_K_M,ordinary_control,repeated_bigram_fraction,0.06636806269604759,0.05761880814684439,0.04338100322929577,0.05852882217782272,0.07477327185746876,120,60,2000,payload_name,,ed25519_signature_base64
quantization_by_artifact_class,Q4_K_M,ordinary_control,surface_flag_total,1.375,1.0,1.4439820059867248,1.1416666666666666,1.6666666666666667,120,60,2000,payload_name,,ed25519_signature_base64
quantization_by_artifact_class,Q4_K_M,ordinary_control,mean_entropy_bits,1.5398501128544178,1.4502349802957637,0.47324425657139463,1.4288359373381196,1.6527059474225778,120,60,2000,payload_name,,hmac_sha256_hex
quantization_by_artifact_class,Q4_K_M,ordinary_control,mean_observed_rank,1.5768373842592593,1.4848775584795322,0.33693276273494066,1.5080079267178363,1.6559079080622563,120,60,2000,payload_name,,hmac_sha256_hex
quantization_by_artifact_class,Q4_K_M,ordinary_control,mean_token_surprisal_nats,0.7244744265004994,0.7039988839481206,0.2220960005637475,0.6744663775110668,0.7767361542282295,120,60,2000,payload_name,,hmac_sha256_hex
quantization_by_artifact_class,Q4_K_M,ordinary_control,mean_rank_pressure_log_probability_gap_nats,0.2520700885157226,0.24272832866997746,0.09314667844215063,0.23265662931780862,0.27306900539198525,120,60,2000,payload_name,,hmac_sha256_hex
quantization_by_artifact_class,Q4_K_M,ordinary_control,tail_rank_frequency_gt_100,0.0,0.0,0.0,0.0,0.0,120,60,2000,payload_name,,hmac_sha256_hex
quantization_by_artifact_class,Q4_K_M,ordinary_control,word_count,118.34166666666667,111.0,20.694454188832076,115.49979166666667,120.79229166666667,120,60,2000,payload_name,,hmac_sha256_hex
quantization_by_artifact_class,Q4_K_M,ordinary_control,unique_word_fraction,0.6775226920409773,0.6851709565885518,0.06741782665480155,0.663953756178795,0.6912165576201318,120,60,2000,payload_name,,hmac_sha256_hex
quantization_by_artifact_class,Q4_K_M,ordinary_control,repeated_bigram_fraction,0.051604114802437956,0.04081632653061229,0.039636451665169554,0.043575992211123446,0.060123179700131556,120,60,2000,payload_name,,hmac_sha256_hex
quantization_by_artifact_class,Q4_K_M,ordinary_control,surface_flag_total,1.275,1.0,1.0448955558758377,1.1,1.4833333333333334,120,60,2000,payload_name,,hmac_sha256_hex
quantization_by_artifact_class,Q4_K_M,ordinary_control,mean_entropy_bits,1.6373718602712577,1.5785361250520134,0.4909113342537238,1.5289005748164355,1.753181915344417,120,60,2000,payload_name,,nonce_96_bit_hex
quantization_by_artifact_class,Q4_K_M,ordinary_control,mean_observed_rank,1.7157552083333334,1.5416666666666667,0.6176374903061495,1.605812717013889,1.837907986111111,120,60,2000,payload_name,,nonce_96_bit_hex
quantization_by_artifact_class,Q4_K_M,ordinary_control,mean_token_surprisal_nats,0.7626036901145256,0.7238977966309867,0.24004307904316036,0.7120087543365134,0.8142640065635527,120,60,2000,payload_name,,nonce_96_bit_hex
quantization_by_artifact_class,Q4_K_M,ordinary_control,mean_rank_pressure_log_probability_gap_nats,0.2637347989405195,0.23469656705856323,0.11028425419949361,0.24192430418967786,0.28758863007287594,120,60,2000,payload_name,,nonce_96_bit_hex
quantization_by_artifact_class,Q4_K_M,ordinary_control,tail_rank_frequency_gt_100,0.0003472222222222222,0.0,0.002678247205193303,0.0,0.0008680555555555555,120,60,2000,payload_name,,nonce_96_bit_hex
quantization_by_artifact_class,Q4_K_M,ordinary_control,word_count,45.55833333333333,44.0,7.796568770544998,44.55833333333333,46.43333333333333,120,60,2000,payload_name,,nonce_96_bit_hex
quantization_by_artifact_class,Q4_K_M,ordinary_control,unique_word_fraction,0.8159024544782812,0.8108108108108109,0.06438472788547799,0.8028231759383057,0.8300900142336571,120,60,2000,payload_name,,nonce_96_bit_hex
quantization_by_artifact_class,Q4_K_M,ordinary_control,repeated_bigram_fraction,0.028343320995893043,0.020008003201280544,0.03692892505885666,0.021603101062083983,0.0355627671361613,120,60,2000,payload_name,,nonce_96_bit_hex
quantization_by_artifact_class,Q4_K_M,ordinary_control,surface_flag_total,1.0,1.0,0.28988551782622424,0.95,1.05,120,60,2000,payload_name,,nonce_96_bit_hex
quantization_by_artifact_class,Q4_K_M,ordinary_control,mean_entropy_bits,1.5167874004461934,1.467824435072007,0.4409649503226074,1.4153376594500107,1.6305457281850575,120,60,2000,payload_name,,sha256_hex
quantization_by_artifact_class,Q4_K_M,ordinary_control,mean_observed_rank,1.5854650188840158,1.515625,0.3916674334607194,1.5046303720455654,1.6710506898757311,120,60,2000,payload_name,,sha256_hex
quantization_by_artifact_class,Q4_K_M,ordinary_control,mean_token_surprisal_nats,0.708700400182334,0.6811463621880802,0.20579755141494815,0.6627432101721376,0.7562187551385317,120,60,2000,payload_name,,sha256_hex
quantization_by_artifact_class,Q4_K_M,ordinary_control,mean_rank_pressure_log_probability_gap_nats,0.24123379491182448,0.2297130251052784,0.08858839202232796,0.2220319112966774,0.261217938743007,120,60,2000,payload_name,,sha256_hex
quantization_by_artifact_class,Q4_K_M,ordinary_control,tail_rank_frequency_gt_100,0.0001789412768031189,0.0,0.0011317661948455672,0.0,0.00047171966374269004,120,60,2000,payload_name,,sha256_hex
quantization_by_artifact_class,Q4_K_M,ordinary_control,word_count,119.03333333333333,113.5,19.254567649005782,116.75791666666667,121.1,120,60,2000,payload_name,,sha256_hex
quantization_by_artifact_class,Q4_K_M,ordinary_control,unique_word_fraction,0.6780847844747719,0.6761031366294524,0.06377238478164902,0.6664783066655056,0.6900501676128536,120,60,2000,payload_name,,sha256_hex
quantization_by_artifact_class,Q4_K_M,ordinary_control,repeated_bigram_fraction,0.04641192948375666,0.038285400256457214,0.033224297907440144,0.0402300629051871,0.05283025656241184,120,60,2000,payload_name,,sha256_hex
quantization_by_artifact_class,Q4_K_M,ordinary_control,surface_flag_total,1.2916666666666667,1.0,0.823966970592542,1.15,1.4502083333333322,120,60,2000,payload_name,,sha256_hex
quantization_by_artifact_class,Q4_K_M,ordinary_control,mean_entropy_bits,1.6008369405322285,1.497887648891735,0.5010213229921735,1.493178078369619,1.7166955191417033,120,60,2000,payload_name,,token_128_bit_hex
quantization_by_artifact_class,Q4_K_M,ordinary_control,mean_observed_rank,1.6637566618217055,1.5194404069767442,0.5471076368786983,1.5595563075339145,1.7811680898740307,120,60,2000,payload_name,,token_128_bit_hex
quantization_by_artifact_class,Q4_K_M,ordinary_control,mean_token_surprisal_nats,0.7492100688898059,0.6978228871320274,0.2469720823751967,0.6960019389302482,0.8064180793846363,120,60,2000,payload_name,,token_128_bit_hex
quantization_by_artifact_class,Q4_K_M,ordinary_control,mean_rank_pressure_log_probability_gap_nats,0.2570989669264518,0.2331976110852042,0.11574084152227403,0.2332554063778515,0.2826903121596448,120,60,2000,payload_name,,token_128_bit_hex
quantization_by_artifact_class,Q4_K_M,ordinary_control,tail_rank_frequency_gt_100,0.00013020833333333333,0.0,0.0014263608268363702,0.0,0.000390625,120,60,2000,payload_name,,token_128_bit_hex
quantization_by_artifact_class,Q4_K_M,ordinary_control,word_count,60.36666666666667,58.0,10.433408954362116,58.983125,61.55020833333333,120,60,2000,payload_name,,token_128_bit_hex
quantization_by_artifact_class,Q4_K_M,ordinary_control,unique_word_fraction,0.7834278215395186,0.7801168412570507,0.05818516863392277,0.7721052834180363,0.7941610975546892,120,60,2000,payload_name,,token_128_bit_hex
quantization_by_artifact_class,Q4_K_M,ordinary_control,repeated_bigram_fraction,0.02830164755274909,0.01851851851851849,0.03209855595966871,0.022742329176006947,0.03405565085453136,120,60,2000,payload_name,,token_128_bit_hex
quantization_by_artifact_class,Q4_K_M,ordinary_control,surface_flag_total,1.0166666666666666,1.0,0.40961825502037674,0.95,1.0916666666666666,120,60,2000,payload_name,,token_128_bit_hex
quantization_by_artifact_class,Q4_K_M,ordinary_control,mean_entropy_bits,1.5201975026345798,1.424449503257974,0.4810509299006473,1.4112704847848383,1.631693655708385,120,60,2000,payload_name,,uuid_v4
quantization_by_artifact_class,Q4_K_M,ordinary_control,mean_observed_rank,1.591695601851852,1.4895833333333335,0.38658623043176776,1.5161436631944445,1.6713143807870372,120,60,2000,payload_name,,uuid_v4
quantization_by_artifact_class,Q4_K_M,ordinary_control,mean_token_surprisal_nats,0.7029645081491952,0.6381195633099093,0.22729050916724258,0.6540205837209453,0.7516093040400516,120,60,2000,payload_name,,uuid_v4
quantization_by_artifact_class,Q4_K_M,ordinary_control,mean_rank_pressure_log_probability_gap_nats,0.2398395062872657,0.21170941326353285,0.1014690061279544,0.2200315101561999,0.2613072097832682,120,60,2000,payload_name,,uuid_v4
quantization_by_artifact_class,Q4_K_M,ordinary_control,tail_rank_frequency_gt_100,0.0,0.0,0.0,0.0,0.0,120,60,2000,payload_name,,uuid_v4
quantization_by_artifact_class,Q4_K_M,ordinary_control,word_count,67.23333333333333,64.5,11.20229068211545,65.87458333333333,68.45020833333334,120,60,2000,payload_name,,uuid_v4
quantization_by_artifact_class,Q4_K_M,ordinary_control,unique_word_fraction,0.7581109421482334,0.75,0.06451367421590513,0.7445573851786115,0.77101138051241,120,60,2000,payload_name,,uuid_v4
quantization_by_artifact_class,Q4_K_M,ordinary_control,repeated_bigram_fraction,0.03941454669112794,0.035401002506265655,0.03868051172011525,0.032702441093471715,0.04711684653522119,120,60,2000,payload_name,,uuid_v4
quantization_by_artifact_class,Q4_K_M,ordinary_control,surface_flag_total,1.075,1.0,0.43313397698265005,1.0,1.15,120,60,2000,payload_name,,uuid_v4
quantization_by_artifact_class,Q4_K_M,rankcloak,saved_id_exact_payload_recovery,1.0,1.0,0.0,1.0,1.0,120,60,2000,payload_name,,aes256_gcm_base64
quantization_by_artifact_class,Q4_K_M,rankcloak,visible_text_exact_payload_recovery,0.7583333333333333,1.0,0.4298882663770058,0.6833333333333333,0.8333333333333334,120,60,2000,payload_name,,aes256_gcm_base64
quantization_by_artifact_class,Q4_K_M,rankcloak,mean_entropy_bits,3.1843876194215643,3.1391447363289533,0.5172453657924628,3.081127926835316,3.2860422793794357,120,60,2000,payload_name,,aes256_gcm_base64
quantization_by_artifact_class,Q4_K_M,rankcloak,mean_observed_rank,5.540526391934699,5.442708333333334,1.2635879931564131,5.4960641199896445,5.5874638976455895,120,60,2000,payload_name,,aes256_gcm_base64
quantization_by_artifact_class,Q4_K_M,rankcloak,mean_token_surprisal_nats,4.012356879484772,4.046045036835983,0.4937710658751012,3.9631848813323516,4.061102074786506,120,60,2000,payload_name,,aes256_gcm_base64
quantization_by_artifact_class,Q4_K_M,rankcloak,mean_rank_pressure_log_probability_gap_nats,3.1102738295959536,3.056903492800935,0.5261048349122267,3.0419935571764625,3.1840160048104726,120,60,2000,payload_name,,aes256_gcm_base64
quantization_by_artifact_class,Q4_K_M,rankcloak,tail_rank_frequency_gt_100,0.0,0.0,0.0,0.0,0.0,120,60,2000,payload_name,,aes256_gcm_base64
quantization_by_artifact_class,Q4_K_M,rankcloak,word_count,119.79166666666667,116.0,21.67595416113252,117.16541666666667,122.35020833333333,120,60,2000,payload_name,,aes256_gcm_base64
quantization_by_artifact_class,Q4_K_M,rankcloak,unique_word_fraction,0.749716885427363,0.7521303258145363,0.0637314343569405,0.7393613422933423,0.7599681305787184,120,60,2000,payload_name,,aes256_gcm_base64
quantization_by_artifact_class,Q4_K_M,rankcloak,repeated_bigram_fraction,0.011654388104598219,0.00917508417508417,0.013395432038572314,0.009477584087490092,0.014008298180461908,120,60,2000,payload_name,,aes256_gcm_base64
quantization_by_artifact_class,Q4_K_M,rankcloak,surface_flag_total,2.775,2.0,2.3279900805471767,2.433333333333333,3.1666666666666665,120,60,2000,payload_name,,aes256_gcm_base64
quantization_by_artifact_class,Q4_K_M,rankcloak,saved_id_exact_payload_recovery,1.0,1.0,0.0,1.0,1.0,120,60,2000,payload_name,,chacha20_poly1305_base64
quantization_by_artifact_class,Q4_K_M,rankcloak,visible_text_exact_payload_recovery,0.7166666666666667,1.0,0.4525062483125562,0.6416666666666667,0.7916666666666666,120,60,2000,payload_name,,chacha20_poly1305_base64
quantization_by_artifact_class,Q4_K_M,rankcloak,mean_entropy_bits,3.2174360932810413,3.2062658792799104,0.512764938348592,3.120596100158594,3.326559887965994,120,60,2000,payload_name,,chacha20_poly1305_base64
quantization_by_artifact_class,Q4_K_M,rankcloak,mean_observed_rank,5.54030138279727,5.308091191520468,1.2439976589054307,5.500738665783382,5.578514416194566,120,60,2000,payload_name,,chacha20_poly1305_base64
quantization_by_artifact_class,Q4_K_M,rankcloak,mean_token_surprisal_nats,4.034788875036385,4.0295872128762635,0.46378705352175753,3.990095871564794,4.079914464524453,120,60,2000,payload_name,,chacha20_poly1305_base64
quantization_by_artifact_class,Q4_K_M,rankcloak,mean_rank_pressure_log_probability_gap_nats,3.1271925364040043,3.059527659276773,0.49183863882111534,3.0599869707977714,3.1963219922865096,120,60,2000,payload_name,,chacha20_poly1305_base64
quantization_by_artifact_class,Q4_K_M,rankcloak,tail_rank_frequency_gt_100,0.0,0.0,0.0,0.0,0.0,120,60,2000,payload_name,,chacha20_poly1305_base64
quantization_by_artifact_class,Q4_K_M,rankcloak,word_count,120.54166666666667,115.5,21.396966655879734,118.20770833333333,122.74166666666666,120,60,2000,payload_name,,chacha20_poly1305_base64
quantization_by_artifact_class,Q4_K_M,rankcloak,unique_word_fraction,0.7496035629996814,0.753849798625918,0.06017549728404581,0.7403913606011734,0.7589024245264807,120,60,2000,payload_name,,chacha20_poly1305_base64
quantization_by_artifact_class,Q4_K_M,rankcloak,repeated_bigram_fraction,0.012569539304107234,0.00943732193732194,0.01290063702345747,0.01055282143513431,0.01468247681861415,120,60,2000,payload_name,,chacha20_poly1305_base64
quantization_by_artifact_class,Q4_K_M,rankcloak,surface_flag_total,2.908333333333333,2.0,1.991561328860009,2.575,3.2666666666666666,120,60,2000,payload_name,,chacha20_poly1305_base64
quantization_by_artifact_class,Q4_K_M,rankcloak,saved_id_exact_payload_recovery,1.0,1.0,0.0,1.0,1.0,120,60,2000,payload_name,,ed25519_signature_base64
quantization_by_artifact_class,Q4_K_M,rankcloak,visible_text_exact_payload_recovery,0.65,1.0,0.4789694820193478,0.5666666666666667,0.7416666666666667,120,60,2000,payload_name,,ed25519_signature_base64
quantization_by_artifact_class,Q4_K_M,rankcloak,mean_entropy_bits,3.3636465574070527,3.3270245329499133,0.5369127940882132,3.2502633072180114,3.4798711285674275,120,60,2000,payload_name,,ed25519_signature_base64
quantization_by_artifact_class,Q4_K_M,rankcloak,mean_observed_rank,5.545433792714378,5.471893133462283,1.2528913863928628,5.507605098525145,5.584065819431012,120,60,2000,payload_name,,ed25519_signature_base64
quantization_by_artifact_class,Q4_K_M,rankcloak,mean_token_surprisal_nats,3.9451899411321003,3.9296938526109897,0.4438033493660033,3.8989757872998854,3.9920301650351124,120,60,2000,payload_name,,ed25519_signature_base64
quantization_by_artifact_class,Q4_K_M,rankcloak,mean_rank_pressure_log_probability_gap_nats,2.9978886019311206,2.9668715659608234,0.4772209466036425,2.9244728555967687,3.0658580260738435,120,60,2000,payload_name,,ed25519_signature_base64
quantization_by_artifact_class,Q4_K_M,rankcloak,tail_rank_frequency_gt_100,0.0,0.0,0.0,0.0,0.0,120,60,2000,payload_name,,ed25519_signature_base64
quantization_by_artifact_class,Q4_K_M,rankcloak,word_count,163.425,157.0,32.25545683753865,159.37479166666668,166.93354166666666,120,60,2000,payload_name,,ed25519_signature_base64
quantization_by_artifact_class,Q4_K_M,rankcloak,unique_word_fraction,0.7025042797349701,0.696980441922962,0.06731328097077262,0.6919776888002903,0.7135014111477704,120,60,2000,payload_name,,ed25519_signature_base64
quantization_by_artifact_class,Q4_K_M,rankcloak,repeated_bigram_fraction,0.015490264761711458,0.009976613424889258,0.01617990573508573,0.012943664506285962,0.018150318750512897,120,60,2000,payload_name,,ed25519_signature_base64
quantization_by_artifact_class,Q4_K_M,rankcloak,surface_flag_total,3.9166666666666665,3.0,3.3571279575329416,3.3666666666666667,4.575208333333332,120,60,2000,payload_name,,ed25519_signature_base64
quantization_by_artifact_class,Q4_K_M,rankcloak,saved_id_exact_payload_recovery,1.0,1.0,0.0,1.0,1.0,120,60,2000,payload_name,,hmac_sha256_hex
quantization_by_artifact_class,Q4_K_M,rankcloak,visible_text_exact_payload_recovery,0.7583333333333333,1.0,0.4298882663770058,0.675,0.8416666666666667,120,60,2000,payload_name,,hmac_sha256_hex
quantization_by_artifact_class,Q4_K_M,rankcloak,mean_entropy_bits,3.035559719331931,2.953769631155737,0.5022649980840639,2.92605649278505,3.1475021612345735,120,60,2000,payload_name,,hmac_sha256_hex
quantization_by_artifact_class,Q4_K_M,rankcloak,mean_observed_rank,4.581593034234893,4.5358187134502925,0.5545608642992742,4.551941760325293,4.611257319459675,120,60,2000,payload_name,,hmac_sha256_hex
quantization_by_artifact_class,Q4_K_M,rankcloak,mean_token_surprisal_nats,3.780837328682942,3.7519964929040093,0.3610561046445881,3.736976341292808,3.8254159104588856,120,60,2000,payload_name,,hmac_sha256_hex
quantization_by_artifact_class,Q4_K_M,rankcloak,mean_rank_pressure_log_probability_gap_nats,2.921753248330351,2.9024183694273233,0.413854533317718,2.8584171700041665,2.9893539238647837,120,60,2000,payload_name,,hmac_sha256_hex
quantization_by_artifact_class,Q4_K_M,rankcloak,tail_rank_frequency_gt_100,0.0,0.0,0.0,0.0,0.0,120,60,2000,payload_name,,hmac_sha256_hex
quantization_by_artifact_class,Q4_K_M,rankcloak,word_count,117.55,116.0,22.131710395765097,114.4,120.46666666666667,120,60,2000,payload_name,,hmac_sha256_hex
quantization_by_artifact_class,Q4_K_M,rankcloak,unique_word_fraction,0.7484840264564611,0.7554239877769289,0.06307359835274173,0.7380396639828264,0.7590218179916033,120,60,2000,payload_name,,hmac_sha256_hex
quantization_by_artifact_class,Q4_K_M,rankcloak,repeated_bigram_fraction,0.012937143589862555,0.010310374149659851,0.013131432606766436,0.010710170956026796,0.015280033370068587,120,60,2000,payload_name,,hmac_sha256_hex
quantization_by_artifact_class,Q4_K_M,rankcloak,surface_flag_total,2.925,2.0,2.54096686421567,2.5,3.4,120,60,2000,payload_name,,hmac_sha256_hex
quantization_by_artifact_class,Q4_K_M,rankcloak,saved_id_exact_payload_recovery,1.0,1.0,0.0,1.0,1.0,120,60,2000,payload_name,,nonce_96_bit_hex
quantization_by_artifact_class,Q4_K_M,rankcloak,visible_text_exact_payload_recovery,0.8583333333333333,1.0,0.3501700267285131,0.8,0.9166666666666666,120,60,2000,payload_name,,nonce_96_bit_hex
quantization_by_artifact_class,Q4_K_M,rankcloak,mean_entropy_bits,2.4837808099595753,2.4372461650407624,0.5059365814114639,2.370019198852391,2.6009014543402893,120,60,2000,payload_name,,nonce_96_bit_hex
quantization_by_artifact_class,Q4_K_M,rankcloak,mean_observed_rank,4.571223958333333,4.520833333333334,0.576129805348037,4.524172092013889,4.621094835069444,120,60,2000,payload_name,,nonce_96_bit_hex
quantization_by_artifact_class,Q4_K_M,rankcloak,mean_token_surprisal_nats,4.134027971501003,4.0506592897309694,0.5631784387054228,4.049366608067922,4.226276918026591,120,60,2000,payload_name,,nonce_96_bit_hex
quantization_by_artifact_class,Q4_K_M,rankcloak,mean_rank_pressure_log_probability_gap_nats,3.419375186951624,3.2801229804754257,0.6489631092716445,3.3054726153161997,3.5277615312874935,120,60,2000,payload_name,,nonce_96_bit_hex
quantization_by_artifact_class,Q4_K_M,rankcloak,tail_rank_frequency_gt_100,0.0,0.0,0.0,0.0,0.0,120,60,2000,payload_name,,nonce_96_bit_hex
quantization_by_artifact_class,Q4_K_M,rankcloak,word_count,44.55,45.0,10.495977620902561,42.758125,46.083333333333336,120,60,2000,payload_name,,nonce_96_bit_hex
quantization_by_artifact_class,Q4_K_M,rankcloak,unique_word_fraction,0.8812342054723918,0.8867521367521367,0.0626509258985307,0.8710932357708269,0.8911840779030455,120,60,2000,payload_name,,nonce_96_bit_hex
quantization_by_artifact_class,Q4_K_M,rankcloak,repeated_bigram_fraction,0.0035148734498520184,0.0,0.008713702305886835,0.0021257793854153684,0.005012631028980913,120,60,2000,payload_name,,nonce_96_bit_hex
quantization_by_artifact_class,Q4_K_M,rankcloak,surface_flag_total,1.5083333333333333,1.0,1.0451635980930027,1.325,1.7166666666666666,120,60,2000,payload_name,,nonce_96_bit_hex
quantization_by_artifact_class,Q4_K_M,rankcloak,saved_id_exact_payload_recovery,1.0,1.0,0.0,1.0,1.0,120,60,2000,payload_name,,sha256_hex
quantization_by_artifact_class,Q4_K_M,rankcloak,visible_text_exact_payload_recovery,0.7,1.0,0.4601789933084222,0.6166666666666667,0.7833333333333333,120,60,2000,payload_name,,sha256_hex
quantization_by_artifact_class,Q4_K_M,rankcloak,mean_entropy_bits,3.0653458469940116,3.0709570537339648,0.45980040905832115,2.964307386552438,3.168714602895693,120,60,2000,payload_name,,sha256_hex
quantization_by_artifact_class,Q4_K_M,rankcloak,mean_observed_rank,4.575174753289474,4.485060307017544,0.5593818668967847,4.543985336333455,4.606495149549221,120,60,2000,payload_name,,sha256_hex
quantization_by_artifact_class,Q4_K_M,rankcloak,mean_token_surprisal_nats,3.7425356911842473,3.729019721668664,0.3765053103967128,3.7040570047877805,3.780559632359242,120,60,2000,payload_name,,sha256_hex
quantization_by_artifact_class,Q4_K_M,rankcloak,mean_rank_pressure_log_probability_gap_nats,2.8703991746010717,2.845953229607807,0.43407490686781763,2.8054487641690997,2.931612730283244,120,60,2000,payload_name,,sha256_hex
quantization_by_artifact_class,Q4_K_M,rankcloak,tail_rank_frequency_gt_100,0.0,0.0,0.0,0.0,0.0,120,60,2000,payload_name,,sha256_hex
quantization_by_artifact_class,Q4_K_M,rankcloak,word_count,120.91666666666667,115.5,21.41097783822111,118.2,123.45833333333333,120,60,2000,payload_name,,sha256_hex
quantization_by_artifact_class,Q4_K_M,rankcloak,unique_word_fraction,0.7421695513650199,0.735271467077397,0.06651905154170715,0.7326738203226975,0.7521295692699129,120,60,2000,payload_name,,sha256_hex
quantization_by_artifact_class,Q4_K_M,rankcloak,repeated_bigram_fraction,0.013745612882750342,0.010050505050505032,0.013615295304515244,0.011649611884604326,0.016048745239880882,120,60,2000,payload_name,,sha256_hex
quantization_by_artifact_class,Q4_K_M,rankcloak,surface_flag_total,2.675,2.0,2.025727382589135,2.3,3.1,120,60,2000,payload_name,,sha256_hex
quantization_by_artifact_class,Q4_K_M,rankcloak,saved_id_exact_payload_recovery,1.0,1.0,0.0,1.0,1.0,120,60,2000,payload_name,,token_128_bit_hex
quantization_by_artifact_class,Q4_K_M,rankcloak,visible_text_exact_payload_recovery,0.8583333333333333,1.0,0.3501700267285131,0.8,0.9083333333333333,120,60,2000,payload_name,,token_128_bit_hex
quantization_by_artifact_class,Q4_K_M,rankcloak,mean_entropy_bits,2.7372838536293043,2.633215014420408,0.5258983276158213,2.6193730026675013,2.8504411474079574,120,60,2000,payload_name,,token_128_bit_hex
quantization_by_artifact_class,Q4_K_M,rankcloak,mean_observed_rank,4.586464389534884,4.440406976744185,0.598932356141733,4.55040417575097,4.620907521802325,120,60,2000,payload_name,,token_128_bit_hex
quantization_by_artifact_class,Q4_K_M,rankcloak,mean_token_surprisal_nats,3.9237056983265766,3.822018599986674,0.48417973204539855,3.85784755290573,3.9879806475476482,120,60,2000,payload_name,,token_128_bit_hex
quantization_by_artifact_class,Q4_K_M,rankcloak,mean_rank_pressure_log_probability_gap_nats,3.1438451243203507,3.048572081639323,0.569054753879196,3.049234600148034,3.235802637884798,120,60,2000,payload_name,,token_128_bit_hex
quantization_by_artifact_class,Q4_K_M,rankcloak,tail_rank_frequency_gt_100,0.0,0.0,0.0,0.0,0.0,120,60,2000,payload_name,,token_128_bit_hex
quantization_by_artifact_class,Q4_K_M,rankcloak,word_count,60.266666666666666,58.5,11.346145336879934,58.558125,61.65,120,60,2000,payload_name,,token_128_bit_hex
quantization_by_artifact_class,Q4_K_M,rankcloak,unique_word_fraction,0.8382066046002161,0.8421052631578947,0.06666992641864522,0.8265235362622447,0.8505110663568285,120,60,2000,payload_name,,token_128_bit_hex
quantization_by_artifact_class,Q4_K_M,rankcloak,repeated_bigram_fraction,0.007091382688969857,0.0,0.012594380029937517,0.005143985944559958,0.009175072500469467,120,60,2000,payload_name,,token_128_bit_hex
quantization_by_artifact_class,Q4_K_M,rankcloak,surface_flag_total,1.7166666666666666,1.0,1.2911029311063795,1.4916666666666667,1.975,120,60,2000,payload_name,,token_128_bit_hex
quantization_by_artifact_class,Q4_K_M,rankcloak,saved_id_exact_payload_recovery,1.0,1.0,0.0,1.0,1.0,120,60,2000,payload_name,,uuid_v4
quantization_by_artifact_class,Q4_K_M,rankcloak,visible_text_exact_payload_recovery,0.8,1.0,0.4016771562027471,0.725,0.8666666666666667,120,60,2000,payload_name,,uuid_v4
quantization_by_artifact_class,Q4_K_M,rankcloak,mean_entropy_bits,2.7679740644259336,2.6789799909793177,0.5171202755897084,2.6660549305518515,2.885167197379658,120,60,2000,payload_name,,uuid_v4
quantization_by_artifact_class,Q4_K_M,rankcloak,mean_observed_rank,4.831105324074074,4.651041666666666,0.725690437065547,4.78726490162037,4.874567418981482,120,60,2000,payload_name,,uuid_v4
quantization_by_artifact_class,Q4_K_M,rankcloak,mean_token_surprisal_nats,4.002105761968196,3.9263185177217386,0.4735934479085042,3.9432419317029064,4.0633320683412535,120,60,2000,payload_name,,uuid_v4
quantization_by_artifact_class,Q4_K_M,rankcloak,mean_rank_pressure_log_probability_gap_nats,3.2116674470266813,3.154347052176793,0.5307143965058315,3.1304518411284388,3.295774622871023,120,60,2000,payload_name,,uuid_v4
quantization_by_artifact_class,Q4_K_M,rankcloak,tail_rank_frequency_gt_100,0.0,0.0,0.0,0.0,0.0,120,60,2000,payload_name,,uuid_v4
quantization_by_artifact_class,Q4_K_M,rankcloak,word_count,66.36666666666666,65.0,14.493077648308105,63.849583333333335,68.550625,120,60,2000,payload_name,,uuid_v4
quantization_by_artifact_class,Q4_K_M,rankcloak,unique_word_fraction,0.8369975483421689,0.8359900373599003,0.0685341399376936,0.8248058585725363,0.8510141949470409,120,60,2000,payload_name,,uuid_v4
quantization_by_artifact_class,Q4_K_M,rankcloak,repeated_bigram_fraction,0.006308543392380136,0.0,0.01315173276099822,0.003974877112800403,0.009079662769130184,120,60,2000,payload_name,,uuid_v4
quantization_by_artifact_class,Q4_K_M,rankcloak,surface_flag_total,1.775,2.0,1.1035656495456638,1.5914583333333332,1.9916666666666667,120,60,2000,payload_name,,uuid_v4
quantization_by_artifact_class,Q8_0,ordinary_control,mean_entropy_bits,1.5066521656857668,1.4676643230969704,0.40535905990161886,1.413532524395875,1.606129561328785,120,60,2000,payload_name,,aes256_gcm_base64
quantization_by_artifact_class,Q8_0,ordinary_control,mean_observed_rank,1.5869974415204677,1.4780473318713452,0.39284315148052157,1.5182183254903752,1.665526382416545,120,60,2000,payload_name,,aes256_gcm_base64
quantization_by_artifact_class,Q8_0,ordinary_control,mean_token_surprisal_nats,0.7084078851307134,0.6790181784614262,0.19096455314323993,0.6656714135772346,0.753077042804421,120,60,2000,payload_name,,aes256_gcm_base64
quantization_by_artifact_class,Q8_0,ordinary_control,mean_rank_pressure_log_probability_gap_nats,0.24394699347661136,0.23258567579657013,0.08296004253248651,0.226703282826168,0.2616346730456413,120,60,2000,payload_name,,aes256_gcm_base64
quantization_by_artifact_class,Q8_0,ordinary_control,tail_rank_frequency_gt_100,0.0001789412768031189,0.0,0.0011317661948455672,0.0,0.0004229867202729045,120,60,2000,payload_name,,aes256_gcm_base64
quantization_by_artifact_class,Q8_0,ordinary_control,word_count,117.275,111.5,20.253835615578033,114.31604166666666,120.0,120,60,2000,payload_name,,aes256_gcm_base64
quantization_by_artifact_class,Q8_0,ordinary_control,unique_word_fraction,0.6819169505900642,0.6884101941747574,0.06720890120537916,0.6688550382633743,0.6957092096482332,120,60,2000,payload_name,,aes256_gcm_base64
quantization_by_artifact_class,Q8_0,ordinary_control,repeated_bigram_fraction,0.05256084554752453,0.043010752688172005,0.038642338809093235,0.04495012684915084,0.06006883286337518,120,60,2000,payload_name,,aes256_gcm_base64
quantization_by_artifact_class,Q8_0,ordinary_control,surface_flag_total,1.225,1.0,0.9209284682848494,1.083125,1.4083333333333334,120,60,2000,payload_name,,aes256_gcm_base64
quantization_by_artifact_class,Q8_0,ordinary_control,mean_entropy_bits,1.488983941692555,1.4290427832887134,0.43166151491113847,1.390545515866552,1.5895903460487206,120,60,2000,payload_name,,chacha20_poly1305_base64
quantization_by_artifact_class,Q8_0,ordinary_control,mean_observed_rank,1.548790813840156,1.4912280701754386,0.2892535751463345,1.4861856858400342,1.6199517239278751,120,60,2000,payload_name,,chacha20_poly1305_base64
quantization_by_artifact_class,Q8_0,ordinary_control,mean_token_surprisal_nats,0.7048786434634181,0.6858492364566503,0.20257240033120055,0.6553396094427403,0.7544058205944746,120,60,2000,payload_name,,chacha20_poly1305_base64
quantization_by_artifact_class,Q8_0,ordinary_control,mean_rank_pressure_log_probability_gap_nats,0.24607398509797704,0.23713338255272276,0.08409958889911813,0.2275514940518094,0.26512231699231886,120,60,2000,payload_name,,chacha20_poly1305_base64
quantization_by_artifact_class,Q8_0,ordinary_control,tail_rank_frequency_gt_100,4.8732943469785574e-05,0.0,0.0005338426486405126,0.0,0.00014619883040935673,120,60,2000,payload_name,,chacha20_poly1305_base64
quantization_by_artifact_class,Q8_0,ordinary_control,word_count,118.00833333333334,112.0,19.718393849966812,115.54104166666667,120.2,120,60,2000,payload_name,,chacha20_poly1305_base64
quantization_by_artifact_class,Q8_0,ordinary_control,unique_word_fraction,0.6792052783254213,0.6847689075630252,0.05855450440475802,0.6672982921102028,0.6911015396522425,120,60,2000,payload_name,,chacha20_poly1305_base64
quantization_by_artifact_class,Q8_0,ordinary_control,repeated_bigram_fraction,0.05120023275558156,0.03908396946564885,0.04492745015084405,0.04341376072869096,0.06020843223091118,120,60,2000,payload_name,,chacha20_poly1305_base64
quantization_by_artifact_class,Q8_0,ordinary_control,surface_flag_total,1.225,1.0,0.7271736468031842,1.1,1.3583333333333334,120,60,2000,payload_name,,chacha20_poly1305_base64
quantization_by_artifact_class,Q8_0,ordinary_control,mean_entropy_bits,1.4934039475096506,1.4155561026654384,0.4620233779850727,1.3916266946764784,1.602959014965072,120,60,2000,payload_name,,ed25519_signature_base64
quantization_by_artifact_class,Q8_0,ordinary_control,mean_observed_rank,1.5555381608639587,1.4715909090909092,0.3122108638635684,1.486822025104771,1.6263987397243713,120,60,2000,payload_name,,ed25519_signature_base64
quantization_by_artifact_class,Q8_0,ordinary_control,mean_token_surprisal_nats,0.7021594100531663,0.6808974364734226,0.2113414657732667,0.6537273325856298,0.751982789379573,120,60,2000,payload_name,,ed25519_signature_base64
quantization_by_artifact_class,Q8_0,ordinary_control,mean_rank_pressure_log_probability_gap_nats,0.24569906822544463,0.24125303714833363,0.08365562742747329,0.2266331792767493,0.2646923480497482,120,60,2000,payload_name,,ed25519_signature_base64
quantization_by_artifact_class,Q8_0,ordinary_control,tail_rank_frequency_gt_100,0.0,0.0,0.0,0.0,0.0,120,60,2000,payload_name,,ed25519_signature_base64
quantization_by_artifact_class,Q8_0,ordinary_control,word_count,160.875,155.0,27.053498973749942,157.40833333333333,163.98375,120,60,2000,payload_name,,ed25519_signature_base64
quantization_by_artifact_class,Q8_0,ordinary_control,unique_word_fraction,0.6342041112737532,0.6341576431567653,0.06243099466409487,0.6216016170192806,0.6465006420025827,120,60,2000,payload_name,,ed25519_signature_base64
quantization_by_artifact_class,Q8_0,ordinary_control,repeated_bigram_fraction,0.06296793990390201,0.05319750990379174,0.045844999913486485,0.055297020519418545,0.07182029068156323,120,60,2000,payload_name,,ed25519_signature_base64
quantization_by_artifact_class,Q8_0,ordinary_control,surface_flag_total,1.5,1.0,1.6192123824550622,1.2333333333333334,1.8,120,60,2000,payload_name,,ed25519_signature_base64
quantization_by_artifact_class,Q8_0,ordinary_control,mean_entropy_bits,1.4973655204499687,1.390361847909344,0.46685873880973267,1.388112410098864,1.6156759689589466,120,60,2000,payload_name,,hmac_sha256_hex
quantization_by_artifact_class,Q8_0,ordinary_control,mean_observed_rank,1.5524313170077975,1.4819535818713452,0.34302699712136697,1.4849957644219056,1.6339029472009012,120,60,2000,payload_name,,hmac_sha256_hex
quantization_by_artifact_class,Q8_0,ordinary_control,mean_token_surprisal_nats,0.7085145054963148,0.6804495985992411,0.22189051688366845,0.6564071582823701,0.7603175205029226,120,60,2000,payload_name,,hmac_sha256_hex
quantization_by_artifact_class,Q8_0,ordinary_control,mean_rank_pressure_log_probability_gap_nats,0.24956329604592647,0.24311308153191505,0.09259702852161672,0.230109484131615,0.2707655227554101,120,60,2000,payload_name,,hmac_sha256_hex
quantization_by_artifact_class,Q8_0,ordinary_control,tail_rank_frequency_gt_100,0.0,0.0,0.0,0.0,0.0,120,60,2000,payload_name,,hmac_sha256_hex
quantization_by_artifact_class,Q8_0,ordinary_control,word_count,117.58333333333333,112.5,20.558007020649267,114.88229166666667,119.99229166666666,120,60,2000,payload_name,,hmac_sha256_hex
quantization_by_artifact_class,Q8_0,ordinary_control,unique_word_fraction,0.6792479264251019,0.6850486470051688,0.06740175967555784,0.6654658151124042,0.6928232602012754,120,60,2000,payload_name,,hmac_sha256_hex
quantization_by_artifact_class,Q8_0,ordinary_control,repeated_bigram_fraction,0.0511687459292834,0.045836543175292344,0.03951942422362995,0.043900868571925426,0.05884817895052061,120,60,2000,payload_name,,hmac_sha256_hex
quantization_by_artifact_class,Q8_0,ordinary_control,surface_flag_total,1.3083333333333333,1.0,1.0908005951480546,1.1166666666666667,1.5083333333333333,120,60,2000,payload_name,,hmac_sha256_hex
quantization_by_artifact_class,Q8_0,ordinary_control,mean_entropy_bits,1.6342979484675622,1.5790782754192854,0.48445572450013813,1.525103933603668,1.7430260927632262,120,60,2000,payload_name,,nonce_96_bit_hex
quantization_by_artifact_class,Q8_0,ordinary_control,mean_observed_rank,1.6133680555555556,1.5,0.38205421879753654,1.5426562500000003,1.6993055555555556,120,60,2000,payload_name,,nonce_96_bit_hex
quantization_by_artifact_class,Q8_0,ordinary_control,mean_token_surprisal_nats,0.7554473332176502,0.7452265521433777,0.230246279537554,0.7071892548039128,0.8057459445817133,120,60,2000,payload_name,,nonce_96_bit_hex
quantization_by_artifact_class,Q8_0,ordinary_control,mean_rank_pressure_log_probability_gap_nats,0.2553726921478907,0.24462871253490448,0.10555226219822628,0.23331459355644057,0.27783510878475176,120,60,2000,payload_name,,nonce_96_bit_hex
quantization_by_artifact_class,Q8_0,ordinary_control,tail_rank_frequency_gt_100,0.0,0.0,0.0,0.0,0.0,120,60,2000,payload_name,,nonce_96_bit_hex
quantization_by_artifact_class,Q8_0,ordinary_control,word_count,45.766666666666666,43.0,7.351594274397231,44.908125,46.566875,120,60,2000,payload_name,,nonce_96_bit_hex
quantization_by_artifact_class,Q8_0,ordinary_control,unique_word_fraction,0.8072471079803968,0.8082706766917294,0.06755039838214837,0.7938098903728367,0.8212290900879774,120,60,2000,payload_name,,nonce_96_bit_hex
quantization_by_artifact_class,Q8_0,ordinary_control,repeated_bigram_fraction,0.029109999846333067,0.018181818181818188,0.04088488707110852,0.021779334495510352,0.03739949297990365,120,60,2000,payload_name,,nonce_96_bit_hex
quantization_by_artifact_class,Q8_0,ordinary_control,surface_flag_total,0.975,1.0,0.20343685659646027,0.9416666666666667,1.0083333333333333,120,60,2000,payload_name,,nonce_96_bit_hex
quantization_by_artifact_class,Q8_0,ordinary_control,mean_entropy_bits,1.489350489137539,1.427084350067942,0.4156016213002289,1.393865874807677,1.5860211920823344,120,60,2000,payload_name,,sha256_hex
quantization_by_artifact_class,Q8_0,ordinary_control,mean_observed_rank,1.5416662859405459,1.4795321637426901,0.29474999270140073,1.47889424760904,1.6065647082115009,120,60,2000,payload_name,,sha256_hex
quantization_by_artifact_class,Q8_0,ordinary_control,mean_token_surprisal_nats,0.70125189716254,0.6759508183147077,0.19076492986737814,0.6577478727005763,0.7475062051302475,120,60,2000,payload_name,,sha256_hex
quantization_by_artifact_class,Q8_0,ordinary_control,mean_rank_pressure_log_probability_gap_nats,0.24337948714519103,0.2321751494156687,0.08141399209334876,0.2264304931184865,0.2611720835064496,120,60,2000,payload_name,,sha256_hex
quantization_by_artifact_class,Q8_0,ordinary_control,tail_rank_frequency_gt_100,0.0,0.0,0.0,0.0,0.0,120,60,2000,payload_name,,sha256_hex
quantization_by_artifact_class,Q8_0,ordinary_control,word_count,118.94166666666666,114.5,19.915491978062988,116.67479166666666,121.016875,120,60,2000,payload_name,,sha256_hex
quantization_by_artifact_class,Q8_0,ordinary_control,unique_word_fraction,0.6784364140286515,0.6748161399324191,0.05927951297358651,0.6679961348503772,0.6891315581916,120,60,2000,payload_name,,sha256_hex
quantization_by_artifact_class,Q8_0,ordinary_control,repeated_bigram_fraction,0.04878387039781085,0.04210526315789476,0.03724925535782183,0.04222830739513295,0.05575778249355649,120,60,2000,payload_name,,sha256_hex
quantization_by_artifact_class,Q8_0,ordinary_control,surface_flag_total,1.3833333333333333,1.0,1.4093525143852128,1.15,1.6583333333333334,120,60,2000,payload_name,,sha256_hex
quantization_by_artifact_class,Q8_0,ordinary_control,mean_entropy_bits,1.5445411852877022,1.4948360875252171,0.4163237303223498,1.4528202545909268,1.6457640580027966,120,60,2000,payload_name,,token_128_bit_hex
quantization_by_artifact_class,Q8_0,ordinary_control,mean_observed_rank,1.6014232073643413,1.494186046511628,0.3591067517862974,1.5263609041908914,1.6783158460513565,120,60,2000,payload_name,,token_128_bit_hex
quantization_by_artifact_class,Q8_0,ordinary_control,mean_token_surprisal_nats,0.7304900512082526,0.70254484089964,0.2076408241005106,0.6870908491548937,0.7793108970354804,120,60,2000,payload_name,,token_128_bit_hex
quantization_by_artifact_class,Q8_0,ordinary_control,mean_rank_pressure_log_probability_gap_nats,0.2529002793393163,0.23371991515159607,0.0985159130342824,0.23117779778027836,0.2741851651446908,120,60,2000,payload_name,,token_128_bit_hex
quantization_by_artifact_class,Q8_0,ordinary_control,tail_rank_frequency_gt_100,0.0,0.0,0.0,0.0,0.0,120,60,2000,payload_name,,token_128_bit_hex
quantization_by_artifact_class,Q8_0,ordinary_control,word_count,60.916666666666664,57.5,10.56598580457162,59.72479166666667,62.066875,120,60,2000,payload_name,,token_128_bit_hex
quantization_by_artifact_class,Q8_0,ordinary_control,unique_word_fraction,0.7629628515063461,0.7653316645807259,0.06721963504706178,0.7505918094107443,0.7757472181836972,120,60,2000,payload_name,,token_128_bit_hex
quantization_by_artifact_class,Q8_0,ordinary_control,repeated_bigram_fraction,0.03865791402862917,0.029198635976129594,0.03706966272702919,0.03178490504119555,0.046064872504729244,120,60,2000,payload_name,,token_128_bit_hex
quantization_by_artifact_class,Q8_0,ordinary_control,surface_flag_total,1.025,1.0,0.30299624203787684,0.9666666666666667,1.0833333333333333,120,60,2000,payload_name,,token_128_bit_hex
quantization_by_artifact_class,Q8_0,ordinary_control,mean_entropy_bits,1.5695753030747113,1.4752375332970553,0.4611192653265709,1.4624224537361719,1.6823785024577669,120,60,2000,payload_name,,uuid_v4
quantization_by_artifact_class,Q8_0,ordinary_control,mean_observed_rank,1.602951388888889,1.5,0.39298295613586676,1.5256908275462964,1.690695167824074,120,60,2000,payload_name,,uuid_v4
quantization_by_artifact_class,Q8_0,ordinary_control,mean_token_surprisal_nats,0.737530666062758,0.6983670930131842,0.21779285026643075,0.6868816317455727,0.787583597818019,120,60,2000,payload_name,,uuid_v4
quantization_by_artifact_class,Q8_0,ordinary_control,mean_rank_pressure_log_probability_gap_nats,0.2568438064444948,0.24278078476587933,0.0988472888206733,0.2353766306420719,0.2764306518338896,120,60,2000,payload_name,,uuid_v4
quantization_by_artifact_class,Q8_0,ordinary_control,tail_rank_frequency_gt_100,8.680555555555555e-05,0.0,0.0009509072178909133,0.0,0.00026041666666666666,120,60,2000,payload_name,,uuid_v4
quantization_by_artifact_class,Q8_0,ordinary_control,word_count,67.23333333333333,62.5,11.704867430630193,65.74145833333333,68.525,120,60,2000,payload_name,,uuid_v4
quantization_by_artifact_class,Q8_0,ordinary_control,unique_word_fraction,0.7611396049653097,0.7590322580645161,0.06797093348823827,0.747849912498033,0.7739789691688695,120,60,2000,payload_name,,uuid_v4
quantization_by_artifact_class,Q8_0,ordinary_control,repeated_bigram_fraction,0.03295961950657747,0.021307452030343565,0.03406183321935155,0.02655174137435841,0.04003393079368899,120,60,2000,payload_name,,uuid_v4
quantization_by_artifact_class,Q8_0,ordinary_control,surface_flag_total,1.0666666666666667,1.0,0.4976133515281193,0.975,1.1666666666666667,120,60,2000,payload_name,,uuid_v4
quantization_by_artifact_class,Q8_0,rankcloak,saved_id_exact_payload_recovery,1.0,1.0,0.0,1.0,1.0,120,60,2000,payload_name,,aes256_gcm_base64
quantization_by_artifact_class,Q8_0,rankcloak,visible_text_exact_payload_recovery,0.6833333333333333,1.0,0.4671266240679986,0.6083333333333333,0.7583333333333333,120,60,2000,payload_name,,aes256_gcm_base64
quantization_by_artifact_class,Q8_0,rankcloak,mean_entropy_bits,3.1490451945271545,3.1140540796382377,0.5383124603390118,3.043243023903616,3.2628739802701983,120,60,2000,payload_name,,aes256_gcm_base64
quantization_by_artifact_class,Q8_0,rankcloak,mean_observed_rank,5.540526391934699,5.442708333333334,1.2635879931564131,5.494659040722467,5.588070613273635,120,60,2000,payload_name,,aes256_gcm_base64
quantization_by_artifact_class,Q8_0,rankcloak,mean_token_surprisal_nats,4.056652336185289,4.054794337073248,0.47874441997158246,4.0149004306180975,4.099097938562787,120,60,2000,payload_name,,aes256_gcm_base64
quantization_by_artifact_class,Q8_0,rankcloak,mean_rank_pressure_log_probability_gap_nats,3.167061206972822,3.1160340172766943,0.5170055927704753,3.0995277619907577,3.2371185235833395,120,60,2000,payload_name,,aes256_gcm_base64
quantization_by_artifact_class,Q8_0,rankcloak,tail_rank_frequency_gt_100,0.0,0.0,0.0,0.0,0.0,120,60,2000,payload_name,,aes256_gcm_base64
quantization_by_artifact_class,Q8_0,rankcloak,word_count,117.325,113.0,25.21809491068605,113.45833333333333,120.65833333333333,120,60,2000,payload_name,,aes256_gcm_base64
quantization_by_artifact_class,Q8_0,rankcloak,unique_word_fraction,0.7545109303253998,0.7391304347826086,0.07172428117134275,0.7432480834056487,0.7659325341171515,120,60,2000,payload_name,,aes256_gcm_base64
quantization_by_artifact_class,Q8_0,rankcloak,repeated_bigram_fraction,0.011136141731788504,0.008889064475347652,0.012612056378214666,0.008976326625768492,0.013536084190760873,120,60,2000,payload_name,,aes256_gcm_base64
quantization_by_artifact_class,Q8_0,rankcloak,surface_flag_total,3.5166666666666666,3.0,3.2357855496384955,2.908333333333333,4.216666666666667,120,60,2000,payload_name,,aes256_gcm_base64
quantization_by_artifact_class,Q8_0,rankcloak,saved_id_exact_payload_recovery,1.0,1.0,0.0,1.0,1.0,120,60,2000,payload_name,,chacha20_poly1305_base64
quantization_by_artifact_class,Q8_0,rankcloak,visible_text_exact_payload_recovery,0.7333333333333333,1.0,0.44407080466049637,0.65,0.8166666666666667,120,60,2000,payload_name,,chacha20_poly1305_base64
quantization_by_artifact_class,Q8_0,rankcloak,mean_entropy_bits,3.1225068757136203,3.061119768696866,0.5153865523888846,3.026663098636566,3.220214282879905,120,60,2000,payload_name,,chacha20_poly1305_base64
quantization_by_artifact_class,Q8_0,rankcloak,mean_observed_rank,5.54030138279727,5.308091191520468,1.2439976589054307,5.503753321835404,5.577697216130605,120,60,2000,payload_name,,chacha20_poly1305_base64
quantization_by_artifact_class,Q8_0,rankcloak,mean_token_surprisal_nats,4.052100761014676,4.093162975084219,0.4070287854476005,4.009185048064861,4.095584566158509,120,60,2000,payload_name,,chacha20_poly1305_base64
quantization_by_artifact_class,Q8_0,rankcloak,mean_rank_pressure_log_probability_gap_nats,3.171223935976508,3.1759753320366144,0.4025223300290157,3.1063157511846144,3.231785296530024,120,60,2000,payload_name,,chacha20_poly1305_base64
quantization_by_artifact_class,Q8_0,rankcloak,tail_rank_frequency_gt_100,0.0,0.0,0.0,0.0,0.0,120,60,2000,payload_name,,chacha20_poly1305_base64
quantization_by_artifact_class,Q8_0,rankcloak,word_count,117.41666666666667,113.5,24.004055446343823,114.41541666666667,120.39208333333333,120,60,2000,payload_name,,chacha20_poly1305_base64
quantization_by_artifact_class,Q8_0,rankcloak,unique_word_fraction,0.7714952962321094,0.7671717171717172,0.062207815245655995,0.7612393787519306,0.7818204251962906,120,60,2000,payload_name,,chacha20_poly1305_base64
quantization_by_artifact_class,Q8_0,rankcloak,repeated_bigram_fraction,0.009275716223133298,0.008163401306144236,0.010018423440662564,0.007551684513762922,0.011008096309567178,120,60,2000,payload_name,,chacha20_poly1305_base64
quantization_by_artifact_class,Q8_0,rankcloak,surface_flag_total,3.1083333333333334,2.0,3.014797771367243,2.6164583333333336,3.6668749999999988,120,60,2000,payload_name,,chacha20_poly1305_base64
quantization_by_artifact_class,Q8_0,rankcloak,saved_id_exact_payload_recovery,1.0,1.0,0.0,1.0,1.0,120,60,2000,payload_name,,ed25519_signature_base64
quantization_by_artifact_class,Q8_0,rankcloak,visible_text_exact_payload_recovery,0.7666666666666667,1.0,0.42472597855881755,0.6916666666666667,0.8416666666666667,120,60,2000,payload_name,,ed25519_signature_base64
quantization_by_artifact_class,Q8_0,rankcloak,mean_entropy_bits,3.3234264292343196,3.2262610093021706,0.571291427779129,3.1999574991597495,3.450745190506233,120,60,2000,payload_name,,ed25519_signature_base64
quantization_by_artifact_class,Q8_0,rankcloak,mean_observed_rank,5.545433792714378,5.471893133462283,1.2528913863928628,5.507690502095421,5.58285810565764,120,60,2000,payload_name,,ed25519_signature_base64
quantization_by_artifact_class,Q8_0,rankcloak,mean_token_surprisal_nats,3.9519486668607797,3.9456767231913394,0.43242483979192786,3.91444497826333,3.9930197149748645,120,60,2000,payload_name,,ed25519_signature_base64
quantization_by_artifact_class,Q8_0,rankcloak,mean_rank_pressure_log_probability_gap_nats,3.0147667014712214,2.9508893516930668,0.46643454979895527,2.9483568535102718,3.0794824489286157,120,60,2000,payload_name,,ed25519_signature_base64
quantization_by_artifact_class,Q8_0,rankcloak,tail_rank_frequency_gt_100,0.0,0.0,0.0,0.0,0.0,120,60,2000,payload_name,,ed25519_signature_base64
quantization_by_artifact_class,Q8_0,rankcloak,word_count,159.725,159.5,40.71420426057015,154.16645833333334,164.74208333333334,120,60,2000,payload_name,,ed25519_signature_base64
quantization_by_artifact_class,Q8_0,rankcloak,unique_word_fraction,0.7141541477502241,0.7047930283224402,0.08014104298695349,0.7008258376752976,0.7276278696490338,120,60,2000,payload_name,,ed25519_signature_base64
quantization_by_artifact_class,Q8_0,rankcloak,repeated_bigram_fraction,0.015445259872054277,0.013158464268709646,0.013695460772170947,0.013150046616782781,0.017726650425219922,120,60,2000,payload_name,,ed25519_signature_base64
quantization_by_artifact_class,Q8_0,rankcloak,surface_flag_total,3.95,3.0,2.8041086302217386,3.4916666666666667,4.441666666666666,120,60,2000,payload_name,,ed25519_signature_base64
quantization_by_artifact_class,Q8_0,rankcloak,saved_id_exact_payload_recovery,1.0,1.0,0.0,1.0,1.0,120,60,2000,payload_name,,hmac_sha256_hex
quantization_by_artifact_class,Q8_0,rankcloak,visible_text_exact_payload_recovery,0.7333333333333333,1.0,0.44407080466049637,0.65,0.8083333333333333,120,60,2000,payload_name,,hmac_sha256_hex
quantization_by_artifact_class,Q8_0,rankcloak,mean_entropy_bits,2.9368489198815104,2.930077368820736,0.4495454488117365,2.8408380836491074,3.0324649789785427,120,60,2000,payload_name,,hmac_sha256_hex
quantization_by_artifact_class,Q8_0,rankcloak,mean_observed_rank,4.581593034234893,4.5358187134502925,0.5545608642992742,4.552470588907164,4.612210467303241,120,60,2000,payload_name,,hmac_sha256_hex
quantization_by_artifact_class,Q8_0,rankcloak,mean_token_surprisal_nats,3.7927775147434573,3.761963654944813,0.37306827863198,3.7490075571730195,3.8341231195256587,120,60,2000,payload_name,,hmac_sha256_hex
quantization_by_artifact_class,Q8_0,rankcloak,mean_rank_pressure_log_probability_gap_nats,2.959707682987323,2.949825879186392,0.4294841187672586,2.8963312196236406,3.023235154830371,120,60,2000,payload_name,,hmac_sha256_hex
quantization_by_artifact_class,Q8_0,rankcloak,tail_rank_frequency_gt_100,0.0,0.0,0.0,0.0,0.0,120,60,2000,payload_name,,hmac_sha256_hex
quantization_by_artifact_class,Q8_0,rankcloak,word_count,115.63333333333334,111.0,21.649978490230676,112.24145833333333,118.94166666666666,120,60,2000,payload_name,,hmac_sha256_hex
quantization_by_artifact_class,Q8_0,rankcloak,unique_word_fraction,0.7542030257957305,0.7524354487846401,0.061099256628400114,0.7426905504815633,0.7655738801257215,120,60,2000,payload_name,,hmac_sha256_hex
quantization_by_artifact_class,Q8_0,rankcloak,repeated_bigram_fraction,0.01195697048569142,0.009478885893980216,0.012332824680657257,0.00989600258855798,0.01391614807294248,120,60,2000,payload_name,,hmac_sha256_hex
quantization_by_artifact_class,Q8_0,rankcloak,surface_flag_total,2.9166666666666665,2.0,2.332032450490356,2.5416666666666665,3.3583333333333334,120,60,2000,payload_name,,hmac_sha256_hex
quantization_by_artifact_class,Q8_0,rankcloak,saved_id_exact_payload_recovery,1.0,1.0,0.0,1.0,1.0,120,60,2000,payload_name,,nonce_96_bit_hex
quantization_by_artifact_class,Q8_0,rankcloak,visible_text_exact_payload_recovery,0.9166666666666666,1.0,0.2775442529128102,0.8581249999999999,0.9666666666666667,120,60,2000,payload_name,,nonce_96_bit_hex
quantization_by_artifact_class,Q8_0,rankcloak,mean_entropy_bits,2.438165148470838,2.3761809736000377,0.4510959431826646,2.3418864690840864,2.5313753117970146,120,60,2000,payload_name,,nonce_96_bit_hex
quantization_by_artifact_class,Q8_0,rankcloak,mean_observed_rank,4.571223958333333,4.520833333333334,0.576129805348037,4.522957899305554,4.619754774305555,120,60,2000,payload_name,,nonce_96_bit_hex
quantization_by_artifact_class,Q8_0,rankcloak,mean_token_surprisal_nats,4.128037112168647,4.0915684779451444,0.5992613515754857,4.036733522276605,4.223764888866054,120,60,2000,payload_name,,nonce_96_bit_hex
quantization_by_artifact_class,Q8_0,rankcloak,mean_rank_pressure_log_probability_gap_nats,3.4224041784389154,3.3533434197306633,0.6814157572993769,3.3067732291409953,3.534342243011213,120,60,2000,payload_name,,nonce_96_bit_hex
quantization_by_artifact_class,Q8_0,rankcloak,tail_rank_frequency_gt_100,0.0,0.0,0.0,0.0,0.0,120,60,2000,payload_name,,nonce_96_bit_hex
quantization_by_artifact_class,Q8_0,rankcloak,word_count,44.63333333333333,43.0,9.561770284857932,43.483333333333334,45.74166666666667,120,60,2000,payload_name,,nonce_96_bit_hex
quantization_by_artifact_class,Q8_0,rankcloak,unique_word_fraction,0.8824651420790822,0.8834841628959276,0.06009688314384227,0.8727014952358271,0.8922823028455305,120,60,2000,payload_name,,nonce_96_bit_hex
quantization_by_artifact_class,Q8_0,rankcloak,repeated_bigram_fraction,0.004453522689336916,0.0,0.011837459081811717,0.002531779797178382,0.0065787848186415745,120,60,2000,payload_name,,nonce_96_bit_hex
quantization_by_artifact_class,Q8_0,rankcloak,surface_flag_total,1.4666666666666666,1.0,0.7439767473249578,1.3333333333333333,1.6166666666666667,120,60,2000,payload_name,,nonce_96_bit_hex
quantization_by_artifact_class,Q8_0,rankcloak,saved_id_exact_payload_recovery,1.0,1.0,0.0,1.0,1.0,120,60,2000,payload_name,,sha256_hex
quantization_by_artifact_class,Q8_0,rankcloak,visible_text_exact_payload_recovery,0.7833333333333333,1.0,0.4137009298802136,0.7166666666666667,0.85,120,60,2000,payload_name,,sha256_hex
quantization_by_artifact_class,Q8_0,rankcloak,mean_entropy_bits,2.955718089460509,2.8840669560531644,0.4513277207543732,2.8626317277281808,3.0594952900447723,120,60,2000,payload_name,,sha256_hex
quantization_by_artifact_class,Q8_0,rankcloak,mean_observed_rank,4.575174753289474,4.485060307017544,0.5593818668967847,4.544016689129507,4.606308384350633,120,60,2000,payload_name,,sha256_hex
quantization_by_artifact_class,Q8_0,rankcloak,mean_token_surprisal_nats,3.7976256460316686,3.780133885251252,0.376354153157454,3.7538715352229834,3.8436227045635305,120,60,2000,payload_name,,sha256_hex
quantization_by_artifact_class,Q8_0,rankcloak,mean_rank_pressure_log_probability_gap_nats,2.952838572055341,2.903639990836382,0.42240733467858055,2.888575890758093,3.0151690524737855,120,60,2000,payload_name,,sha256_hex
quantization_by_artifact_class,Q8_0,rankcloak,tail_rank_frequency_gt_100,0.0,0.0,0.0,0.0,0.0,120,60,2000,payload_name,,sha256_hex
quantization_by_artifact_class,Q8_0,rankcloak,word_count,118.96666666666667,117.0,24.37864244134429,115.46625,122.03354166666666,120,60,2000,payload_name,,sha256_hex
quantization_by_artifact_class,Q8_0,rankcloak,unique_word_fraction,0.7479859565487428,0.7476181834679249,0.06493802512773134,0.7351031124945893,0.7602645062084789,120,60,2000,payload_name,,sha256_hex
quantization_by_artifact_class,Q8_0,rankcloak,repeated_bigram_fraction,0.013861480823031503,0.00995049504950496,0.013648521400428847,0.011502718182183017,0.016293535211626787,120,60,2000,payload_name,,sha256_hex
quantization_by_artifact_class,Q8_0,rankcloak,surface_flag_total,2.716666666666667,2.0,2.0423389677974013,2.3583333333333334,3.1,120,60,2000,payload_name,,sha256_hex
quantization_by_artifact_class,Q8_0,rankcloak,saved_id_exact_payload_recovery,1.0,1.0,0.0,1.0,1.0,120,60,2000,payload_name,,token_128_bit_hex
quantization_by_artifact_class,Q8_0,rankcloak,visible_text_exact_payload_recovery,0.875,1.0,0.3321055820775357,0.8166666666666667,0.9333333333333333,120,60,2000,payload_name,,token_128_bit_hex
quantization_by_artifact_class,Q8_0,rankcloak,mean_entropy_bits,2.5946408359831374,2.5412313125318464,0.46092132018512455,2.499998955182292,2.6980398633877782,120,60,2000,payload_name,,token_128_bit_hex
quantization_by_artifact_class,Q8_0,rankcloak,mean_observed_rank,4.586464389534884,4.440406976744185,0.598932356141733,4.55112312257752,4.622158960150195,120,60,2000,payload_name,,token_128_bit_hex
quantization_by_artifact_class,Q8_0,rankcloak,mean_token_surprisal_nats,4.020881150287418,3.9775104395930123,0.48461621175002784,3.9569785390241177,4.089991451404837,120,60,2000,payload_name,,token_128_bit_hex
quantization_by_artifact_class,Q8_0,rankcloak,mean_rank_pressure_log_probability_gap_nats,3.2725252004369167,3.236978253479614,0.554122955334381,3.1876573930159857,3.356760152299823,120,60,2000,payload_name,,token_128_bit_hex
quantization_by_artifact_class,Q8_0,rankcloak,tail_rank_frequency_gt_100,0.0,0.0,0.0,0.0,0.0,120,60,2000,payload_name,,token_128_bit_hex
quantization_by_artifact_class,Q8_0,rankcloak,word_count,59.958333333333336,58.0,11.221524809383931,58.5,61.35854166666667,120,60,2000,payload_name,,token_128_bit_hex
quantization_by_artifact_class,Q8_0,rankcloak,unique_word_fraction,0.8448074589941748,0.8473193473193473,0.06300044008534555,0.834120856927697,0.8553896177553741,120,60,2000,payload_name,,token_128_bit_hex
quantization_by_artifact_class,Q8_0,rankcloak,repeated_bigram_fraction,0.005967400434986894,0.0,0.012056971281085025,0.004053819489358865,0.008000045380699629,120,60,2000,payload_name,,token_128_bit_hex
quantization_by_artifact_class,Q8_0,rankcloak,surface_flag_total,1.7333333333333334,1.0,1.0430509009980429,1.5416666666666667,1.925,120,60,2000,payload_name,,token_128_bit_hex
quantization_by_artifact_class,Q8_0,rankcloak,saved_id_exact_payload_recovery,1.0,1.0,0.0,1.0,1.0,120,60,2000,payload_name,,uuid_v4
quantization_by_artifact_class,Q8_0,rankcloak,visible_text_exact_payload_recovery,0.825,1.0,0.38156026430187623,0.7664583333333334,0.8833333333333333,120,60,2000,payload_name,,uuid_v4
quantization_by_artifact_class,Q8_0,rankcloak,mean_entropy_bits,2.6768460477556673,2.675852758046016,0.41976428841792784,2.593171217369171,2.7606737755874344,120,60,2000,payload_name,,uuid_v4
quantization_by_artifact_class,Q8_0,rankcloak,mean_observed_rank,4.831105324074074,4.651041666666666,0.725690437065547,4.788191550925926,4.876418547453704,120,60,2000,payload_name,,uuid_v4
quantization_by_artifact_class,Q8_0,rankcloak,mean_token_surprisal_nats,4.040609838125635,4.015357109691983,0.44622828620794697,3.9822719857414226,4.1013341561671535,120,60,2000,payload_name,,uuid_v4
quantization_by_artifact_class,Q8_0,rankcloak,mean_rank_pressure_log_probability_gap_nats,3.2786731481000233,3.270062007009983,0.4978573058291319,3.2071346952376407,3.3539785867001584,120,60,2000,payload_name,,uuid_v4
quantization_by_artifact_class,Q8_0,rankcloak,tail_rank_frequency_gt_100,0.0,0.0,0.0,0.0,0.0,120,60,2000,payload_name,,uuid_v4
quantization_by_artifact_class,Q8_0,rankcloak,word_count,66.81666666666666,65.5,13.34480249016075,64.94979166666667,68.52520833333334,120,60,2000,payload_name,,uuid_v4
quantization_by_artifact_class,Q8_0,rankcloak,unique_word_fraction,0.8250040056947298,0.8297279214986619,0.059527149979562384,0.8148102782209646,0.8348133334147053,120,60,2000,payload_name,,uuid_v4
quantization_by_artifact_class,Q8_0,rankcloak,repeated_bigram_fraction,0.0071485458843775825,0.0,0.013176733223065189,0.00504750486898186,0.009586697074893989,120,60,2000,payload_name,,uuid_v4
quantization_by_artifact_class,Q8_0,rankcloak,surface_flag_total,2.033333333333333,2.0,1.8007156996073326,1.7497916666666666,2.3583333333333334,120,60,2000,payload_name,,uuid_v4
