source_type,trial_id,payload_name,payload_class,protocol_variant,representation_name,prompt_name,prompt_family,segment_index,token_count,character_count,line_count,whitespace_fraction,punctuation_fraction,digit_fraction,alphabetic_fraction,unique_token_fraction,repeated_token_fraction,mean_token_log_probability,median_token_log_probability,mean_generated_rank,p95_generated_rank,artifact_count_total,contains_backtick,contains_bracket_placeholder,contains_url_fragment,contains_latex_fragment,contains_html_fragment,contains_markdown_heading,contains_markdown_emphasis,contains_separator_line,notes,fraction_rank_le_16,fraction_rank_le_64
nonseg_rankcloak,nonseg_ascii_b16__paper_sha256_hex_000__ascii_bytes_fixed_radix__b16__recipe_long_specific,paper_sha256_hex_000,sha256_hex,nonseg_ascii_b16,ascii_bytes_fixed_radix,recipe_long_specific,recipe,,128,516,37,0.1976744186046511,0.1065891472868217,0.0232558139534883,0.6686046511627907,0.5703125,0.4296875,-3.9558246077549457,-3.603126765706224,5.015625,8.0,2,False,True,False,False,False,False,False,True,non-segmented exact-copy RankCloak cover,1.0,1.0
nonseg_rankcloak,nonseg_hex_nibble_b16__paper_sha256_hex_000__raw_hex_nibbles__b16__recipe_long_specific,paper_sha256_hex_000,sha256_hex,nonseg_hex_nibble_b16,raw_hex_nibbles,recipe_long_specific,recipe,,64,260,1,0.173076923076923,0.0423076923076923,0.0076923076923076,0.7615384615384615,0.859375,0.140625,-4.564438522621933,-4.432685852044847,8.5625,15.0,0,False,False,False,False,False,False,False,False,non-segmented exact-copy RankCloak cover,1.0,1.0
nonseg_rankcloak,nonseg_ascii_b16__paper_random_128_bit_hex_000__ascii_bytes_fixed_radix__b16__recipe_long_specific,paper_random_128_bit_hex_000,random_128_bit_hex,nonseg_ascii_b16,ascii_bytes_fixed_radix,recipe_long_specific,recipe,,64,281,3,0.199288256227758,0.0427046263345195,0.0,0.7580071174377224,0.859375,0.140625,-3.947489622336105,-3.623850448254316,5.109375,9.0,1,False,False,False,False,False,False,False,True,non-segmented exact-copy RankCloak cover,1.0,1.0
nonseg_rankcloak,nonseg_hex_nibble_b16__paper_random_128_bit_hex_000__raw_hex_nibbles__b16__recipe_long_specific,paper_random_128_bit_hex_000,random_128_bit_hex,nonseg_hex_nibble_b16,raw_hex_nibbles,recipe_long_specific,recipe,,32,145,1,0.1517241379310344,0.0344827586206896,0.0,0.8,0.96875,0.03125,-5.077420874068341,-4.799328455289418,7.90625,15.0,0,False,False,False,False,False,False,False,False,non-segmented exact-copy RankCloak cover,1.0,1.0
segmented_leadin,segmented_hex_single_topic_sentence_tail_filtered__paper_sha256_hex_000__raw_hex_nibbles__seg8__single_recipe_long__none__safe_text__101c2ff265,paper_sha256_hex_000,sha256_hex,segmented_hex_single_topic_sentence_tail_filtered,raw_hex_nibbles,recipe_long_specific,recipe,1.0,0,0,0,,,,,,,,,,,0,False,False,False,False,False,False,False,False,greedy lead-in ignored by decoder,,
segmented_forced_prefix,segmented_hex_single_topic_sentence_tail_filtered__paper_sha256_hex_000__raw_hex_nibbles__seg8__single_recipe_long__none__safe_text__101c2ff265,paper_sha256_hex_000,sha256_hex,segmented_hex_single_topic_sentence_tail_filtered,raw_hex_nibbles,recipe_long_specific,recipe,1.0,8,40,1,0.1,0.0,0.0,0.85,1.0,0.0,-4.910136006244565,-4.211500057992815,9.0,16.0,0,False,False,False,False,False,False,False,False,payload-bearing forced prefix,1.0,1.0
segmented_tail,segmented_hex_single_topic_sentence_tail_filtered__paper_sha256_hex_000__raw_hex_nibbles__seg8__single_recipe_long__none__safe_text__101c2ff265,paper_sha256_hex_000,sha256_hex,segmented_hex_single_topic_sentence_tail_filtered,raw_hex_nibbles,recipe_long_specific,recipe,1.0,26,102,1,0.1666666666666666,0.0294117647058823,0.0,0.803921568627451,0.8846153846153846,0.1153846153846154,-0.6467711363458873,-0.4190517311755393,1.0,1.0,0,False,False,False,False,False,False,False,False,greedy natural tail ignored by decoder,1.0,1.0
segmented_full_message,segmented_hex_single_topic_sentence_tail_filtered__paper_sha256_hex_000__raw_hex_nibbles__seg8__single_recipe_long__none__safe_text__101c2ff265,paper_sha256_hex_000,sha256_hex,segmented_hex_single_topic_sentence_tail_filtered,raw_hex_nibbles,recipe_long_specific,recipe,1.0,34,142,1,0.1478873239436619,0.0211267605633802,0.0,0.8169014084507042,0.8823529411764706,0.1176470588235294,-1.6499158116161643,-0.7356906496734545,2.8823529411764706,13.399999999999991,0,False,False,False,False,False,False,False,False,full public message including optional lead-in and tail,1.0,1.0
segmented_leadin,segmented_hex_single_topic_sentence_tail_filtered__paper_sha256_hex_000__raw_hex_nibbles__seg8__single_recipe_long__none__safe_text__101c2ff265,paper_sha256_hex_000,sha256_hex,segmented_hex_single_topic_sentence_tail_filtered,raw_hex_nibbles,recipe_long_specific,recipe,2.0,0,0,0,,,,,,,,,,,0,False,False,False,False,False,False,False,False,greedy lead-in ignored by decoder,,
segmented_forced_prefix,segmented_hex_single_topic_sentence_tail_filtered__paper_sha256_hex_000__raw_hex_nibbles__seg8__single_recipe_long__none__safe_text__101c2ff265,paper_sha256_hex_000,sha256_hex,segmented_hex_single_topic_sentence_tail_filtered,raw_hex_nibbles,recipe_long_specific,recipe,2.0,8,43,1,0.1627906976744186,0.0,0.0,0.8372093023255814,1.0,0.0,-5.428981794819999,-3.829967798001988,7.0,11.0,0,False,False,False,False,False,False,False,False,payload-bearing forced prefix,1.0,1.0
segmented_tail,segmented_hex_single_topic_sentence_tail_filtered__paper_sha256_hex_000__raw_hex_nibbles__seg8__single_recipe_long__none__safe_text__101c2ff265,paper_sha256_hex_000,sha256_hex,segmented_hex_single_topic_sentence_tail_filtered,raw_hex_nibbles,recipe_long_specific,recipe,2.0,20,83,1,0.1927710843373494,0.0240963855421686,0.0,0.7831325301204819,0.85,0.15,-0.8625205362207231,-0.9846906714196884,1.0,1.0,0,False,False,False,False,False,False,False,False,greedy natural tail ignored by decoder,1.0,1.0
segmented_full_message,segmented_hex_single_topic_sentence_tail_filtered__paper_sha256_hex_000__raw_hex_nibbles__seg8__single_recipe_long__none__safe_text__101c2ff265,paper_sha256_hex_000,sha256_hex,segmented_hex_single_topic_sentence_tail_filtered,raw_hex_nibbles,recipe_long_specific,recipe,2.0,28,126,1,0.1825396825396825,0.0158730158730158,0.0,0.8015873015873016,0.8928571428571429,0.1071428571428571,-2.1672237529633733,-1.2328921031171678,2.7142857142857144,9.949999999999996,0,False,False,False,False,False,False,False,False,full public message including optional lead-in and tail,1.0,1.0
segmented_leadin,segmented_hex_single_topic_sentence_tail_filtered__paper_sha256_hex_000__raw_hex_nibbles__seg8__single_recipe_long__none__safe_text__101c2ff265,paper_sha256_hex_000,sha256_hex,segmented_hex_single_topic_sentence_tail_filtered,raw_hex_nibbles,recipe_long_specific,recipe,3.0,0,0,0,,,,,,,,,,,0,False,False,False,False,False,False,False,False,greedy lead-in ignored by decoder,,
segmented_forced_prefix,segmented_hex_single_topic_sentence_tail_filtered__paper_sha256_hex_000__raw_hex_nibbles__seg8__single_recipe_long__none__safe_text__101c2ff265,paper_sha256_hex_000,sha256_hex,segmented_hex_single_topic_sentence_tail_filtered,raw_hex_nibbles,recipe_long_specific,recipe,3.0,8,41,2,0.1463414634146341,0.073170731707317,0.0,0.7804878048780488,1.0,0.0,-5.654680450844722,-5.159949128625996,9.375,13.65,0,False,False,False,False,False,False,False,False,payload-bearing forced prefix,1.0,1.0
segmented_tail,segmented_hex_single_topic_sentence_tail_filtered__paper_sha256_hex_000__raw_hex_nibbles__seg8__single_recipe_long__none__safe_text__101c2ff265,paper_sha256_hex_000,sha256_hex,segmented_hex_single_topic_sentence_tail_filtered,raw_hex_nibbles,recipe_long_specific,recipe,3.0,23,104,1,0.173076923076923,0.0288461538461538,0.0,0.7980769230769231,0.782608695652174,0.217391304347826,-0.6934838306992497,-0.4701988337846536,1.0,1.0,0,False,False,False,False,False,False,False,False,greedy natural tail ignored by decoder,1.0,1.0
segmented_full_message,segmented_hex_single_topic_sentence_tail_filtered__paper_sha256_hex_000__raw_hex_nibbles__seg8__single_recipe_long__none__safe_text__101c2ff265,paper_sha256_hex_000,sha256_hex,segmented_hex_single_topic_sentence_tail_filtered,raw_hex_nibbles,recipe_long_specific,recipe,3.0,31,145,2,0.1655172413793103,0.0413793103448275,0.0,0.7931034482758621,0.8387096774193549,0.1612903225806451,-1.9737926358980813,-0.8535108699620579,3.161290322580645,12.5,0,False,False,False,False,False,False,False,False,full public message including optional lead-in and tail,1.0,1.0
segmented_leadin,segmented_hex_single_topic_sentence_tail_filtered__paper_sha256_hex_000__raw_hex_nibbles__seg8__single_recipe_long__none__safe_text__101c2ff265,paper_sha256_hex_000,sha256_hex,segmented_hex_single_topic_sentence_tail_filtered,raw_hex_nibbles,recipe_long_specific,recipe,4.0,0,0,0,,,,,,,,,,,0,False,False,False,False,False,False,False,False,greedy lead-in ignored by decoder,,
segmented_forced_prefix,segmented_hex_single_topic_sentence_tail_filtered__paper_sha256_hex_000__raw_hex_nibbles__seg8__single_recipe_long__none__safe_text__101c2ff265,paper_sha256_hex_000,sha256_hex,segmented_hex_single_topic_sentence_tail_filtered,raw_hex_nibbles,recipe_long_specific,recipe,4.0,8,28,1,0.1071428571428571,0.1428571428571428,0.0,0.75,1.0,0.0,-4.1106374636279455,-3.891707885292076,8.625,14.0,1,False,False,False,False,False,False,True,False,payload-bearing forced prefix,1.0,1.0
segmented_tail,segmented_hex_single_topic_sentence_tail_filtered__paper_sha256_hex_000__raw_hex_nibbles__seg8__single_recipe_long__none__safe_text__101c2ff265,paper_sha256_hex_000,sha256_hex,segmented_hex_single_topic_sentence_tail_filtered,raw_hex_nibbles,recipe_long_specific,recipe,4.0,28,124,1,0.1693548387096774,0.032258064516129,0.0,0.7983870967741935,0.8214285714285714,0.1785714285714286,-0.5210320866032448,-0.2543691431895283,1.0,1.0,0,False,False,False,False,False,False,False,False,greedy natural tail ignored by decoder,1.0,1.0
segmented_full_message,segmented_hex_single_topic_sentence_tail_filtered__paper_sha256_hex_000__raw_hex_nibbles__seg8__single_recipe_long__none__safe_text__101c2ff265,paper_sha256_hex_000,sha256_hex,segmented_hex_single_topic_sentence_tail_filtered,raw_hex_nibbles,recipe_long_specific,recipe,4.0,36,152,1,0.1578947368421052,0.0526315789473684,0.0,0.7894736842105263,0.8055555555555556,0.1944444444444444,-1.3187221703865115,-0.4266031609227276,2.6944444444444446,11.75,1,False,False,False,False,False,False,True,False,full public message including optional lead-in and tail,1.0,1.0
segmented_leadin,segmented_hex_single_topic_sentence_tail_filtered__paper_sha256_hex_000__raw_hex_nibbles__seg8__single_recipe_long__none__safe_text__101c2ff265,paper_sha256_hex_000,sha256_hex,segmented_hex_single_topic_sentence_tail_filtered,raw_hex_nibbles,recipe_long_specific,recipe,5.0,0,0,0,,,,,,,,,,,0,False,False,False,False,False,False,False,False,greedy lead-in ignored by decoder,,
segmented_forced_prefix,segmented_hex_single_topic_sentence_tail_filtered__paper_sha256_hex_000__raw_hex_nibbles__seg8__single_recipe_long__none__safe_text__101c2ff265,paper_sha256_hex_000,sha256_hex,segmented_hex_single_topic_sentence_tail_filtered,raw_hex_nibbles,recipe_long_specific,recipe,5.0,8,44,1,0.1363636363636363,0.0227272727272727,0.0,0.8409090909090909,1.0,0.0,-4.556769188925054,-3.84684207404098,8.75,15.0,0,False,False,False,False,False,False,False,False,payload-bearing forced prefix,1.0,1.0
segmented_tail,segmented_hex_single_topic_sentence_tail_filtered__paper_sha256_hex_000__raw_hex_nibbles__seg8__single_recipe_long__none__safe_text__101c2ff265,paper_sha256_hex_000,sha256_hex,segmented_hex_single_topic_sentence_tail_filtered,raw_hex_nibbles,recipe_long_specific,recipe,5.0,24,111,1,0.1801801801801801,0.027027027027027,0.0,0.7927927927927928,0.7916666666666666,0.2083333333333333,-0.7556571910825585,-0.7209018278967871,1.0,1.0,0,False,False,False,False,False,False,False,False,greedy natural tail ignored by decoder,1.0,1.0
segmented_full_message,segmented_hex_single_topic_sentence_tail_filtered__paper_sha256_hex_000__raw_hex_nibbles__seg8__single_recipe_long__none__safe_text__101c2ff265,paper_sha256_hex_000,sha256_hex,segmented_hex_single_topic_sentence_tail_filtered,raw_hex_nibbles,recipe_long_specific,recipe,5.0,32,155,1,0.1677419354838709,0.0258064516129032,0.0,0.8064516129032258,0.8125,0.1875,-1.7059351905431823,-1.0002277182545125,2.9375,15.0,0,False,False,False,False,False,False,False,False,full public message including optional lead-in and tail,1.0,1.0
segmented_leadin,segmented_hex_single_topic_sentence_tail_filtered__paper_sha256_hex_000__raw_hex_nibbles__seg8__single_recipe_long__none__safe_text__101c2ff265,paper_sha256_hex_000,sha256_hex,segmented_hex_single_topic_sentence_tail_filtered,raw_hex_nibbles,recipe_long_specific,recipe,6.0,0,0,0,,,,,,,,,,,0,False,False,False,False,False,False,False,False,greedy lead-in ignored by decoder,,
segmented_forced_prefix,segmented_hex_single_topic_sentence_tail_filtered__paper_sha256_hex_000__raw_hex_nibbles__seg8__single_recipe_long__none__safe_text__101c2ff265,paper_sha256_hex_000,sha256_hex,segmented_hex_single_topic_sentence_tail_filtered,raw_hex_nibbles,recipe_long_specific,recipe,6.0,8,37,1,0.1891891891891892,0.0,0.0,0.8108108108108109,1.0,0.0,-6.332694395431974,-5.834770552821389,8.875,14.0,0,False,False,False,False,False,False,False,False,payload-bearing forced prefix,1.0,1.0
segmented_tail,segmented_hex_single_topic_sentence_tail_filtered__paper_sha256_hex_000__raw_hex_nibbles__seg8__single_recipe_long__none__safe_text__101c2ff265,paper_sha256_hex_000,sha256_hex,segmented_hex_single_topic_sentence_tail_filtered,raw_hex_nibbles,recipe_long_specific,recipe,6.0,23,108,1,0.1666666666666666,0.0277777777777777,0.0,0.8055555555555556,0.9130434782608696,0.0869565217391304,-0.6113335044874747,-0.407536443506995,1.0,1.0,0,False,False,False,False,False,False,False,False,greedy natural tail ignored by decoder,1.0,1.0
segmented_full_message,segmented_hex_single_topic_sentence_tail_filtered__paper_sha256_hex_000__raw_hex_nibbles__seg8__single_recipe_long__none__safe_text__101c2ff265,paper_sha256_hex_000,sha256_hex,segmented_hex_single_topic_sentence_tail_filtered,raw_hex_nibbles,recipe_long_specific,recipe,6.0,31,145,1,0.1724137931034483,0.0206896551724137,0.0,0.8068965517241379,0.9032258064516128,0.0967741935483871,-2.087813734408636,-0.7337900749560191,3.032258064516129,13.5,0,False,False,False,False,False,False,False,False,full public message including optional lead-in and tail,1.0,1.0
segmented_leadin,segmented_hex_single_topic_sentence_tail_filtered__paper_sha256_hex_000__raw_hex_nibbles__seg8__single_recipe_long__none__safe_text__101c2ff265,paper_sha256_hex_000,sha256_hex,segmented_hex_single_topic_sentence_tail_filtered,raw_hex_nibbles,recipe_long_specific,recipe,7.0,0,0,0,,,,,,,,,,,0,False,False,False,False,False,False,False,False,greedy lead-in ignored by decoder,,
segmented_forced_prefix,segmented_hex_single_topic_sentence_tail_filtered__paper_sha256_hex_000__raw_hex_nibbles__seg8__single_recipe_long__none__safe_text__101c2ff265,paper_sha256_hex_000,sha256_hex,segmented_hex_single_topic_sentence_tail_filtered,raw_hex_nibbles,recipe_long_specific,recipe,7.0,8,46,2,0.0869565217391304,0.108695652173913,0.0,0.8043478260869565,0.875,0.125,-4.619605205389147,-4.582048476507962,9.0,14.3,1,False,False,False,False,False,False,True,False,payload-bearing forced prefix,1.0,1.0
segmented_tail,segmented_hex_single_topic_sentence_tail_filtered__paper_sha256_hex_000__raw_hex_nibbles__seg8__single_recipe_long__none__safe_text__101c2ff265,paper_sha256_hex_000,sha256_hex,segmented_hex_single_topic_sentence_tail_filtered,raw_hex_nibbles,recipe_long_specific,recipe,7.0,23,99,1,0.1818181818181818,0.0303030303030303,0.0,0.7878787878787878,0.8695652173913043,0.1304347826086956,-0.4719561882000431,-0.2673893733209738,1.0,1.0,0,False,False,False,False,False,False,False,False,greedy natural tail ignored by decoder,1.0,1.0
segmented_full_message,segmented_hex_single_topic_sentence_tail_filtered__paper_sha256_hex_000__raw_hex_nibbles__seg8__single_recipe_long__none__safe_text__101c2ff265,paper_sha256_hex_000,sha256_hex,segmented_hex_single_topic_sentence_tail_filtered,raw_hex_nibbles,recipe_long_specific,recipe,7.0,31,145,2,0.1517241379310344,0.0551724137931034,0.0,0.7931034482758621,0.8709677419354839,0.1290322580645161,-1.5423172248940056,-0.5926349303874687,3.064516129032258,12.0,1,False,False,False,False,False,False,True,False,full public message including optional lead-in and tail,1.0,1.0
segmented_leadin,segmented_hex_single_topic_sentence_tail_filtered__paper_sha256_hex_000__raw_hex_nibbles__seg8__single_recipe_long__none__safe_text__101c2ff265,paper_sha256_hex_000,sha256_hex,segmented_hex_single_topic_sentence_tail_filtered,raw_hex_nibbles,recipe_long_specific,recipe,8.0,0,0,0,,,,,,,,,,,0,False,False,False,False,False,False,False,False,greedy lead-in ignored by decoder,,
segmented_forced_prefix,segmented_hex_single_topic_sentence_tail_filtered__paper_sha256_hex_000__raw_hex_nibbles__seg8__single_recipe_long__none__safe_text__101c2ff265,paper_sha256_hex_000,sha256_hex,segmented_hex_single_topic_sentence_tail_filtered,raw_hex_nibbles,recipe_long_specific,recipe,8.0,8,43,1,0.1627906976744186,0.0,0.0,0.8372093023255814,1.0,0.0,-4.4694968750914095,-4.3292269647628,7.875,13.3,0,False,False,False,False,False,False,False,False,payload-bearing forced prefix,1.0,1.0
segmented_tail,segmented_hex_single_topic_sentence_tail_filtered__paper_sha256_hex_000__raw_hex_nibbles__seg8__single_recipe_long__none__safe_text__101c2ff265,paper_sha256_hex_000,sha256_hex,segmented_hex_single_topic_sentence_tail_filtered,raw_hex_nibbles,recipe_long_specific,recipe,8.0,27,125,1,0.16,0.024,0.0,0.816,0.7777777777777778,0.2222222222222222,-0.5522738851367122,-0.3145700941686655,1.0,1.0,0,False,False,False,False,False,False,False,False,greedy natural tail ignored by decoder,1.0,1.0
segmented_full_message,segmented_hex_single_topic_sentence_tail_filtered__paper_sha256_hex_000__raw_hex_nibbles__seg8__single_recipe_long__none__safe_text__101c2ff265,paper_sha256_hex_000,sha256_hex,segmented_hex_single_topic_sentence_tail_filtered,raw_hex_nibbles,recipe_long_specific,recipe,8.0,35,168,1,0.1607142857142857,0.0178571428571428,0.0,0.8214285714285714,0.8285714285714286,0.1714285714285713,-1.4476391399834998,-0.6645883592646733,2.571428571428572,12.0,0,False,False,False,False,False,False,False,False,full public message including optional lead-in and tail,1.0,1.0
segmented_leadin,segmented_hex_single_topic_sentence_tail_filtered__paper_random_128_bit_hex_000__raw_hex_nibbles__seg8__single_recipe_long__none__sa__a218b58ef8,paper_random_128_bit_hex_000,random_128_bit_hex,segmented_hex_single_topic_sentence_tail_filtered,raw_hex_nibbles,recipe_long_specific,recipe,1.0,0,0,0,,,,,,,,,,,0,False,False,False,False,False,False,False,False,greedy lead-in ignored by decoder,,
segmented_forced_prefix,segmented_hex_single_topic_sentence_tail_filtered__paper_random_128_bit_hex_000__raw_hex_nibbles__seg8__single_recipe_long__none__sa__a218b58ef8,paper_random_128_bit_hex_000,random_128_bit_hex,segmented_hex_single_topic_sentence_tail_filtered,raw_hex_nibbles,recipe_long_specific,recipe,1.0,8,40,1,0.175,0.0,0.0,0.825,1.0,0.0,-5.074547952197023,-5.597449722992192,6.625,12.249999999999996,0,False,False,False,False,False,False,False,False,payload-bearing forced prefix,1.0,1.0
segmented_tail,segmented_hex_single_topic_sentence_tail_filtered__paper_random_128_bit_hex_000__raw_hex_nibbles__seg8__single_recipe_long__none__sa__a218b58ef8,paper_random_128_bit_hex_000,random_128_bit_hex,segmented_hex_single_topic_sentence_tail_filtered,raw_hex_nibbles,recipe_long_specific,recipe,1.0,48,185,1,0.1783783783783784,0.0594594594594594,0.0,0.7621621621621621,0.8125,0.1875,-0.6729473945751522,-0.5894897094236651,1.0,1.0,0,False,False,False,False,False,False,False,False,greedy natural tail ignored by decoder,1.0,1.0
segmented_full_message,segmented_hex_single_topic_sentence_tail_filtered__paper_random_128_bit_hex_000__raw_hex_nibbles__seg8__single_recipe_long__none__sa__a218b58ef8,paper_random_128_bit_hex_000,random_128_bit_hex,segmented_hex_single_topic_sentence_tail_filtered,raw_hex_nibbles,recipe_long_specific,recipe,1.0,56,225,1,0.1777777777777777,0.0488888888888888,0.0,0.7733333333333333,0.8035714285714286,0.1964285714285714,-1.3017474742354194,-0.7339058497181838,1.8035714285714288,8.0,0,False,False,False,False,False,False,False,False,full public message including optional lead-in and tail,1.0,1.0
segmented_leadin,segmented_hex_single_topic_sentence_tail_filtered__paper_random_128_bit_hex_000__raw_hex_nibbles__seg8__single_recipe_long__none__sa__a218b58ef8,paper_random_128_bit_hex_000,random_128_bit_hex,segmented_hex_single_topic_sentence_tail_filtered,raw_hex_nibbles,recipe_long_specific,recipe,2.0,0,0,0,,,,,,,,,,,0,False,False,False,False,False,False,False,False,greedy lead-in ignored by decoder,,
segmented_forced_prefix,segmented_hex_single_topic_sentence_tail_filtered__paper_random_128_bit_hex_000__raw_hex_nibbles__seg8__single_recipe_long__none__sa__a218b58ef8,paper_random_128_bit_hex_000,random_128_bit_hex,segmented_hex_single_topic_sentence_tail_filtered,raw_hex_nibbles,recipe_long_specific,recipe,2.0,8,33,1,0.1818181818181818,0.0,0.0,0.8181818181818182,1.0,0.0,-5.049665207797574,-4.8655515190915,8.375,14.3,0,False,False,False,False,False,False,False,False,payload-bearing forced prefix,1.0,1.0
segmented_tail,segmented_hex_single_topic_sentence_tail_filtered__paper_random_128_bit_hex_000__raw_hex_nibbles__seg8__single_recipe_long__none__sa__a218b58ef8,paper_random_128_bit_hex_000,random_128_bit_hex,segmented_hex_single_topic_sentence_tail_filtered,raw_hex_nibbles,recipe_long_specific,recipe,2.0,27,110,1,0.209090909090909,0.0272727272727272,0.0,0.7636363636363637,0.8518518518518519,0.1481481481481481,-0.6123154329791647,-0.4580696648724185,1.0,1.0,0,False,False,False,False,False,False,False,False,greedy natural tail ignored by decoder,1.0,1.0
segmented_full_message,segmented_hex_single_topic_sentence_tail_filtered__paper_random_128_bit_hex_000__raw_hex_nibbles__seg8__single_recipe_long__none__sa__a218b58ef8,paper_random_128_bit_hex_000,random_128_bit_hex,segmented_hex_single_topic_sentence_tail_filtered,raw_hex_nibbles,recipe_long_specific,recipe,2.0,35,143,1,0.2027972027972027,0.0209790209790209,0.0,0.7762237762237763,0.8285714285714286,0.1714285714285713,-1.626566810080515,-0.7758118522655018,2.685714285714285,10.899999999999991,0,False,False,False,False,False,False,False,False,full public message including optional lead-in and tail,1.0,1.0
segmented_leadin,segmented_hex_single_topic_sentence_tail_filtered__paper_random_128_bit_hex_000__raw_hex_nibbles__seg8__single_recipe_long__none__sa__a218b58ef8,paper_random_128_bit_hex_000,random_128_bit_hex,segmented_hex_single_topic_sentence_tail_filtered,raw_hex_nibbles,recipe_long_specific,recipe,3.0,0,0,0,,,,,,,,,,,0,False,False,False,False,False,False,False,False,greedy lead-in ignored by decoder,,
segmented_forced_prefix,segmented_hex_single_topic_sentence_tail_filtered__paper_random_128_bit_hex_000__raw_hex_nibbles__seg8__single_recipe_long__none__sa__a218b58ef8,paper_random_128_bit_hex_000,random_128_bit_hex,segmented_hex_single_topic_sentence_tail_filtered,raw_hex_nibbles,recipe_long_specific,recipe,3.0,8,34,1,0.1176470588235294,0.0294117647058823,0.0,0.8529411764705882,1.0,0.0,-5.502582779282761,-5.197877352040594,7.5,13.599999999999998,0,False,False,False,False,False,False,False,False,payload-bearing forced prefix,1.0,1.0
segmented_tail,segmented_hex_single_topic_sentence_tail_filtered__paper_random_128_bit_hex_000__raw_hex_nibbles__seg8__single_recipe_long__none__sa__a218b58ef8,paper_random_128_bit_hex_000,random_128_bit_hex,segmented_hex_single_topic_sentence_tail_filtered,raw_hex_nibbles,recipe_long_specific,recipe,3.0,25,102,1,0.1862745098039215,0.0392156862745098,0.0,0.7745098039215687,0.88,0.12,-0.7826039402804068,-0.7164531742182341,1.0,1.0,0,False,False,False,False,False,False,False,False,greedy natural tail ignored by decoder,1.0,1.0
segmented_full_message,segmented_hex_single_topic_sentence_tail_filtered__paper_random_128_bit_hex_000__raw_hex_nibbles__seg8__single_recipe_long__none__sa__a218b58ef8,paper_random_128_bit_hex_000,random_128_bit_hex,segmented_hex_single_topic_sentence_tail_filtered,raw_hex_nibbles,recipe_long_specific,recipe,3.0,33,136,1,0.1691176470588235,0.0367647058823529,0.0,0.7941176470588235,0.9090909090909092,0.0909090909090909,-1.926841234584008,-0.9671083844097376,2.575757575757576,10.4,0,False,False,False,False,False,False,False,False,full public message including optional lead-in and tail,1.0,1.0
segmented_leadin,segmented_hex_single_topic_sentence_tail_filtered__paper_random_128_bit_hex_000__raw_hex_nibbles__seg8__single_recipe_long__none__sa__a218b58ef8,paper_random_128_bit_hex_000,random_128_bit_hex,segmented_hex_single_topic_sentence_tail_filtered,raw_hex_nibbles,recipe_long_specific,recipe,4.0,0,0,0,,,,,,,,,,,0,False,False,False,False,False,False,False,False,greedy lead-in ignored by decoder,,
segmented_forced_prefix,segmented_hex_single_topic_sentence_tail_filtered__paper_random_128_bit_hex_000__raw_hex_nibbles__seg8__single_recipe_long__none__sa__a218b58ef8,paper_random_128_bit_hex_000,random_128_bit_hex,segmented_hex_single_topic_sentence_tail_filtered,raw_hex_nibbles,recipe_long_specific,recipe,4.0,8,41,3,0.1463414634146341,0.1219512195121951,0.0,0.7317073170731707,1.0,0.0,-4.155212212243464,-4.17955776608307,9.125,15.65,1,False,False,False,False,False,False,False,True,payload-bearing forced prefix,1.0,1.0
segmented_tail,segmented_hex_single_topic_sentence_tail_filtered__paper_random_128_bit_hex_000__raw_hex_nibbles__seg8__single_recipe_long__none__sa__a218b58ef8,paper_random_128_bit_hex_000,random_128_bit_hex,segmented_hex_single_topic_sentence_tail_filtered,raw_hex_nibbles,recipe_long_specific,recipe,4.0,50,195,1,0.1743589743589743,0.0256410256410256,0.0,0.8,0.72,0.28,-0.5591332243626923,-0.3384652228220322,1.0,1.0,0,False,False,False,False,False,False,False,False,greedy natural tail ignored by decoder,1.0,1.0
segmented_full_message,segmented_hex_single_topic_sentence_tail_filtered__paper_random_128_bit_hex_000__raw_hex_nibbles__seg8__single_recipe_long__none__sa__a218b58ef8,paper_random_128_bit_hex_000,random_128_bit_hex,segmented_hex_single_topic_sentence_tail_filtered,raw_hex_nibbles,recipe_long_specific,recipe,4.0,58,236,3,0.1694915254237288,0.0423728813559322,0.0,0.788135593220339,0.7586206896551724,0.2413793103448276,-1.0551441192427986,-0.5424443167411983,2.1206896551724137,11.0,1,False,False,False,False,False,False,False,True,full public message including optional lead-in and tail,1.0,1.0
baseline,baseline__recipe_long_specific__tokens__34,,,baseline_greedy,,recipe_long_specific,recipe,,34,147,1,0.1700680272108843,0.0272108843537414,0.0,0.8027210884353742,0.8529411764705882,0.1470588235294118,-0.6493426204298798,-0.4725411854496268,1.0,1.0,0,False,False,False,False,False,False,False,False,ordinary greedy baseline matched approximately by token count,1.0,1.0
baseline,baseline__recipe_long_specific__tokens__48,,,baseline_greedy,,recipe_long_specific,recipe,,48,202,1,0.1782178217821782,0.0346534653465346,0.0,0.7871287128712872,0.7916666666666666,0.2083333333333333,-0.589532455885062,-0.4222529923472997,1.0,1.0,0,False,False,False,False,False,False,False,False,ordinary greedy baseline matched approximately by token count,1.0,1.0
baseline,baseline__recipe_long_specific__tokens__96,,,baseline_greedy,,recipe_long_specific,recipe,,96,431,1,0.18329466357308585,0.027842227378190254,0.0,0.7888631090487239,0.6979166666666666,0.30208333333333337,-0.5133115831536582,-0.33831028653088246,1.0,1.0,0,False,False,False,False,False,False,False,False,ordinary greedy baseline matched approximately by token count,1.0,1.0
